Date,State,DailyCases,Deaths,Recovered,Vaccinated,Population,Vax_pct
2021-01-01,Telangana,208,4,170,21842,32606740,0.07
2021-01-02,Telangana,443,9,361,36903,32606740,0.11
2021-01-03,Telangana,636,12,519,82676,32606740,0.25
2021-01-04,Telangana,197,4,161,97826,32606740,0.3
2021-01-05,Telangana,94,2,77,128531,32606740,0.39
2021-01-06,Telangana,372,7,303,135364,32606740,0.42
2021-01-07,Telangana,261,5,213,158166,32606740,0.49
2021-01-08,Telangana,904,18,737,199899,32606740,0.61
2021-01-09,Telangana,387,8,316,233500,32606740,0.72
2021-01-10,Telangana,645,13,526,247631,32606740,0.76
2021-01-11,Telangana,957,19,780,296224,32606740,0.91
2021-01-12,Telangana,1096,21,894,336336,32606740,1.03
2021-01-13,Telangana,828,16,675,356455,32606740,1.09
2021-01-14,Telangana,937,18,764,405127,32606740,1.24
2021-01-15,Telangana,576,11,470,414493,32606740,1.27
2021-01-16,Telangana,1252,24,1021,431091,32606740,1.32
2021-01-17,Telangana,1391,27,1134,477618,32606740,1.46
2021-01-18,Telangana,523,10,426,526129,32606740,1.61
2021-01-19,Telangana,1689,33,1377,567285,32606740,1.74
2021-01-20,Telangana,1031,20,841,576845,32606740,1.77
2021-01-21,Telangana,1505,29,1227,587770,32606740,1.8
2021-01-22,Telangana,1440,28,1174,620142,32606740,1.9
2021-01-23,Telangana,1495,29,1219,622939,32606740,1.91
2021-01-24,Telangana,1552,30,1265,672498,32606740,2.06
2021-01-25,Telangana,1423,28,1160,719569,32606740,2.21
2021-01-26,Telangana,1991,39,1623,759987,32606740,2.33
2021-01-27,Telangana,1867,36,1522,808395,32606740,2.48
2021-01-28,Telangana,1686,33,1375,819880,32606740,2.51
2021-01-29,Telangana,1900,37,1549,863943,32606740,2.65
2021-01-30,Telangana,1962,38,1600,876809,32606740,2.69
2021-01-31,Telangana,2339,46,1907,882868,32606740,2.71
2021-02-01,Telangana,2795,55,2279,895989,32606740,2.75
2021-02-02,Telangana,2598,51,2118,934727,32606740,2.87
2021-02-03,Telangana,3274,64,2669,981876,32606740,3.01
2021-02-04,Telangana,3123,61,2546,1012472,32606740,3.11
2021-02-05,Telangana,3258,64,2656,1024742,32606740,3.14
2021-02-06,Telangana,3545,69,2890,1054784,32606740,3.23
2021-02-07,Telangana,4163,81,3394,1080264,32606740,3.31
2021-02-08,Telangana,3546,69,2891,1106161,32606740,3.39
2021-02-09,Telangana,4678,91,3814,1123655,32606740,3.45
2021-02-10,Telangana,4702,92,3834,1130589,32606740,3.47
2021-02-11,Telangana,4650,91,3791,1148652,32606740,3.52
2021-02-12,Telangana,5265,103,4293,1193171,32606740,3.66
2021-02-13,Telangana,5077,99,4140,1213581,32606740,3.72
2021-02-14,Telangana,5534,108,4512,1214617,32606740,3.73
2021-02-15,Telangana,5571,109,4542,1231869,32606740,3.78
2021-02-16,Telangana,6321,123,5154,1254918,32606740,3.85
2021-02-17,Telangana,6127,120,4996,1284914,32606740,3.94
2021-02-18,Telangana,6644,130,5417,1316995,32606740,4.04
2021-02-19,Telangana,7195,140,5866,1338268,32606740,4.1
2021-02-20,Telangana,7649,149,6237,1345427,32606740,4.13
2021-02-21,Telangana,7444,145,6070,1367477,32606740,4.19
2021-02-22,Telangana,8285,162,6755,1367642,32606740,4.19
2021-02-23,Telangana,8145,159,6641,1392941,32606740,4.27
2021-02-24,Telangana,8188,160,6676,1415200,32606740,4.34
2021-02-25,Telangana,9014,176,7350,1433008,32606740,4.39
2021-02-26,Telangana,9907,193,8078,1466100,32606740,4.5
2021-02-27,Telangana,10085,197,8223,1503827,32606740,4.61
2021-02-28,Telangana,10372,202,8457,1517019,32606740,4.65
2021-03-01,Telangana,11006,215,8974,1542193,32606740,4.73
2021-03-02,Telangana,11465,224,9348,1567679,32606740,4.81
2021-03-03,Telangana,12127,237,9888,1593139,32606740,4.89
2021-03-04,Telangana,11952,233,9745,1613303,32606740,4.95
2021-03-05,Telangana,12913,252,10529,1623795,32606740,4.98
2021-03-06,Telangana,13501,263,11008,1632368,32606740,5.01
2021-03-07,Telangana,13586,265,11077,1633909,32606740,5.01
2021-03-08,Telangana,14126,276,11518,1636516,32606740,5.02
2021-03-09,Telangana,14987,292,12220,1676979,32606740,5.14
2021-03-10,Telangana,15667,306,12774,1680478,32606740,5.15
2021-03-11,Telangana,16248,317,13248,1723252,32606740,5.28
2021-03-12,Telangana,16668,325,13590,1768077,32606740,5.42
2021-03-13,Telangana,17257,337,14071,1780139,32606740,5.46
2021-03-14,Telangana,17930,350,14619,1802287,32606740,5.53
2021-03-15,Telangana,18760,366,15296,1820288,32606740,5.58
2021-03-16,Telangana,19676,384,16043,1839980,32606740,5.64
2021-03-17,Telangana,19278,376,15718,1857880,32606740,5.7
2021-03-18,Telangana,20781,405,16944,1875001,32606740,5.75
2021-03-19,Telangana,21219,414,17301,1909211,32606740,5.86
2021-03-20,Telangana,22076,431,18000,1929844,32606740,5.92
2021-03-21,Telangana,22948,448,18711,1939205,32606740,5.95
2021-03-22,Telangana,23046,450,18791,1958146,32606740,6.01
2021-03-23,Telangana,24242,473,19766,2007081,32606740,6.16
2021-03-24,Telangana,24274,474,19792,2056471,32606740,6.31
2021-03-25,Telangana,25385,495,20698,2059564,32606740,6.32
2021-03-26,Telangana,25975,507,21179,2088353,32606740,6.4
2021-03-27,Telangana,26765,522,21823,2137041,32606740,6.55
2021-03-28,Telangana,27162,530,22147,2146735,32606740,6.58
2021-03-29,Telangana,28298,552,23073,2150174,32606740,6.59
2021-03-30,Telangana,29353,573,23933,2160773,32606740,6.63
2021-03-31,Telangana,29296,572,23887,2176648,32606740,6.68
2021-04-01,Telangana,30355,592,24750,2223381,32606740,6.82
2021-04-02,Telangana,31263,610,25490,2235915,32606740,6.86
2021-04-03,Telangana,31625,617,25786,2252514,32606740,6.91
2021-04-04,Telangana,32826,640,26765,2265495,32606740,6.95
2021-04-05,Telangana,32989,644,26898,2285072,32606740,7.01
2021-04-06,Telangana,33780,659,27543,2334805,32606740,7.16
2021-04-07,Telangana,34207,667,27891,2338995,32606740,7.17
2021-04-08,Telangana,35228,687,28723,2361912,32606740,7.24
2021-04-09,Telangana,35869,700,29246,2392607,32606740,7.34
2021-04-10,Telangana,36729,717,29947,2398582,32606740,7.36
2021-04-11,Telangana,37008,722,30175,2400803,32606740,7.36
2021-04-12,Telangana,37647,735,30696,2449916,32606740,7.51
2021-04-13,Telangana,38632,754,31499,2463375,32606740,7.55
2021-04-14,Telangana,39543,772,32242,2475508,32606740,7.59
2021-04-15,Telangana,39932,779,32559,2492940,32606740,7.65
2021-04-16,Telangana,40904,798,33351,2496567,32606740,7.66
2021-04-17,Telangana,41110,802,33519,2503914,32606740,7.68
2021-04-18,Telangana,41678,813,33982,2505123,32606740,7.68
2021-04-19,Telangana,42291,825,34482,2531865,32606740,7.76
2021-04-20,Telangana,43084,841,35129,2555026,32606740,7.84
2021-04-21,Telangana,43542,850,35502,2568729,32606740,7.88
2021-04-22,Telangana,43363,846,35356,2614645,32606740,8.02
2021-04-23,Telangana,44429,867,36225,2629908,32606740,8.07
2021-04-24,Telangana,44751,873,36488,2630756,32606740,8.07
2021-04-25,Telangana,45079,880,36755,2635739,32606740,8.08
2021-04-26,Telangana,45052,879,36733,2671997,32606740,8.19
2021-04-27,Telangana,45549,889,37139,2698659,32606740,8.28
2021-04-28,Telangana,46311,904,37760,2711680,32606740,8.32
2021-04-29,Telangana,46370,905,37808,2724051,32606740,8.35
2021-04-30,Telangana,47076,919,38384,2735004,32606740,8.39
2021-05-01,Telangana,47743,932,38928,2756097,32606740,8.45
2021-05-02,Telangana,47684,930,38879,2791286,32606740,8.56
2021-05-03,Telangana,48193,940,39294,2823191,32606740,8.66
2021-05-04,Telangana,48137,939,39249,2860584,32606740,8.77
2021-05-05,Telangana,48816,952,39802,2862646,32606740,8.78
2021-05-06,Telangana,49128,959,40057,2890596,32606740,8.87
2021-05-07,Telangana,48778,952,39771,2928818,32606740,8.98
2021-05-08,Telangana,49189,960,40107,2938930,32606740,9.01
2021-05-09,Telangana,49223,960,40134,2968069,32606740,9.1
2021-05-10,Telangana,49926,974,40707,2968384,32606740,9.1
2021-05-11,Telangana,49973,975,40746,3013876,32606740,9.24
2021-05-12,Telangana,50041,976,40801,3050739,32606740,9.36
2021-05-13,Telangana,50131,978,40875,3081889,32606740,9.45
2021-05-14,Telangana,50362,983,41063,3111869,32606740,9.54
2021-05-15,Telangana,50446,984,41131,3145367,32606740,9.65
2021-05-16,Telangana,50255,981,40976,3166494,32606740,9.71
2021-05-17,Telangana,50258,981,40978,3214838,32606740,9.86
2021-05-18,Telangana,50459,985,41142,3225517,32606740,9.89
2021-05-19,Telangana,50433,984,41121,3266046,32606740,10.02
2021-05-20,Telangana,51107,997,41670,3304142,32606740,10.13
2021-05-21,Telangana,50359,983,41061,3346020,32606740,10.26
2021-05-22,Telangana,50533,986,41202,3349564,32606740,10.27
2021-05-23,Telangana,50546,986,41213,3371820,32606740,10.34
2021-05-24,Telangana,50774,991,41399,3403955,32606740,10.44
2021-05-25,Telangana,50048,977,40807,3434900,32606740,10.53
2021-05-26,Telangana,50621,988,41274,3469319,32606740,10.64
2021-05-27,Telangana,50094,977,40844,3501032,32606740,10.74
2021-05-28,Telangana,50799,991,41419,3512194,32606740,10.77
2021-05-29,Telangana,50061,977,40818,3553589,32606740,10.9
2021-05-30,Telangana,49481,965,40345,3577755,32606740,10.97
2021-05-31,Telangana,49682,969,40509,3626289,32606740,11.12
2021-06-01,Telangana,50029,976,40791,3652298,32606740,11.2
2021-06-02,Telangana,49537,967,40390,3679173,32606740,11.28
2021-06-03,Telangana,49376,963,40259,3708737,32606740,11.37
2021-06-04,Telangana,49489,966,40351,3752291,32606740,11.51
2021-06-05,Telangana,49049,957,39992,3797350,32606740,11.65
2021-06-06,Telangana,48968,955,39926,3826585,32606740,11.74
2021-06-07,Telangana,48628,949,39649,3853905,32606740,11.82
2021-06-08,Telangana,49312,962,40207,3856629,32606740,11.83
2021-06-09,Telangana,48311,943,39391,3859994,32606740,11.84
2021-06-10,Telangana,48616,949,39639,3896819,32606740,11.95
2021-06-11,Telangana,48602,948,39628,3914067,32606740,12.0
2021-06-12,Telangana,48352,943,39424,3935902,32606740,12.07
2021-06-13,Telangana,47883,934,39042,3967318,32606740,12.17
2021-06-14,Telangana,47870,934,39031,3978410,32606740,12.2
2021-06-15,Telangana,48244,941,39336,3995067,32606740,12.25
2021-06-16,Telangana,47778,932,38956,3997213,32606740,12.26
2021-06-17,Telangana,47325,923,38587,4035610,32606740,12.38
2021-06-18,Telangana,48006,937,39142,4061035,32606740,12.45
2021-06-19,Telangana,47581,928,38795,4070530,32606740,12.48
2021-06-20,Telangana,47995,936,39133,4100334,32606740,12.58
2021-06-21,Telangana,47719,931,38908,4107484,32606740,12.6
2021-06-22,Telangana,47690,931,38884,4146518,32606740,12.72
2021-06-23,Telangana,47777,932,38955,4158069,32606740,12.75
2021-06-24,Telangana,47428,925,38671,4171585,32606740,12.79
2021-06-25,Telangana,47542,928,38764,4215389,32606740,12.93
2021-06-26,Telangana,47745,932,38929,4252539,32606740,13.04
2021-06-27,Telangana,47525,927,38750,4286585,32606740,13.15
2021-06-28,Telangana,48140,939,39251,4316677,32606740,13.24
2021-06-29,Telangana,47904,935,39059,4342679,32606740,13.32
2021-06-30,Telangana,47645,930,38848,4352279,32606740,13.35
2021-07-01,Telangana,48008,937,39144,4367295,32606740,13.39
2021-07-02,Telangana,48315,943,39394,4415428,32606740,13.54
2021-07-03,Telangana,48272,942,39359,4461357,32606740,13.68
2021-07-04,Telangana,48660,949,39675,4497676,32606740,13.79
2021-07-05,Telangana,48858,953,39837,4542114,32606740,13.93
2021-07-06,Telangana,49565,967,40413,4582322,32606740,14.05
2021-07-07,Telangana,49360,963,40246,4602292,32606740,14.11
2021-07-08,Telangana,48705,950,39712,4638067,32606740,14.22
2021-07-09,Telangana,49281,962,40182,4675703,32606740,14.34
2021-07-10,Telangana,49512,966,40370,4682620,32606740,14.36
2021-07-11,Telangana,49978,975,40750,4728298,32606740,14.5
2021-07-12,Telangana,49749,971,40563,4752949,32606740,14.58
2021-07-13,Telangana,50103,978,40852,4768616,32606740,14.62
2021-07-14,Telangana,50130,978,40874,4792321,32606740,14.7
2021-07-15,Telangana,50572,987,41234,4808756,32606740,14.75
2021-07-16,Telangana,50840,992,41453,4825381,32606740,14.8
2021-07-17,Telangana,51180,999,41730,4852671,32606740,14.88
2021-07-18,Telangana,51188,999,41736,4902552,32606740,15.04
2021-07-19,Telangana,52115,1017,42492,4922970,32606740,15.1
2021-07-20,Telangana,52242,1019,42596,4933704,32606740,15.13
2021-07-21,Telangana,51951,1014,42359,4971777,32606740,15.25
2021-07-22,Telangana,52682,1028,42955,4986525,32606740,15.29
2021-07-23,Telangana,52495,1024,42802,5013371,32606740,15.38
2021-07-24,Telangana,53660,1047,43752,5026045,32606740,15.41
2021-07-25,Telangana,54035,1054,44058,5036637,32606740,15.45
2021-07-26,Telangana,53828,1050,43889,5049236,32606740,15.49
2021-07-27,Telangana,53882,1051,43933,5067055,32606740,15.54
2021-07-28,Telangana,54231,1058,44218,5114832,32606740,15.69
2021-07-29,Telangana,54584,1065,44505,5148393,32606740,15.79
2021-07-30,Telangana,54975,1073,44824,5183177,32606740,15.9
2021-07-31,Telangana,55701,1087,45416,5185848,32606740,15.9
2021-08-01,Telangana,55855,1090,45542,5186392,32606740,15.91
2021-08-02,Telangana,56133,1095,45768,5203500,32606740,15.96
2021-08-03,Telangana,56160,1096,45790,5247881,32606740,16.09
2021-08-04,Telangana,56022,1093,45678,5248685,32606740,16.1
2021-08-05,Telangana,56389,1100,45977,5286991,32606740,16.21
2021-08-06,Telangana,56882,1110,46379,5328034,32606740,16.34
2021-08-07,Telangana,56738,1107,46262,5341928,32606740,16.38
2021-08-08,Telangana,57413,1120,46812,5347787,32606740,16.4
2021-08-09,Telangana,57777,1127,47109,5355460,32606740,16.42
2021-08-10,Telangana,57901,1130,47210,5359320,32606740,16.44
2021-08-11,Telangana,58079,1133,47355,5401501,32606740,16.57
2021-08-12,Telangana,57545,1123,46920,5440830,32606740,16.69
2021-08-13,Telangana,58668,1145,47835,5474467,32606740,16.79
2021-08-14,Telangana,57948,1131,47248,5478942,32606740,16.8
2021-08-15,Telangana,58507,1142,47704,5526450,32606740,16.95
2021-08-16,Telangana,58858,1148,47990,5560663,32606740,17.05
2021-08-17,Telangana,58884,1149,48011,5602062,32606740,17.18
2021-08-18,Telangana,58481,1141,47683,5621055,32606740,17.24
2021-08-19,Telangana,58606,1143,47785,5630942,32606740,17.27
2021-08-20,Telangana,59076,1153,48168,5672026,32606740,17.4
2021-08-21,Telangana,59180,1155,48253,5674595,32606740,17.4
2021-08-22,Telangana,58714,1146,47873,5683737,32606740,17.43
2021-08-23,Telangana,59164,1154,48240,5691420,32606740,17.45
2021-08-24,Telangana,58574,1143,47759,5695640,32606740,17.47
2021-08-25,Telangana,59179,1155,48252,5723198,32606740,17.55
2021-08-26,Telangana,58671,1145,47838,5734618,32606740,17.59
2021-08-27,Telangana,58885,1149,48012,5782923,32606740,17.74
2021-08-28,Telangana,58740,1146,47894,5829529,32606740,17.88
2021-08-29,Telangana,59001,1151,48107,5837950,32606740,17.9
2021-08-30,Telangana,58592,1143,47773,5879406,32606740,18.03
2021-08-31,Telangana,58186,1135,47442,5881360,32606740,18.04
2021-09-01,Telangana,58300,1138,47535,5895649,32606740,18.08
2021-09-02,Telangana,58642,1144,47814,5928642,32606740,18.18
2021-09-03,Telangana,58009,1132,47298,5938947,32606740,18.21
2021-09-04,Telangana,57536,1123,46912,5942847,32606740,18.23
2021-09-05,Telangana,57052,1113,46518,5950689,32606740,18.25
2021-09-06,Telangana,56845,1109,46349,5983620,32606740,18.35
2021-09-07,Telangana,56943,1111,46429,5994680,32606740,18.38
2021-09-08,Telangana,56164,1096,45794,6006977,32606740,18.42
2021-09-09,Telangana,56101,1095,45742,6017229,32606740,18.45
2021-09-10,Telangana,56184,1096,45810,6061321,32606740,18.59
2021-09-11,Telangana,55431,1082,45196,6105730,32606740,18.73
2021-09-12,Telangana,54678,1067,44582,6145977,32606740,18.85
2021-09-13,Telangana,55253,1078,45051,6146976,32606740,18.85
2021-09-14,Telangana,54709,1067,44607,6159502,32606740,18.89
2021-09-15,Telangana,53893,1052,43942,6203508,32606740,19.03
2021-09-16,Telangana,53672,1047,43762,6231207,32606740,19.11
2021-09-17,Telangana,52739,1029,43001,6233278,32606740,19.12
2021-09-18,Telangana,52551,1025,42848,6245732,32606740,19.15
2021-09-19,Telangana,51705,1009,42158,6287073,32606740,19.28
2021-09-20,Telangana,50910,993,41510,6331022,32606740,19.42
2021-09-21,Telangana,51563,1006,42042,6352309,32606740,19.48
2021-09-22,Telangana,49819,972,40620,6359888,32606740,19.5
2021-09-23,Telangana,49773,971,40583,6363748,32606740,19.52
2021-09-24,Telangana,49198,960,40114,6375014,32606740,19.55
2021-09-25,Telangana,48684,950,39695,6414964,32606740,19.67
2021-09-26,Telangana,47908,935,39062,6456293,32606740,19.8
2021-09-27,Telangana,47305,923,38570,6469114,32606740,19.84
2021-09-28,Telangana,46753,912,38120,6517980,32606740,19.99
2021-09-29,Telangana,46229,902,37693,6561881,32606740,20.12
2021-09-30,Telangana,45448,887,37056,6611256,32606740,20.28
2021-10-01,Telangana,44783,874,36514,6648868,32606740,20.39
2021-10-02,Telangana,43754,854,35675,6677517,32606740,20.48
2021-10-03,Telangana,44094,860,35952,6726605,32606740,20.63
2021-10-04,Telangana,42983,839,35046,6761040,32606740,20.74
2021-10-05,Telangana,42211,824,34417,6802633,32606740,20.86
2021-10-06,Telangana,41281,805,33659,6822775,32606740,20.92
2021-10-07,Telangana,40482,790,33007,6834823,32606740,20.96
2021-10-08,Telangana,40351,787,32900,6863496,32606740,21.05
2021-10-09,Telangana,39352,768,32086,6883956,32606740,21.11
2021-10-10,Telangana,38889,759,31708,6901509,32606740,21.17
2021-10-11,Telangana,37598,734,30656,6936340,32606740,21.27
2021-10-12,Telangana,37765,737,30792,6966874,32606740,21.37
2021-10-13,Telangana,36868,719,30061,6982677,32606740,21.41
2021-10-14,Telangana,35869,700,29246,6994756,32606740,21.45
2021-10-15,Telangana,35329,689,28806,7022081,32606740,21.54
2021-10-16,Telangana,34706,677,28298,7038439,32606740,21.59
2021-10-17,Telangana,33379,651,27216,7050321,32606740,21.62
2021-10-18,Telangana,33580,655,27380,7061426,32606740,21.66
2021-10-19,Telangana,32521,635,26516,7094573,32606740,21.76
2021-10-20,Telangana,31466,614,25656,7115338,32606740,21.82
2021-10-21,Telangana,30652,598,24992,7132444,32606740,21.87
2021-10-22,Telangana,30584,597,24937,7138203,32606740,21.89
2021-10-23,Telangana,29662,579,24185,7140961,32606740,21.9
2021-10-24,Telangana,29059,567,23693,7175706,32606740,22.01
2021-10-25,Telangana,28242,551,23027,7224094,32606740,22.16
2021-10-26,Telangana,27257,532,22224,7240331,32606740,22.21
2021-10-27,Telangana,27041,528,22048,7282526,32606740,22.33
2021-10-28,Telangana,26165,511,21334,7312602,32606740,22.43
2021-10-29,Telangana,25560,499,20841,7327787,32606740,22.47
2021-10-30,Telangana,25628,500,20896,7356125,32606740,22.56
2021-10-31,Telangana,24531,479,20002,7362606,32606740,22.58
2021-11-01,Telangana,23911,467,19496,7379493,32606740,22.63
2021-11-02,Telangana,23819,465,19421,7416254,32606740,22.74
2021-11-03,Telangana,22497,439,18343,7458812,32606740,22.88
2021-11-04,Telangana,21803,425,17777,7469845,32606740,22.91
2021-11-05,Telangana,20958,409,17088,7515382,32606740,23.05
2021-11-06,Telangana,20430,399,16658,7545654,32606740,23.14
2021-11-07,Telangana,19363,378,15788,7557117,32606740,23.18
2021-11-08,Telangana,19636,383,16010,7596070,32606740,23.3
2021-11-09,Telangana,18449,360,15043,7640121,32606740,23.43
2021-11-10,Telangana,18539,362,15116,7653742,32606740,23.47
2021-11-11,Telangana,17705,345,14436,7659029,32606740,23.49
2021-11-12,Telangana,17216,336,14037,7673260,32606740,23.53
2021-11-13,Telangana,16633,325,13562,7711087,32606740,23.65
2021-11-14,Telangana,16541,323,13487,7714167,32606740,23.66
2021-11-15,Telangana,15977,312,13027,7728625,32606740,23.7
2021-11-16,Telangana,15105,295,12316,7744617,32606740,23.75
2021-11-17,Telangana,14353,280,11703,7745451,32606740,23.75
2021-11-18,Telangana,14419,281,11757,7775323,32606740,23.85
2021-11-19,Telangana,13380,261,10909,7815624,32606740,23.97
2021-11-20,Telangana,12746,249,10393,7823413,32606740,23.99
2021-11-21,Telangana,12913,252,10529,7867743,32606740,24.13
2021-11-22,Telangana,12690,248,10347,7915397,32606740,24.28
2021-11-23,Telangana,11774,230,9600,7958930,32606740,24.41
2021-11-24,Telangana,11598,226,9457,7995050,32606740,24.52
2021-11-25,Telangana,10944,214,8923,8017452,32606740,24.59
2021-11-26,Telangana,10888,212,8878,8027647,32606740,24.62
2021-11-27,Telangana,10612,207,8653,8073296,32606740,24.76
2021-11-28,Telangana,9827,192,8013,8099826,32606740,24.84
2021-11-29,Telangana,9230,180,7526,8122426,32606740,24.91
2021-11-30,Telangana,8744,171,7129,8141998,32606740,24.97
2021-12-01,Telangana,9111,178,7429,8152908,32606740,25.0
2021-12-02,Telangana,8155,159,6649,8172025,32606740,25.06
2021-12-03,Telangana,8279,162,6750,8211936,32606740,25.18
2021-12-04,Telangana,8082,158,6590,8239935,32606740,25.27
2021-12-05,Telangana,7389,144,6025,8259711,32606740,25.33
2021-12-06,Telangana,7190,140,5862,8265118,32606740,25.35
2021-12-07,Telangana,7248,141,5910,8285865,32606740,25.41
2021-12-08,Telangana,6424,125,5238,8296630,32606740,25.44
2021-12-09,Telangana,6121,119,4991,8316515,32606740,25.51
2021-12-10,Telangana,6059,118,4940,8323999,32606740,25.53
2021-12-11,Telangana,6257,122,5102,8371388,32606740,25.67
2021-12-12,Telangana,6110,119,4982,8380086,32606740,25.7
2021-12-13,Telangana,5358,105,4369,8386293,32606740,25.72
2021-12-14,Telangana,4943,96,4030,8419053,32606740,25.82
2021-12-15,Telangana,5253,102,4283,8436242,32606740,25.87
2021-12-16,Telangana,4218,82,3439,8486050,32606740,26.03
2021-12-17,Telangana,4585,89,3738,8506254,32606740,26.09
2021-12-18,Telangana,4298,84,3504,8538809,32606740,26.19
2021-12-19,Telangana,4506,88,3674,8580516,32606740,26.32
2021-12-20,Telangana,4350,85,3547,8629752,32606740,26.47
2021-12-21,Telangana,3470,68,2829,8670232,32606740,26.59
2021-12-22,Telangana,3631,71,2961,8699082,32606740,26.68
2021-12-23,Telangana,3244,63,2645,8739802,32606740,26.8
2021-12-24,Telangana,3167,62,2582,8753967,32606740,26.85
2021-12-25,Telangana,3288,64,2681,8797475,32606740,26.98
2021-12-26,Telangana,2855,56,2328,8841090,32606740,27.11
2021-12-27,Telangana,2872,56,2342,8860282,32606740,27.17
2021-12-28,Telangana,2965,58,2418,8863641,32606740,27.18
2021-12-29,Telangana,3003,59,2449,8897873,32606740,27.29
2021-12-30,Telangana,2510,49,2047,8902994,32606740,27.3
2021-12-31,Telangana,2339,46,1907,8903864,32606740,27.31
2022-01-01,Telangana,1857,36,1514,8951245,32606740,27.45
2022-01-02,Telangana,2555,50,2083,8979626,32606740,27.54
2022-01-03,Telangana,2123,41,1731,9012135,32606740,27.64
2022-01-04,Telangana,1915,37,1561,9056159,32606740,27.77
2022-01-05,Telangana,1804,35,1471,9102607,32606740,27.92
2022-01-06,Telangana,1795,35,1464,9150432,32606740,28.06
2022-01-07,Telangana,1830,36,1492,9157076,32606740,28.08
2022-01-08,Telangana,1784,35,1455,9173272,32606740,28.13
2022-01-09,Telangana,1918,37,1564,9211685,32606740,28.25
2022-01-10,Telangana,1432,28,1168,9213124,32606740,28.26
2022-01-11,Telangana,1812,35,1477,9224864,32606740,28.29
2022-01-12,Telangana,1534,30,1251,9250603,32606740,28.37
2022-01-13,Telangana,1133,22,924,9267770,32606740,28.42
2022-01-14,Telangana,588,11,479,9276409,32606740,28.45
2022-01-15,Telangana,1054,21,859,9321358,32606740,28.59
2022-01-16,Telangana,1439,28,1173,9343754,32606740,28.66
2022-01-17,Telangana,684,13,558,9364316,32606740,28.72
2022-01-18,Telangana,890,17,726,9397188,32606740,28.82
2022-01-19,Telangana,866,17,706,9430714,32606740,28.92
2022-01-20,Telangana,1053,21,859,9455346,32606740,29.0
2022-01-21,Telangana,609,12,497,9499709,32606740,29.13
2022-01-22,Telangana,423,8,345,9514508,32606740,29.18
2022-01-23,Telangana,815,16,665,9558051,32606740,29.31
2022-01-24,Telangana,384,7,313,9601466,32606740,29.45
2022-01-25,Telangana,20,0,16,9601911,32606740,29.45
2022-01-26,Telangana,1089,21,888,9639646,32606740,29.56
2022-01-27,Telangana,783,15,638,9647556,32606740,29.59
2022-01-28,Telangana,1040,20,848,9671835,32606740,29.66
2022-01-29,Telangana,708,14,577,9717766,32606740,29.8
2022-01-30,Telangana,623,12,508,9727543,32606740,29.83
2022-01-31,Telangana,504,10,411,9755663,32606740,29.92
2022-02-01,Telangana,314,6,256,9794546,32606740,30.04
2022-02-02,Telangana,500,10,408,9818555,32606740,30.11
2022-02-03,Telangana,159,3,130,9822462,32606740,30.12
2022-02-04,Telangana,0,0,0,9825724,32606740,30.13
2022-02-05,Telangana,186,4,152,9851617,32606740,30.21
2022-02-06,Telangana,655,13,534,9852869,32606740,30.22
2022-02-07,Telangana,0,0,0,9853642,32606740,30.22
2022-02-08,Telangana,0,0,0,9901312,32606740,30.37
2022-02-09,Telangana,397,8,324,9927958,32606740,30.45
2022-02-10,Telangana,81,2,66,9951650,32606740,30.52
2022-02-11,Telangana,337,7,275,9956669,32606740,30.54
2022-02-12,Telangana,476,9,388,9995989,32606740,30.66
2022-02-13,Telangana,306,6,249,10021510,32606740,30.73
2022-02-14,Telangana,0,0,0,10032510,32606740,30.77
2022-02-15,Telangana,531,10,433,10070154,32606740,30.88
2022-02-16,Telangana,359,7,293,10082007,32606740,30.92
2022-02-17,Telangana,135,3,110,10107162,32606740,31.0
2022-02-18,Telangana,112,2,91,10135174,32606740,31.08
2022-02-19,Telangana,222,4,181,10149124,32606740,31.13
2022-02-20,Telangana,9,0,7,10192925,32606740,31.26
2022-02-21,Telangana,0,0,0,10228101,32606740,31.37
2022-02-22,Telangana,314,6,256,10242529,32606740,31.41
2022-02-23,Telangana,290,6,236,10250358,32606740,31.44
2022-02-24,Telangana,0,0,0,10266797,32606740,31.49
2022-02-25,Telangana,225,4,183,10290065,32606740,31.56
2022-02-26,Telangana,593,12,484,10317596,32606740,31.64
2022-02-27,Telangana,0,0,0,10337604,32606740,31.7
2022-02-28,Telangana,35,1,29,10339604,32606740,31.71
2022-03-01,Telangana,0,0,0,10373411,32606740,31.81
2022-03-02,Telangana,547,11,446,10392349,32606740,31.87
2022-03-03,Telangana,382,7,311,10409122,32606740,31.92
2022-03-04,Telangana,0,0,0,10436936,32606740,32.01
2022-03-05,Telangana,142,3,116,10478698,32606740,32.14
2022-03-06,Telangana,727,14,593,10478939,32606740,32.14
2022-03-07,Telangana,0,0,0,10526977,32606740,32.28
2022-03-08,Telangana,28,1,23,10558877,32606740,32.38
2022-03-09,Telangana,183,4,149,10586216,32606740,32.47
2022-03-10,Telangana,0,0,0,10588764,32606740,32.47
2022-03-11,Telangana,554,11,452,10624325,32606740,32.58
2022-03-12,Telangana,0,0,0,10660322,32606740,32.69
2022-03-13,Telangana,0,0,0,10688342,32606740,32.78
2022-03-14,Telangana,0,0,0,10728425,32606740,32.9
2022-03-15,Telangana,214,4,174,10770359,32606740,33.03
2022-03-16,Telangana,0,0,0,10812298,32606740,33.16
2022-03-17,Telangana,106,2,86,10828636,32606740,33.21
2022-03-18,Telangana,183,4,149,10862305,32606740,33.31
2022-03-19,Telangana,0,0,0,10865170,32606740,33.32
2022-03-20,Telangana,0,0,0,10893248,32606740,33.41
2022-03-21,Telangana,116,2,95,10900546,32606740,33.43
2022-03-22,Telangana,221,4,180,10915924,32606740,33.48
2022-03-23,Telangana,0,0,0,10949757,32606740,33.58
2022-03-24,Telangana,54,1,44,10970987,32606740,33.65
2022-03-25,Telangana,0,0,0,11014157,32606740,33.78
2022-03-26,Telangana,226,4,184,11018509,32606740,33.79
2022-03-27,Telangana,162,3,132,11067105,32606740,33.94
2022-03-28,Telangana,0,0,0,11102460,32606740,34.05
2022-03-29,Telangana,149,3,121,11123985,32606740,34.12
2022-03-30,Telangana,0,0,0,11125219,32606740,34.12
2022-03-31,Telangana,142,3,116,11127307,32606740,34.13
2022-04-01,Telangana,146,3,119,11147978,32606740,34.19
2022-04-02,Telangana,715,14,583,11176600,32606740,34.28
2022-04-03,Telangana,0,0,0,11201910,32606740,34.35
2022-04-04,Telangana,0,0,0,11216774,32606740,34.4
2022-04-05,Telangana,0,0,0,11249278,32606740,34.5
2022-04-06,Telangana,0,0,0,11279991,32606740,34.59
2022-04-07,Telangana,0,0,0,11297150,32606740,34.65
2022-04-08,Telangana,202,4,165,11313428,32606740,34.7
2022-04-09,Telangana,223,4,182,11335567,32606740,34.76
2022-04-10,Telangana,91,2,74,11372728,32606740,34.88
2022-04-11,Telangana,0,0,0,11402096,32606740,34.97
2022-04-12,Telangana,0,0,0,11408451,32606740,34.99
2022-04-13,Telangana,0,0,0,11454609,32606740,35.13
2022-04-14,Telangana,0,0,0,11464716,32606740,35.16
2022-04-15,Telangana,0,0,0,11498314,32606740,35.26
2022-04-16,Telangana,408,8,333,11499153,32606740,35.27
2022-04-17,Telangana,552,11,450,11511874,32606740,35.31
2022-04-18,Telangana,0,0,0,11540110,32606740,35.39
2022-04-19,Telangana,88,2,72,11582473,32606740,35.52
2022-04-20,Telangana,83,2,68,11610610,32606740,35.61
2022-04-21,Telangana,63,1,51,11613363,32606740,35.62
2022-04-22,Telangana,0,0,0,11661144,32606740,35.76
2022-04-23,Telangana,307,6,250,11674758,32606740,35.8
2022-04-24,Telangana,124,2,101,11692990,32606740,35.86
2022-04-25,Telangana,311,6,254,11698397,32606740,35.88
2022-04-26,Telangana,0,0,0,11733210,32606740,35.98
2022-04-27,Telangana,0,0,0,11755561,32606740,36.05
2022-04-28,Telangana,131,3,107,11766539,32606740,36.09
2022-04-29,Telangana,0,0,0,11798385,32606740,36.18
2022-04-30,Telangana,317,6,258,11808184,32606740,36.21
2022-05-01,Telangana,0,0,0,11834733,32606740,36.3
2022-05-02,Telangana,0,0,0,11867914,32606740,36.4
2022-05-03,Telangana,0,0,0,11908477,32606740,36.52
2022-05-04,Telangana,0,0,0,11943217,32606740,36.63
2022-05-05,Telangana,79,2,64,11971591,32606740,36.72
2022-05-06,Telangana,119,2,97,11973290,32606740,36.72
2022-05-07,Telangana,192,4,157,11984923,32606740,36.76
2022-05-08,Telangana,227,4,185,12013815,32606740,36.84
2022-05-09,Telangana,0,0,0,12040636,32606740,36.93
2022-05-10,Telangana,633,12,516,12067317,32606740,37.01
2022-05-11,Telangana,416,8,339,12104091,32606740,37.12
2022-05-12,Telangana,0,0,0,12149335,32606740,37.26
2022-05-13,Telangana,0,0,0,12174482,32606740,37.34
2022-05-14,Telangana,0,0,0,12181209,32606740,37.36
2022-05-15,Telangana,109,2,89,12203307,32606740,37.43
2022-05-16,Telangana,0,0,0,12215948,32606740,37.46
2022-05-17,Telangana,0,0,0,12242402,32606740,37.55
2022-05-18,Telangana,0,0,0,12271888,32606740,37.64
2022-05-19,Telangana,0,0,0,12299290,32606740,37.72
2022-05-20,Telangana,319,6,260,12328375,32606740,37.81
2022-05-21,Telangana,0,0,0,12343902,32606740,37.86
2022-05-22,Telangana,0,0,0,12352747,32606740,37.88
2022-05-23,Telangana,83,2,68,12395458,32606740,38.02
2022-05-24,Telangana,0,0,0,12415533,32606740,38.08
2022-05-25,Telangana,8,0,7,12425917,32606740,38.11
2022-05-26,Telangana,267,5,218,12475686,32606740,38.26
2022-05-27,Telangana,92,2,75,12477327,32606740,38.27
2022-05-28,Telangana,293,6,239,12494646,32606740,38.32
2022-05-29,Telangana,379,7,309,12531720,32606740,38.43
2022-05-30,Telangana,199,4,162,12552263,32606740,38.5
2022-05-31,Telangana,0,0,0,12594378,32606740,38.63
2022-06-01,Telangana,0,0,0,12612322,32606740,38.68
2022-06-02,Telangana,579,11,472,12644458,32606740,38.78
2022-06-03,Telangana,94,2,77,12665834,32606740,38.84
2022-06-04,Telangana,54,1,44,12689281,32606740,38.92
2022-06-05,Telangana,0,0,0,12714177,32606740,38.99
2022-06-06,Telangana,0,0,0,12762937,32606740,39.14
2022-06-07,Telangana,215,4,175,12800931,32606740,39.26
2022-06-08,Telangana,4,0,3,12819469,32606740,39.32
2022-06-09,Telangana,0,0,0,12840300,32606740,39.38
2022-06-10,Telangana,0,0,0,12860594,32606740,39.44
2022-06-11,Telangana,358,7,292,12897400,32606740,39.55
2022-06-12,Telangana,200,4,163,12926955,32606740,39.65
2022-06-13,Telangana,160,3,130,12953676,32606740,39.73
2022-06-14,Telangana,132,3,108,12975197,32606740,39.79
2022-06-15,Telangana,0,0,0,12995119,32606740,39.85
2022-06-16,Telangana,82,2,67,13022883,32606740,39.94
2022-06-17,Telangana,320,6,261,13064442,32606740,40.07
2022-06-18,Telangana,0,0,0,13112770,32606740,40.21
2022-06-19,Telangana,293,6,239,13115817,32606740,40.22
2022-06-20,Telangana,164,3,134,13127691,32606740,40.26
2022-06-21,Telangana,248,5,202,13161950,32606740,40.37
2022-06-22,Telangana,15,0,12,13169378,32606740,40.39
2022-06-23,Telangana,266,5,217,13199902,32606740,40.48
2022-06-24,Telangana,0,0,0,13221079,32606740,40.55
2022-06-25,Telangana,10,0,8,13230618,32606740,40.58
2022-06-26,Telangana,214,4,174,13255817,32606740,40.65
2022-06-27,Telangana,89,2,73,13281269,32606740,40.73
2022-06-28,Telangana,329,6,268,13316928,32606740,40.84
2022-06-29,Telangana,0,0,0,13358223,32606740,40.97
2022-06-30,Telangana,0,0,0,13405981,32606740,41.11
2022-07-01,Telangana,0,0,0,13427935,32606740,41.18
2022-07-02,Telangana,0,0,0,13462368,32606740,41.29
2022-07-03,Telangana,155,3,126,13501728,32606740,41.41
2022-07-04,Telangana,228,4,186,13551086,32606740,41.56
2022-07-05,Telangana,0,0,0,13583598,32606740,41.66
2022-07-06,Telangana,353,7,288,13595914,32606740,41.7
2022-07-07,Telangana,0,0,0,13613013,32606740,41.75
2022-07-08,Telangana,0,0,0,13623457,32606740,41.78
2022-07-09,Telangana,0,0,0,13633344,32606740,41.81
2022-07-10,Telangana,125,2,102,13648670,32606740,41.86
2022-07-11,Telangana,28,1,23,13673587,32606740,41.93
2022-07-12,Telangana,203,4,166,13712943,32606740,42.06
2022-07-13,Telangana,553,11,451,13727501,32606740,42.1
2022-07-14,Telangana,119,2,97,13736826,32606740,42.13
2022-07-15,Telangana,0,0,0,13743152,32606740,42.15
2022-07-16,Telangana,138,3,113,13752961,32606740,42.18
2022-07-17,Telangana,584,11,476,13774600,32606740,42.24
2022-07-18,Telangana,197,4,161,13795186,32606740,42.31
2022-07-19,Telangana,284,6,232,13815128,32606740,42.37
2022-07-20,Telangana,0,0,0,13831005,32606740,42.42
2022-07-21,Telangana,116,2,95,13853666,32606740,42.49
2022-07-22,Telangana,0,0,0,13885989,32606740,42.59
2022-07-23,Telangana,0,0,0,13888215,32606740,42.59
2022-07-24,Telangana,0,0,0,13932723,32606740,42.73
2022-07-25,Telangana,33,1,27,13948003,32606740,42.78
2022-07-26,Telangana,0,0,0,13954936,32606740,42.8
2022-07-27,Telangana,57,1,46,13963670,32606740,42.82
2022-07-28,Telangana,0,0,0,13991007,32606740,42.91
2022-07-29,Telangana,211,4,172,14017044,32606740,42.99
2022-07-30,Telangana,68,1,55,14021464,32606740,43.0
2022-07-31,Telangana,113,2,92,14046425,32606740,43.08
2022-08-01,Telangana,294,6,240,14057499,32606740,43.11
2022-08-02,Telangana,166,3,135,14103054,32606740,43.25
2022-08-03,Telangana,0,0,0,14118509,32606740,43.3
2022-08-04,Telangana,0,0,0,14168482,32606740,43.45
2022-08-05,Telangana,154,3,126,14197437,32606740,43.54
2022-08-06,Telangana,0,0,0,14245656,32606740,43.69
2022-08-07,Telangana,0,0,0,14273399,32606740,43.77
2022-08-08,Telangana,111,2,91,14279698,32606740,43.79
2022-08-09,Telangana,400,8,326,14311851,32606740,43.89
2022-08-10,Telangana,553,11,451,14335734,32606740,43.97
2022-08-11,Telangana,0,0,0,14376679,32606740,44.09
2022-08-12,Telangana,0,0,0,14396248,32606740,44.15
2022-08-13,Telangana,98,2,80,14405609,32606740,44.18
2022-08-14,Telangana,73,1,60,14411289,32606740,44.2
2022-08-15,Telangana,0,0,0,14448458,32606740,44.31
2022-08-16,Telangana,0,0,0,14460101,32606740,44.35
2022-08-17,Telangana,179,3,146,14493452,32606740,44.45
2022-08-18,Telangana,0,0,0,14500175,32606740,44.47
2022-08-19,Telangana,0,0,0,14504160,32606740,44.48
2022-08-20,Telangana,0,0,0,14539683,32606740,44.59
2022-08-21,Telangana,0,0,0,14556917,32606740,44.64
2022-08-22,Telangana,208,4,170,14585281,32606740,44.73
2022-08-23,Telangana,0,0,0,14586665,32606740,44.74
2022-08-24,Telangana,17,0,14,14596068,32606740,44.76
2022-08-25,Telangana,674,13,550,14600577,32606740,44.78
2022-08-26,Telangana,0,0,0,14614569,32606740,44.82
2022-08-27,Telangana,0,0,0,14628758,32606740,44.86
2022-08-28,Telangana,203,4,166,14647483,32606740,44.92
2022-08-29,Telangana,296,6,241,14659638,32606740,44.96
2022-08-30,Telangana,124,2,101,14682470,32606740,45.03
2022-08-31,Telangana,543,11,443,14727478,32606740,45.17
2022-09-01,Telangana,95,2,77,14731784,32606740,45.18
2022-09-02,Telangana,0,0,0,14776473,32606740,45.32
2022-09-03,Telangana,29,1,24,14797101,32606740,45.38
2022-09-04,Telangana,0,0,0,14825994,32606740,45.47
2022-09-05,Telangana,415,8,338,14859588,32606740,45.57
2022-09-06,Telangana,289,6,236,14896339,32606740,45.68
2022-09-07,Telangana,0,0,0,14943530,32606740,45.83
2022-09-08,Telangana,405,8,330,14993510,32606740,45.98
2022-09-09,Telangana,282,6,230,14998429,32606740,46.0
2022-09-10,Telangana,0,0,0,15018938,32606740,46.06
2022-09-11,Telangana,0,0,0,15045890,32606740,46.14
2022-09-12,Telangana,418,8,341,15072011,32606740,46.22
2022-09-13,Telangana,0,0,0,15121578,32606740,46.38
2022-09-14,Telangana,134,3,109,15154135,32606740,46.48
2022-09-15,Telangana,328,6,267,15174258,32606740,46.54
2022-09-16,Telangana,0,0,0,15220285,32606740,46.68
2022-09-17,Telangana,194,4,158,15256828,32606740,46.79
2022-09-18,Telangana,31,1,25,15296678,32606740,46.91
2022-09-19,Telangana,0,0,0,15328054,32606740,47.01
2022-09-20,Telangana,0,0,0,15331275,32606740,47.02
2022-09-21,Telangana,214,4,174,15379804,32606740,47.17
2022-09-22,Telangana,0,0,0,15415451,32606740,47.28
2022-09-23,Telangana,0,0,0,15422913,32606740,47.3
2022-09-24,Telangana,37,1,30,15435509,32606740,47.34
2022-09-25,Telangana,0,0,0,15452552,32606740,47.39
2022-09-26,Telangana,0,0,0,15465297,32606740,47.43
2022-09-27,Telangana,22,0,18,15496342,32606740,47.52
2022-09-28,Telangana,230,4,188,15523703,32606740,47.61
2022-09-29,Telangana,6,0,5,15534317,32606740,47.64
2022-09-30,Telangana,0,0,0,15569132,32606740,47.75
2022-10-01,Telangana,145,3,118,15583474,32606740,47.79
2022-10-02,Telangana,311,6,254,15591435,32606740,47.82
2022-10-03,Telangana,664,13,541,15639266,32606740,47.96
2022-10-04,Telangana,433,8,353,15654991,32606740,48.01
2022-10-05,Telangana,0,0,0,15666624,32606740,48.05
2022-10-06,Telangana,257,5,210,15702430,32606740,48.16
2022-10-07,Telangana,77,2,63,15740605,32606740,48.27
2022-10-08,Telangana,0,0,0,15748205,32606740,48.3
2022-10-09,Telangana,85,2,69,15750997,32606740,48.31
2022-10-10,Telangana,576,11,470,15793482,32606740,48.44
2022-10-11,Telangana,359,7,293,15818685,32606740,48.51
2022-10-12,Telangana,0,0,0,15841487,32606740,48.58
2022-10-13,Telangana,4,0,3,15862508,32606740,48.65
2022-10-14,Telangana,148,3,121,15891807,32606740,48.74
2022-10-15,Telangana,0,0,0,15925483,32606740,48.84
2022-10-16,Telangana,0,0,0,15929502,32606740,48.85
2022-10-17,Telangana,46,1,38,15942774,32606740,48.89
2022-10-18,Telangana,50,1,41,15990499,32606740,49.04
2022-10-19,Telangana,0,0,0,15998847,32606740,49.07
2022-10-20,Telangana,116,2,95,16044223,32606740,49.21
2022-10-21,Telangana,326,6,266,16064290,32606740,49.27
2022-10-22,Telangana,0,0,0,16073793,32606740,49.3
2022-10-23,Telangana,18,0,15,16103531,32606740,49.39
2022-10-24,Telangana,171,3,139,16136686,32606740,49.49
2022-10-25,Telangana,132,3,108,16154176,32606740,49.54
2022-10-26,Telangana,0,0,0,16193831,32606740,49.66
2022-10-27,Telangana,0,0,0,16197022,32606740,49.67
2022-10-28,Telangana,0,0,0,16203120,32606740,49.69
2022-10-29,Telangana,0,0,0,16234199,32606740,49.79
2022-10-30,Telangana,440,9,359,16263071,32606740,49.88
2022-10-31,Telangana,190,4,155,16298025,32606740,49.98
2022-11-01,Telangana,0,0,0,16340547,32606740,50.11
2022-11-02,Telangana,0,0,0,16387048,32606740,50.26
2022-11-03,Telangana,339,7,276,16412383,32606740,50.33
2022-11-04,Telangana,0,0,0,16437448,32606740,50.41
2022-11-05,Telangana,255,5,208,16483637,32606740,50.55
2022-11-06,Telangana,415,8,338,16531676,32606740,50.7
2022-11-07,Telangana,365,7,298,16534066,32606740,50.71
2022-11-08,Telangana,54,1,44,16559353,32606740,50.79
2022-11-09,Telangana,375,7,306,16605313,32606740,50.93
2022-11-10,Telangana,0,0,0,16607868,32606740,50.93
2022-11-11,Telangana,746,15,608,16656728,32606740,51.08
2022-11-12,Telangana,72,1,59,16694181,32606740,51.2
2022-11-13,Telangana,344,7,280,16701978,32606740,51.22
2022-11-14,Telangana,0,0,0,16734018,32606740,51.32
2022-11-15,Telangana,150,3,122,16755565,32606740,51.39
2022-11-16,Telangana,163,3,133,16772284,32606740,51.44
2022-11-17,Telangana,0,0,0,16803322,32606740,51.53
2022-11-18,Telangana,0,0,0,16840082,32606740,51.65
2022-11-19,Telangana,0,0,0,16884743,32606740,51.78
2022-11-20,Telangana,332,6,271,16905616,32606740,51.85
2022-11-21,Telangana,0,0,0,16913592,32606740,51.87
2022-11-22,Telangana,0,0,0,16956781,32606740,52.0
2022-11-23,Telangana,393,8,320,16973482,32606740,52.06
2022-11-24,Telangana,0,0,0,17011447,32606740,52.17
2022-11-25,Telangana,376,7,307,17051343,32606740,52.29
2022-11-26,Telangana,0,0,0,17054265,32606740,52.3
2022-11-27,Telangana,0,0,0,17074765,32606740,52.37
2022-11-28,Telangana,0,0,0,17079006,32606740,52.38
2022-11-29,Telangana,562,11,458,17109253,32606740,52.47
2022-11-30,Telangana,0,0,0,17148999,32606740,52.59
2022-12-01,Telangana,0,0,0,17176999,32606740,52.68
2022-12-02,Telangana,0,0,0,17193191,32606740,52.73
2022-12-03,Telangana,280,5,228,17241849,32606740,52.88
2022-12-04,Telangana,0,0,0,17246128,32606740,52.89
2022-12-05,Telangana,356,7,290,17253204,32606740,52.91
2022-12-06,Telangana,21,0,17,17271512,32606740,52.97
2022-12-07,Telangana,0,0,0,17318934,32606740,53.11
2022-12-08,Telangana,89,2,73,17363656,32606740,53.25
2022-12-09,Telangana,0,0,0,17391863,32606740,53.34
2022-12-10,Telangana,41,1,33,17439471,32606740,53.48
2022-12-11,Telangana,0,0,0,17484678,32606740,53.62
2022-12-12,Telangana,405,8,330,17514026,32606740,53.71
2022-12-13,Telangana,0,0,0,17519923,32606740,53.73
2022-12-14,Telangana,132,3,108,17564900,32606740,53.87
2022-12-15,Telangana,0,0,0,17596975,32606740,53.97
2022-12-16,Telangana,0,0,0,17604034,32606740,53.99
2022-12-17,Telangana,0,0,0,17646039,32606740,54.12
2022-12-18,Telangana,894,17,729,17665978,32606740,54.18
2022-12-19,Telangana,0,0,0,17705322,32606740,54.3
2022-12-20,Telangana,0,0,0,17718406,32606740,54.34
2022-12-21,Telangana,0,0,0,17718902,32606740,54.34
2022-12-22,Telangana,0,0,0,17741593,32606740,54.41
2022-12-23,Telangana,0,0,0,17764203,32606740,54.48
2022-12-24,Telangana,555,11,453,17807385,32606740,54.61
2022-12-25,Telangana,101,2,82,17813152,32606740,54.63
2022-12-26,Telangana,271,5,221,17858804,32606740,54.77
2022-12-27,Telangana,0,0,0,17866445,32606740,54.79
2022-12-28,Telangana,0,0,0,17913169,32606740,54.94
2022-12-29,Telangana,61,1,50,17948483,32606740,55.05
2022-12-30,Telangana,0,0,0,17966480,32606740,55.1
2022-12-31,Telangana,120,2,98,18014308,32606740,55.25
2021-01-01,Maharashtra,943,23,777,38274,33415579,0.11
2021-01-02,Maharashtra,716,17,590,60934,33415579,0.18
2021-01-03,Maharashtra,603,15,497,104691,33415579,0.31
2021-01-04,Maharashtra,910,22,750,142994,33415579,0.43
2021-01-05,Maharashtra,705,17,581,159914,33415579,0.48
2021-01-06,Maharashtra,863,21,711,175975,33415579,0.53
2021-01-07,Maharashtra,835,20,688,220013,33415579,0.66
2021-01-08,Maharashtra,1017,25,838,247038,33415579,0.74
2021-01-09,Maharashtra,760,18,626,281776,33415579,0.84
2021-01-10,Maharashtra,608,15,501,315626,33415579,0.94
2021-01-11,Maharashtra,1280,31,1055,323918,33415579,0.97
2021-01-12,Maharashtra,1521,37,1254,335730,33415579,1.0
2021-01-13,Maharashtra,807,19,665,380748,33415579,1.14
2021-01-14,Maharashtra,1257,30,1036,394727,33415579,1.18
2021-01-15,Maharashtra,1140,28,940,438148,33415579,1.31
2021-01-16,Maharashtra,1615,39,1331,455957,33415579,1.36
2021-01-17,Maharashtra,1503,36,1239,498287,33415579,1.49
2021-01-18,Maharashtra,2510,61,2069,527171,33415579,1.58
2021-01-19,Maharashtra,1508,36,1243,532135,33415579,1.59
2021-01-20,Maharashtra,2150,52,1772,545655,33415579,1.63
2021-01-21,Maharashtra,2274,55,1874,593288,33415579,1.78
2021-01-22,Maharashtra,2042,49,1683,603696,33415579,1.81
2021-01-23,Maharashtra,1997,48,1646,615073,33415579,1.84
2021-01-24,Maharashtra,2122,51,1749,622548,33415579,1.86
2021-01-25,Maharashtra,2209,53,1821,653028,33415579,1.95
2021-01-26,Maharashtra,2663,64,2195,693493,33415579,2.08
2021-01-27,Maharashtra,2183,53,1799,740303,33415579,2.22
2021-01-28,Maharashtra,2523,61,2079,784601,33415579,2.35
2021-01-29,Maharashtra,2618,63,2158,828795,33415579,2.48
2021-01-30,Maharashtra,2322,56,1914,874031,33415579,2.62
2021-01-31,Maharashtra,3240,78,2670,902418,33415579,2.7
2021-02-01,Maharashtra,3449,83,2843,943499,33415579,2.82
2021-02-02,Maharashtra,3092,75,2548,975235,33415579,2.92
2021-02-03,Maharashtra,3750,91,3091,982099,33415579,2.94
2021-02-04,Maharashtra,3130,76,2580,983318,33415579,2.94
2021-02-05,Maharashtra,3782,91,3117,988205,33415579,2.96
2021-02-06,Maharashtra,3913,94,3225,1005493,33415579,3.01
2021-02-07,Maharashtra,4158,100,3427,1030451,33415579,3.08
2021-02-08,Maharashtra,4344,105,3580,1062374,33415579,3.18
2021-02-09,Maharashtra,4489,108,3700,1088445,33415579,3.26
2021-02-10,Maharashtra,4594,111,3786,1106760,33415579,3.31
2021-02-11,Maharashtra,4883,118,4024,1143401,33415579,3.42
2021-02-12,Maharashtra,5536,134,4563,1186463,33415579,3.55
2021-02-13,Maharashtra,5170,125,4261,1197607,33415579,3.58
2021-02-14,Maharashtra,6243,151,5145,1210689,33415579,3.62
2021-02-15,Maharashtra,5605,135,4619,1257236,33415579,3.76
2021-02-16,Maharashtra,6102,147,5029,1305761,33415579,3.91
2021-02-17,Maharashtra,6442,156,5309,1321257,33415579,3.95
2021-02-18,Maharashtra,6430,155,5299,1346729,33415579,4.03
2021-02-19,Maharashtra,7184,173,5921,1375619,33415579,4.12
2021-02-20,Maharashtra,7191,174,5927,1407357,33415579,4.21
2021-02-21,Maharashtra,7230,175,5959,1450567,33415579,4.34
2021-02-22,Maharashtra,7972,192,6570,1455855,33415579,4.36
2021-02-23,Maharashtra,7531,182,6207,1482027,33415579,4.44
2021-02-24,Maharashtra,7946,192,6549,1492852,33415579,4.47
2021-02-25,Maharashtra,8570,207,7063,1530529,33415579,4.58
2021-02-26,Maharashtra,8932,216,7361,1560354,33415579,4.67
2021-02-27,Maharashtra,9084,219,7487,1597805,33415579,4.78
2021-02-28,Maharashtra,9249,223,7623,1643071,33415579,4.92
2021-03-01,Maharashtra,9517,230,7844,1682572,33415579,5.04
2021-03-02,Maharashtra,10241,247,8440,1725279,33415579,5.16
2021-03-03,Maharashtra,10287,248,8478,1765831,33415579,5.28
2021-03-04,Maharashtra,10270,248,8464,1797101,33415579,5.38
2021-03-05,Maharashtra,10573,255,8714,1816724,33415579,5.44
2021-03-06,Maharashtra,11631,281,9586,1833536,33415579,5.49
2021-03-07,Maharashtra,11288,273,9303,1851713,33415579,5.54
2021-03-08,Maharashtra,11916,288,9821,1882082,33415579,5.63
2021-03-09,Maharashtra,12572,304,10361,1922256,33415579,5.75
2021-03-10,Maharashtra,12665,306,10438,1940611,33415579,5.81
2021-03-11,Maharashtra,12612,305,10394,1969596,33415579,5.89
2021-03-12,Maharashtra,12873,311,10609,1990287,33415579,5.96
2021-03-13,Maharashtra,14079,340,11603,2020672,33415579,6.05
2021-03-14,Maharashtra,13547,327,11165,2061610,33415579,6.17
2021-03-15,Maharashtra,14035,339,11567,2082205,33415579,6.23
2021-03-16,Maharashtra,14655,354,12078,2102050,33415579,6.29
2021-03-17,Maharashtra,14819,358,12213,2112130,33415579,6.32
2021-03-18,Maharashtra,15398,372,12690,2137061,33415579,6.4
2021-03-19,Maharashtra,15126,365,12466,2159907,33415579,6.46
2021-03-20,Maharashtra,15842,383,13056,2167913,33415579,6.49
2021-03-21,Maharashtra,16446,397,13554,2216395,33415579,6.63
2021-03-22,Maharashtra,16783,405,13832,2259377,33415579,6.76
2021-03-23,Maharashtra,16740,404,13797,2273920,33415579,6.8
2021-03-24,Maharashtra,16935,409,13957,2321139,33415579,6.95
2021-03-25,Maharashtra,17633,426,14533,2334739,33415579,6.99
2021-03-26,Maharashtra,17498,423,14421,2355682,33415579,7.05
2021-03-27,Maharashtra,18596,449,15326,2362221,33415579,7.07
2021-03-28,Maharashtra,18573,448,15307,2392824,33415579,7.16
2021-03-29,Maharashtra,18626,450,15351,2416883,33415579,7.23
2021-03-30,Maharashtra,18823,455,15513,2430249,33415579,7.27
2021-03-31,Maharashtra,19248,465,15864,2444675,33415579,7.32
2021-04-01,Maharashtra,19262,465,15875,2491437,33415579,7.46
2021-04-02,Maharashtra,20166,487,16620,2525793,33415579,7.56
2021-04-03,Maharashtra,20056,484,16529,2533441,33415579,7.58
2021-04-04,Maharashtra,20689,500,17051,2540197,33415579,7.6
2021-04-05,Maharashtra,20995,507,17303,2543698,33415579,7.61
2021-04-06,Maharashtra,21380,516,17621,2556063,33415579,7.65
2021-04-07,Maharashtra,21415,517,17650,2592968,33415579,7.76
2021-04-08,Maharashtra,21917,529,18063,2596060,33415579,7.77
2021-04-09,Maharashtra,22226,537,18318,2608523,33415579,7.81
2021-04-10,Maharashtra,22109,534,18221,2610596,33415579,7.81
2021-04-11,Maharashtra,22340,539,18412,2643071,33415579,7.91
2021-04-12,Maharashtra,22280,538,18362,2683778,33415579,8.03
2021-04-13,Maharashtra,22344,540,18415,2710232,33415579,8.11
2021-04-14,Maharashtra,23207,560,19126,2755525,33415579,8.25
2021-04-15,Maharashtra,23176,560,19101,2789948,33415579,8.35
2021-04-16,Maharashtra,23361,564,19253,2828142,33415579,8.46
2021-04-17,Maharashtra,23129,558,19062,2843825,33415579,8.51
2021-04-18,Maharashtra,23932,578,19724,2887083,33415579,8.64
2021-04-19,Maharashtra,23505,568,19372,2918638,33415579,8.73
2021-04-20,Maharashtra,23449,566,19326,2922967,33415579,8.75
2021-04-21,Maharashtra,23623,570,19469,2927099,33415579,8.76
2021-04-22,Maharashtra,24360,588,20077,2972005,33415579,8.89
2021-04-23,Maharashtra,23638,571,19482,2985764,33415579,8.94
2021-04-24,Maharashtra,23816,575,19628,3009065,33415579,9.0
2021-04-25,Maharashtra,24970,603,20579,3047085,33415579,9.12
2021-04-26,Maharashtra,24429,590,20134,3085517,33415579,9.23
2021-04-27,Maharashtra,23962,579,19749,3086870,33415579,9.24
2021-04-28,Maharashtra,23881,577,19682,3117657,33415579,9.33
2021-04-29,Maharashtra,23715,573,19545,3163314,33415579,9.47
2021-04-30,Maharashtra,24245,585,19982,3180807,33415579,9.52
2021-05-01,Maharashtra,24423,590,20129,3207942,33415579,9.6
2021-05-02,Maharashtra,24637,595,20305,3221181,33415579,9.64
2021-05-03,Maharashtra,23578,569,19432,3257241,33415579,9.75
2021-05-04,Maharashtra,23703,572,19535,3263147,33415579,9.77
2021-05-05,Maharashtra,24007,580,19786,3289118,33415579,9.84
2021-05-06,Maharashtra,24811,599,20448,3309750,33415579,9.9
2021-05-07,Maharashtra,24161,583,19913,3341808,33415579,10.0
2021-05-08,Maharashtra,23918,578,19712,3366513,33415579,10.07
2021-05-09,Maharashtra,23338,564,19234,3415596,33415579,10.22
2021-05-10,Maharashtra,22959,554,18922,3464751,33415579,10.37
2021-05-11,Maharashtra,23486,567,19356,3478958,33415579,10.41
2021-05-12,Maharashtra,23315,563,19215,3480822,33415579,10.42
2021-05-13,Maharashtra,23124,558,19058,3505457,33415579,10.49
2021-05-14,Maharashtra,22942,554,18908,3534964,33415579,10.58
2021-05-15,Maharashtra,22673,547,18686,3572548,33415579,10.69
2021-05-16,Maharashtra,22438,542,18493,3598797,33415579,10.77
2021-05-17,Maharashtra,22973,555,18934,3628117,33415579,10.86
2021-05-18,Maharashtra,22106,534,18219,3629261,33415579,10.86
2021-05-19,Maharashtra,22098,534,18212,3667392,33415579,10.98
2021-05-20,Maharashtra,21971,531,18108,3683879,33415579,11.02
2021-05-21,Maharashtra,21988,531,18122,3703099,33415579,11.08
2021-05-22,Maharashtra,21308,515,17561,3724245,33415579,11.15
2021-05-23,Maharashtra,21638,522,17833,3727825,33415579,11.16
2021-05-24,Maharashtra,20945,506,17262,3752538,33415579,11.23
2021-05-25,Maharashtra,20839,503,17175,3771597,33415579,11.29
2021-05-26,Maharashtra,21143,511,17425,3783269,33415579,11.32
2021-05-27,Maharashtra,20117,486,16580,3795562,33415579,11.36
2021-05-28,Maharashtra,20377,492,16794,3797267,33415579,11.36
2021-05-29,Maharashtra,20210,488,16656,3841651,33415579,11.5
2021-05-30,Maharashtra,19745,477,16273,3856343,33415579,11.54
2021-05-31,Maharashtra,19357,467,15953,3900071,33415579,11.67
2021-06-01,Maharashtra,19766,477,16290,3941889,33415579,11.8
2021-06-02,Maharashtra,18857,455,15541,3964761,33415579,11.87
2021-06-03,Maharashtra,18652,450,15372,4005153,33415579,11.99
2021-06-04,Maharashtra,18217,440,15014,4015719,33415579,12.02
2021-06-05,Maharashtra,18088,437,14908,4024756,33415579,12.04
2021-06-06,Maharashtra,18055,436,14880,4069707,33415579,12.18
2021-06-07,Maharashtra,17404,420,14344,4102022,33415579,12.28
2021-06-08,Maharashtra,16574,400,13660,4136480,33415579,12.38
2021-06-09,Maharashtra,17078,412,14075,4182662,33415579,12.52
2021-06-10,Maharashtra,16318,394,13449,4183359,33415579,12.52
2021-06-11,Maharashtra,16580,400,13665,4191964,33415579,12.54
2021-06-12,Maharashtra,16073,388,13247,4240047,33415579,12.69
2021-06-13,Maharashtra,16072,388,13246,4246480,33415579,12.71
2021-06-14,Maharashtra,15221,368,12545,4268906,33415579,12.78
2021-06-15,Maharashtra,15061,364,12413,4270013,33415579,12.78
2021-06-16,Maharashtra,14836,358,12227,4286301,33415579,12.83
2021-06-17,Maharashtra,14211,343,11712,4294921,33415579,12.85
2021-06-18,Maharashtra,14707,355,12121,4307710,33415579,12.89
2021-06-19,Maharashtra,13605,329,11213,4348407,33415579,13.01
2021-06-20,Maharashtra,14143,342,11656,4362195,33415579,13.05
2021-06-21,Maharashtra,13663,330,11261,4402894,33415579,13.18
2021-06-22,Maharashtra,13200,319,10879,4447637,33415579,13.31
2021-06-23,Maharashtra,13089,316,10788,4474659,33415579,13.39
2021-06-24,Maharashtra,12808,309,10556,4501587,33415579,13.47
2021-06-25,Maharashtra,12322,298,10155,4518265,33415579,13.52
2021-06-26,Maharashtra,12264,296,10108,4551599,33415579,13.62
2021-06-27,Maharashtra,12128,293,9995,4591938,33415579,13.74
2021-06-28,Maharashtra,11363,274,9365,4635096,33415579,13.87
2021-06-29,Maharashtra,11489,277,9469,4644846,33415579,13.9
2021-06-30,Maharashtra,10340,250,8522,4679155,33415579,14.0
2021-07-01,Maharashtra,10294,249,8484,4686147,33415579,14.02
2021-07-02,Maharashtra,10791,261,8894,4710659,33415579,14.1
2021-07-03,Maharashtra,10247,247,8445,4715119,33415579,14.11
2021-07-04,Maharashtra,9871,238,8135,4742619,33415579,14.19
2021-07-05,Maharashtra,9868,238,8133,4785185,33415579,14.32
2021-07-06,Maharashtra,9526,230,7851,4826035,33415579,14.44
2021-07-07,Maharashtra,9112,220,7510,4861777,33415579,14.55
2021-07-08,Maharashtra,8685,210,7158,4890653,33415579,14.64
2021-07-09,Maharashtra,8357,202,6888,4921882,33415579,14.73
2021-07-10,Maharashtra,8943,216,7371,4926873,33415579,14.74
2021-07-11,Maharashtra,8372,202,6900,4963246,33415579,14.85
2021-07-12,Maharashtra,8571,207,7064,4997321,33415579,14.96
2021-07-13,Maharashtra,7935,192,6540,5004494,33415579,14.98
2021-07-14,Maharashtra,7960,192,6560,5036112,33415579,15.07
2021-07-15,Maharashtra,7607,184,6269,5055351,33415579,15.13
2021-07-16,Maharashtra,7454,180,6143,5080813,33415579,15.2
2021-07-17,Maharashtra,7267,175,5989,5121518,33415579,15.33
2021-07-18,Maharashtra,6908,167,5693,5137623,33415579,15.37
2021-07-19,Maharashtra,6479,156,5340,5183461,33415579,15.51
2021-07-20,Maharashtra,6888,166,5677,5204303,33415579,15.57
2021-07-21,Maharashtra,6950,168,5728,5229957,33415579,15.65
2021-07-22,Maharashtra,6786,164,5593,5231400,33415579,15.66
2021-07-23,Maharashtra,5943,144,4898,5237503,33415579,15.67
2021-07-24,Maharashtra,5713,138,4708,5251588,33415579,15.72
2021-07-25,Maharashtra,5595,135,4611,5300513,33415579,15.86
2021-07-26,Maharashtra,5539,134,4565,5313507,33415579,15.9
2021-07-27,Maharashtra,5411,131,4460,5333258,33415579,15.96
2021-07-28,Maharashtra,4966,120,4093,5375958,33415579,16.09
2021-07-29,Maharashtra,4663,113,3843,5391907,33415579,16.14
2021-07-30,Maharashtra,4967,120,4094,5432552,33415579,16.26
2021-07-31,Maharashtra,3741,90,3083,5438551,33415579,16.28
2021-08-01,Maharashtra,4622,112,3809,5445209,33415579,16.3
2021-08-02,Maharashtra,4224,102,3481,5445840,33415579,16.3
2021-08-03,Maharashtra,4600,111,3791,5452083,33415579,16.32
2021-08-04,Maharashtra,4542,110,3743,5482266,33415579,16.41
2021-08-05,Maharashtra,4414,107,3638,5486805,33415579,16.42
2021-08-06,Maharashtra,3857,93,3179,5517426,33415579,16.51
2021-08-07,Maharashtra,3491,84,2877,5547381,33415579,16.6
2021-08-08,Maharashtra,3462,84,2853,5559093,33415579,16.64
2021-08-09,Maharashtra,3670,89,3025,5560951,33415579,16.64
2021-08-10,Maharashtra,2971,72,2449,5569050,33415579,16.67
2021-08-11,Maharashtra,3766,91,3104,5576205,33415579,16.69
2021-08-12,Maharashtra,3136,76,2585,5602605,33415579,16.77
2021-08-13,Maharashtra,3274,79,2698,5649153,33415579,16.91
2021-08-14,Maharashtra,2482,60,2046,5670923,33415579,16.97
2021-08-15,Maharashtra,2634,64,2171,5702610,33415579,17.07
2021-08-16,Maharashtra,2238,54,1844,5717792,33415579,17.11
2021-08-17,Maharashtra,3017,73,2487,5722380,33415579,17.12
2021-08-18,Maharashtra,2566,62,2115,5733291,33415579,17.16
2021-08-19,Maharashtra,2692,65,2219,5757252,33415579,17.23
2021-08-20,Maharashtra,2448,59,2018,5800217,33415579,17.36
2021-08-21,Maharashtra,2481,60,2045,5812644,33415579,17.4
2021-08-22,Maharashtra,2153,52,1774,5861835,33415579,17.54
2021-08-23,Maharashtra,2110,51,1739,5893776,33415579,17.64
2021-08-24,Maharashtra,2062,50,1699,5911555,33415579,17.69
2021-08-25,Maharashtra,2132,51,1757,5942674,33415579,17.78
2021-08-26,Maharashtra,2064,50,1701,5977580,33415579,17.89
2021-08-27,Maharashtra,2703,65,2228,6011875,33415579,17.99
2021-08-28,Maharashtra,2293,55,1890,6055152,33415579,18.12
2021-08-29,Maharashtra,1185,29,977,6088248,33415579,18.22
2021-08-30,Maharashtra,1608,39,1325,6089594,33415579,18.22
2021-08-31,Maharashtra,1464,35,1207,6108457,33415579,18.28
2021-09-01,Maharashtra,1906,46,1571,6153860,33415579,18.42
2021-09-02,Maharashtra,1366,33,1126,6164214,33415579,18.45
2021-09-03,Maharashtra,1541,37,1270,6189171,33415579,18.52
2021-09-04,Maharashtra,643,16,530,6214182,33415579,18.6
2021-09-05,Maharashtra,835,20,688,6242019,33415579,18.68
2021-09-06,Maharashtra,1863,45,1535,6285467,33415579,18.81
2021-09-07,Maharashtra,1199,29,988,6312460,33415579,18.89
2021-09-08,Maharashtra,834,20,687,6312485,33415579,18.89
2021-09-09,Maharashtra,1158,28,954,6324631,33415579,18.93
2021-09-10,Maharashtra,723,17,596,6356182,33415579,19.02
2021-09-11,Maharashtra,909,22,749,6395294,33415579,19.14
2021-09-12,Maharashtra,515,12,424,6427629,33415579,19.24
2021-09-13,Maharashtra,672,16,554,6464245,33415579,19.35
2021-09-14,Maharashtra,744,18,613,6476282,33415579,19.38
2021-09-15,Maharashtra,1166,28,961,6481071,33415579,19.4
2021-09-16,Maharashtra,932,23,768,6528494,33415579,19.54
2021-09-17,Maharashtra,948,23,781,6556633,33415579,19.62
2021-09-18,Maharashtra,715,17,589,6593556,33415579,19.73
2021-09-19,Maharashtra,936,23,771,6641407,33415579,19.88
2021-09-20,Maharashtra,395,10,326,6650533,33415579,19.9
2021-09-21,Maharashtra,407,10,335,6694090,33415579,20.03
2021-09-22,Maharashtra,719,17,593,6712404,33415579,20.09
2021-09-23,Maharashtra,485,12,400,6743699,33415579,20.18
2021-09-24,Maharashtra,538,13,443,6763032,33415579,20.24
2021-09-25,Maharashtra,466,11,384,6772966,33415579,20.27
2021-09-26,Maharashtra,867,21,715,6816938,33415579,20.4
2021-09-27,Maharashtra,858,21,707,6834299,33415579,20.45
2021-09-28,Maharashtra,256,6,211,6835538,33415579,20.46
2021-09-29,Maharashtra,0,0,0,6843055,33415579,20.48
2021-09-30,Maharashtra,187,5,154,6891129,33415579,20.62
2021-10-01,Maharashtra,112,3,92,6932225,33415579,20.75
2021-10-02,Maharashtra,611,15,504,6965453,33415579,20.84
2021-10-03,Maharashtra,619,15,510,7004386,33415579,20.96
2021-10-04,Maharashtra,16,0,13,7036818,33415579,21.06
2021-10-05,Maharashtra,82,2,68,7082335,33415579,21.19
2021-10-06,Maharashtra,0,0,0,7087317,33415579,21.21
2021-10-07,Maharashtra,318,8,262,7090486,33415579,21.22
2021-10-08,Maharashtra,249,6,205,7125229,33415579,21.32
2021-10-09,Maharashtra,486,12,401,7173464,33415579,21.47
2021-10-10,Maharashtra,385,9,317,7202530,33415579,21.55
2021-10-11,Maharashtra,406,10,335,7250851,33415579,21.7
2021-10-12,Maharashtra,0,0,0,7270896,33415579,21.76
2021-10-13,Maharashtra,11,0,9,7304616,33415579,21.86
2021-10-14,Maharashtra,473,11,390,7330069,33415579,21.94
2021-10-15,Maharashtra,16,0,13,7374156,33415579,22.07
2021-10-16,Maharashtra,0,0,0,7406518,33415579,22.16
2021-10-17,Maharashtra,401,10,330,7428439,33415579,22.23
2021-10-18,Maharashtra,0,0,0,7440672,33415579,22.27
2021-10-19,Maharashtra,460,11,379,7456342,33415579,22.31
2021-10-20,Maharashtra,128,3,105,7460080,33415579,22.33
2021-10-21,Maharashtra,42,1,35,7467798,33415579,22.35
2021-10-22,Maharashtra,527,13,434,7493242,33415579,22.42
2021-10-23,Maharashtra,0,0,0,7494820,33415579,22.43
2021-10-24,Maharashtra,535,13,441,7518386,33415579,22.5
2021-10-25,Maharashtra,0,0,0,7520485,33415579,22.51
2021-10-26,Maharashtra,141,3,116,7528584,33415579,22.53
2021-10-27,Maharashtra,139,3,115,7563162,33415579,22.63
2021-10-28,Maharashtra,0,0,0,7564603,33415579,22.64
2021-10-29,Maharashtra,0,0,0,7581431,33415579,22.69
2021-10-30,Maharashtra,0,0,0,7590951,33415579,22.72
2021-10-31,Maharashtra,0,0,0,7593654,33415579,22.72
2021-11-01,Maharashtra,652,16,537,7604064,33415579,22.76
2021-11-02,Maharashtra,0,0,0,7609674,33415579,22.77
2021-11-03,Maharashtra,404,10,333,7613701,33415579,22.78
2021-11-04,Maharashtra,361,9,298,7646965,33415579,22.88
2021-11-05,Maharashtra,158,4,130,7653211,33415579,22.9
2021-11-06,Maharashtra,5,0,4,7700145,33415579,23.04
2021-11-07,Maharashtra,101,2,83,7724476,33415579,23.12
2021-11-08,Maharashtra,212,5,175,7744874,33415579,23.18
2021-11-09,Maharashtra,68,2,56,7788663,33415579,23.31
2021-11-10,Maharashtra,0,0,0,7827545,33415579,23.42
2021-11-11,Maharashtra,0,0,0,7848567,33415579,23.49
2021-11-12,Maharashtra,484,12,399,7897246,33415579,23.63
2021-11-13,Maharashtra,0,0,0,7923780,33415579,23.71
2021-11-14,Maharashtra,86,2,71,7959194,33415579,23.82
2021-11-15,Maharashtra,0,0,0,8007676,33415579,23.96
2021-11-16,Maharashtra,72,2,59,8043826,33415579,24.07
2021-11-17,Maharashtra,0,0,0,8073371,33415579,24.16
2021-11-18,Maharashtra,126,3,104,8104166,33415579,24.25
2021-11-19,Maharashtra,81,2,67,8136870,33415579,24.35
2021-11-20,Maharashtra,846,20,697,8185753,33415579,24.5
2021-11-21,Maharashtra,55,1,45,8220807,33415579,24.6
2021-11-22,Maharashtra,420,10,346,8235797,33415579,24.65
2021-11-23,Maharashtra,0,0,0,8236896,33415579,24.65
2021-11-24,Maharashtra,319,8,263,8276045,33415579,24.77
2021-11-25,Maharashtra,80,2,66,8300452,33415579,24.84
2021-11-26,Maharashtra,92,2,76,8321205,33415579,24.9
2021-11-27,Maharashtra,96,2,79,8367961,33415579,25.04
2021-11-28,Maharashtra,522,13,430,8375731,33415579,25.07
2021-11-29,Maharashtra,86,2,71,8377607,33415579,25.07
2021-11-30,Maharashtra,0,0,0,8414575,33415579,25.18
2021-12-01,Maharashtra,0,0,0,8460783,33415579,25.32
2021-12-02,Maharashtra,252,6,208,8502253,33415579,25.44
2021-12-03,Maharashtra,141,3,116,8545805,33415579,25.57
2021-12-04,Maharashtra,0,0,0,8588984,33415579,25.7
2021-12-05,Maharashtra,160,4,132,8623262,33415579,25.81
2021-12-06,Maharashtra,0,0,0,8669355,33415579,25.94
2021-12-07,Maharashtra,136,3,112,8686418,33415579,26.0
2021-12-08,Maharashtra,0,0,0,8723663,33415579,26.11
2021-12-09,Maharashtra,0,0,0,8728267,33415579,26.12
2021-12-10,Maharashtra,0,0,0,8754647,33415579,26.2
2021-12-11,Maharashtra,459,11,378,8769179,33415579,26.24
2021-12-12,Maharashtra,124,3,102,8816113,33415579,26.38
2021-12-13,Maharashtra,381,9,314,8837920,33415579,26.45
2021-12-14,Maharashtra,871,21,718,8848398,33415579,26.48
2021-12-15,Maharashtra,17,0,14,8876865,33415579,26.57
2021-12-16,Maharashtra,453,11,373,8880730,33415579,26.58
2021-12-17,Maharashtra,0,0,0,8887069,33415579,26.6
2021-12-18,Maharashtra,379,9,312,8908650,33415579,26.66
2021-12-19,Maharashtra,0,0,0,8940194,33415579,26.75
2021-12-20,Maharashtra,0,0,0,8969304,33415579,26.84
2021-12-21,Maharashtra,163,4,134,8972074,33415579,26.85
2021-12-22,Maharashtra,210,5,173,9006073,33415579,26.95
2021-12-23,Maharashtra,0,0,0,9008956,33415579,26.96
2021-12-24,Maharashtra,0,0,0,9049727,33415579,27.08
2021-12-25,Maharashtra,185,4,152,9051683,33415579,27.09
2021-12-26,Maharashtra,0,0,0,9053020,33415579,27.09
2021-12-27,Maharashtra,0,0,0,9078900,33415579,27.17
2021-12-28,Maharashtra,0,0,0,9119002,33415579,27.29
2021-12-29,Maharashtra,0,0,0,9157253,33415579,27.4
2021-12-30,Maharashtra,54,1,45,9187259,33415579,27.49
2021-12-31,Maharashtra,159,4,131,9196185,33415579,27.52
2022-01-01,Maharashtra,140,3,115,9243832,33415579,27.66
2022-01-02,Maharashtra,0,0,0,9244859,33415579,27.67
2022-01-03,Maharashtra,0,0,0,9262253,33415579,27.72
2022-01-04,Maharashtra,279,7,230,9299957,33415579,27.83
2022-01-05,Maharashtra,0,0,0,9330805,33415579,27.92
2022-01-06,Maharashtra,0,0,0,9370326,33415579,28.04
2022-01-07,Maharashtra,0,0,0,9408653,33415579,28.16
2022-01-08,Maharashtra,0,0,0,9455635,33415579,28.3
2022-01-09,Maharashtra,104,3,86,9481454,33415579,28.37
2022-01-10,Maharashtra,0,0,0,9522501,33415579,28.5
2022-01-11,Maharashtra,0,0,0,9530296,33415579,28.52
2022-01-12,Maharashtra,0,0,0,9538999,33415579,28.55
2022-01-13,Maharashtra,237,6,195,9541488,33415579,28.55
2022-01-14,Maharashtra,0,0,0,9551713,33415579,28.58
2022-01-15,Maharashtra,0,0,0,9557283,33415579,28.6
2022-01-16,Maharashtra,216,5,178,9598495,33415579,28.72
2022-01-17,Maharashtra,56,1,46,9623240,33415579,28.8
2022-01-18,Maharashtra,0,0,0,9645449,33415579,28.87
2022-01-19,Maharashtra,104,3,86,9677429,33415579,28.96
2022-01-20,Maharashtra,311,8,256,9695407,33415579,29.01
2022-01-21,Maharashtra,0,0,0,9723933,33415579,29.1
2022-01-22,Maharashtra,0,0,0,9724109,33415579,29.1
2022-01-23,Maharashtra,344,8,284,9759754,33415579,29.21
2022-01-24,Maharashtra,120,3,99,9803329,33415579,29.34
2022-01-25,Maharashtra,0,0,0,9805278,33415579,29.34
2022-01-26,Maharashtra,0,0,0,9809303,33415579,29.36
2022-01-27,Maharashtra,0,0,0,9816120,33415579,29.38
2022-01-28,Maharashtra,0,0,0,9846523,33415579,29.47
2022-01-29,Maharashtra,0,0,0,9884580,33415579,29.58
2022-01-30,Maharashtra,0,0,0,9925726,33415579,29.7
2022-01-31,Maharashtra,0,0,0,9964785,33415579,29.82
2022-02-01,Maharashtra,0,0,0,9993640,33415579,29.91
2022-02-02,Maharashtra,222,5,183,10028754,33415579,30.01
2022-02-03,Maharashtra,77,2,63,10042750,33415579,30.05
2022-02-04,Maharashtra,0,0,0,10080021,33415579,30.17
2022-02-05,Maharashtra,0,0,0,10089166,33415579,30.19
2022-02-06,Maharashtra,0,0,0,10137338,33415579,30.34
2022-02-07,Maharashtra,0,0,0,10139426,33415579,30.34
2022-02-08,Maharashtra,175,4,144,10186636,33415579,30.48
2022-02-09,Maharashtra,0,0,0,10209663,33415579,30.55
2022-02-10,Maharashtra,438,11,361,10241887,33415579,30.65
2022-02-11,Maharashtra,175,4,144,10249877,33415579,30.67
2022-02-12,Maharashtra,0,0,0,10265843,33415579,30.72
2022-02-13,Maharashtra,26,1,21,10308955,33415579,30.85
2022-02-14,Maharashtra,312,8,257,10309660,33415579,30.85
2022-02-15,Maharashtra,117,3,96,10319243,33415579,30.88
2022-02-16,Maharashtra,0,0,0,10350823,33415579,30.98
2022-02-17,Maharashtra,0,0,0,10391032,33415579,31.1
2022-02-18,Maharashtra,54,1,45,10412597,33415579,31.16
2022-02-19,Maharashtra,231,6,190,10416973,33415579,31.17
2022-02-20,Maharashtra,0,0,0,10424324,33415579,31.2
2022-02-21,Maharashtra,0,0,0,10468840,33415579,31.33
2022-02-22,Maharashtra,492,12,405,10479602,33415579,31.36
2022-02-23,Maharashtra,10,0,8,10508534,33415579,31.45
2022-02-24,Maharashtra,458,11,377,10555360,33415579,31.59
2022-02-25,Maharashtra,896,22,738,10574140,33415579,31.64
2022-02-26,Maharashtra,0,0,0,10577451,33415579,31.65
2022-02-27,Maharashtra,0,0,0,10618101,33415579,31.78
2022-02-28,Maharashtra,0,0,0,10657474,33415579,31.89
2022-03-01,Maharashtra,330,8,272,10690027,33415579,31.99
2022-03-02,Maharashtra,372,9,307,10735129,33415579,32.13
2022-03-03,Maharashtra,682,16,562,10773918,33415579,32.24
2022-03-04,Maharashtra,0,0,0,10808335,33415579,32.35
2022-03-05,Maharashtra,146,4,120,10825008,33415579,32.4
2022-03-06,Maharashtra,0,0,0,10828075,33415579,32.4
2022-03-07,Maharashtra,0,0,0,10864371,33415579,32.51
2022-03-08,Maharashtra,0,0,0,10906663,33415579,32.64
2022-03-09,Maharashtra,0,0,0,10941417,33415579,32.74
2022-03-10,Maharashtra,193,5,159,10974081,33415579,32.84
2022-03-11,Maharashtra,0,0,0,11009996,33415579,32.95
2022-03-12,Maharashtra,0,0,0,11023847,33415579,32.99
2022-03-13,Maharashtra,80,2,66,11029693,33415579,33.01
2022-03-14,Maharashtra,112,3,92,11061175,33415579,33.1
2022-03-15,Maharashtra,0,0,0,11108329,33415579,33.24
2022-03-16,Maharashtra,560,14,462,11115156,33415579,33.26
2022-03-17,Maharashtra,471,11,388,11118716,33415579,33.27
2022-03-18,Maharashtra,0,0,0,11154098,33415579,33.38
2022-03-19,Maharashtra,483,12,398,11175230,33415579,33.44
2022-03-20,Maharashtra,529,13,436,11220379,33415579,33.58
2022-03-21,Maharashtra,0,0,0,11243970,33415579,33.65
2022-03-22,Maharashtra,14,0,12,11270054,33415579,33.73
2022-03-23,Maharashtra,0,0,0,11273144,33415579,33.74
2022-03-24,Maharashtra,0,0,0,11320749,33415579,33.88
2022-03-25,Maharashtra,0,0,0,11337294,33415579,33.93
2022-03-26,Maharashtra,396,10,326,11359198,33415579,33.99
2022-03-27,Maharashtra,131,3,108,11390655,33415579,34.09
2022-03-28,Maharashtra,0,0,0,11433533,33415579,34.22
2022-03-29,Maharashtra,0,0,0,11473287,33415579,34.34
2022-03-30,Maharashtra,0,0,0,11511969,33415579,34.45
2022-03-31,Maharashtra,0,0,0,11517246,33415579,34.47
2022-04-01,Maharashtra,274,7,226,11521667,33415579,34.48
2022-04-02,Maharashtra,0,0,0,11563230,33415579,34.6
2022-04-03,Maharashtra,271,7,223,11608862,33415579,34.74
2022-04-04,Maharashtra,59,1,49,11640048,33415579,34.83
2022-04-05,Maharashtra,43,1,35,11685569,33415579,34.97
2022-04-06,Maharashtra,308,7,254,11701446,33415579,35.02
2022-04-07,Maharashtra,253,6,209,11719016,33415579,35.07
2022-04-08,Maharashtra,0,0,0,11727519,33415579,35.1
2022-04-09,Maharashtra,0,0,0,11767190,33415579,35.21
2022-04-10,Maharashtra,0,0,0,11800660,33415579,35.31
2022-04-11,Maharashtra,107,3,88,11811891,33415579,35.35
2022-04-12,Maharashtra,409,10,337,11861852,33415579,35.5
2022-04-13,Maharashtra,20,0,16,11863371,33415579,35.5
2022-04-14,Maharashtra,511,12,421,11901885,33415579,35.62
2022-04-15,Maharashtra,0,0,0,11912281,33415579,35.65
2022-04-16,Maharashtra,0,0,0,11951480,33415579,35.77
2022-04-17,Maharashtra,0,0,0,11975679,33415579,35.84
2022-04-18,Maharashtra,0,0,0,11987380,33415579,35.87
2022-04-19,Maharashtra,348,8,287,11990268,33415579,35.88
2022-04-20,Maharashtra,0,0,0,12021331,33415579,35.98
2022-04-21,Maharashtra,0,0,0,12029331,33415579,36.0
2022-04-22,Maharashtra,344,8,284,12051819,33415579,36.07
2022-04-23,Maharashtra,0,0,0,12099340,33415579,36.21
2022-04-24,Maharashtra,322,8,265,12143722,33415579,36.34
2022-04-25,Maharashtra,659,16,543,12168414,33415579,36.42
2022-04-26,Maharashtra,24,1,20,12204997,33415579,36.52
2022-04-27,Maharashtra,351,8,289,12246152,33415579,36.65
2022-04-28,Maharashtra,726,18,598,12276478,33415579,36.74
2022-04-29,Maharashtra,121,3,100,12286809,33415579,36.77
2022-04-30,Maharashtra,0,0,0,12327380,33415579,36.89
2022-05-01,Maharashtra,271,7,223,12331806,33415579,36.9
2022-05-02,Maharashtra,355,9,293,12357927,33415579,36.98
2022-05-03,Maharashtra,0,0,0,12396954,33415579,37.1
2022-05-04,Maharashtra,0,0,0,12425484,33415579,37.18
2022-05-05,Maharashtra,515,12,424,12442925,33415579,37.24
2022-05-06,Maharashtra,0,0,0,12463740,33415579,37.3
2022-05-07,Maharashtra,358,9,295,12486730,33415579,37.37
2022-05-08,Maharashtra,79,2,65,12523931,33415579,37.48
2022-05-09,Maharashtra,548,13,452,12573537,33415579,37.63
2022-05-10,Maharashtra,0,0,0,12612466,33415579,37.74
2022-05-11,Maharashtra,0,0,0,12628292,33415579,37.79
2022-05-12,Maharashtra,256,6,211,12633852,33415579,37.81
2022-05-13,Maharashtra,0,0,0,12657509,33415579,37.88
2022-05-14,Maharashtra,35,1,29,12700408,33415579,38.01
2022-05-15,Maharashtra,465,11,383,12732148,33415579,38.1
2022-05-16,Maharashtra,0,0,0,12748238,33415579,38.15
2022-05-17,Maharashtra,121,3,100,12752691,33415579,38.16
2022-05-18,Maharashtra,364,9,300,12765302,33415579,38.2
2022-05-19,Maharashtra,0,0,0,12801123,33415579,38.31
2022-05-20,Maharashtra,0,0,0,12834622,33415579,38.41
2022-05-21,Maharashtra,0,0,0,12857208,33415579,38.48
2022-05-22,Maharashtra,0,0,0,12873902,33415579,38.53
2022-05-23,Maharashtra,21,1,17,12882652,33415579,38.55
2022-05-24,Maharashtra,0,0,0,12931275,33415579,38.7
2022-05-25,Maharashtra,0,0,0,12952802,33415579,38.76
2022-05-26,Maharashtra,140,3,115,12991162,33415579,38.88
2022-05-27,Maharashtra,474,11,391,13014195,33415579,38.95
2022-05-28,Maharashtra,98,2,81,13042655,33415579,39.03
2022-05-29,Maharashtra,403,10,332,13074691,33415579,39.13
2022-05-30,Maharashtra,474,11,391,13092482,33415579,39.18
2022-05-31,Maharashtra,0,0,0,13139338,33415579,39.32
2022-06-01,Maharashtra,82,2,68,13162203,33415579,39.39
2022-06-02,Maharashtra,0,0,0,13200456,33415579,39.5
2022-06-03,Maharashtra,0,0,0,13246273,33415579,39.64
2022-06-04,Maharashtra,107,3,88,13265395,33415579,39.7
2022-06-05,Maharashtra,0,0,0,13277095,33415579,39.73
2022-06-06,Maharashtra,145,4,120,13325577,33415579,39.88
2022-06-07,Maharashtra,0,0,0,13364872,33415579,40.0
2022-06-08,Maharashtra,51,1,42,13404413,33415579,40.11
2022-06-09,Maharashtra,0,0,0,13451715,33415579,40.26
2022-06-10,Maharashtra,202,5,166,13453112,33415579,40.26
2022-06-11,Maharashtra,0,0,0,13500348,33415579,40.4
2022-06-12,Maharashtra,0,0,0,13506177,33415579,40.42
2022-06-13,Maharashtra,338,8,279,13513442,33415579,40.44
2022-06-14,Maharashtra,0,0,0,13524342,33415579,40.47
2022-06-15,Maharashtra,33,1,27,13530007,33415579,40.49
2022-06-16,Maharashtra,0,0,0,13534182,33415579,40.5
2022-06-17,Maharashtra,152,4,125,13540439,33415579,40.52
2022-06-18,Maharashtra,313,8,258,13564710,33415579,40.59
2022-06-19,Maharashtra,251,6,207,13583335,33415579,40.65
2022-06-20,Maharashtra,0,0,0,13600370,33415579,40.7
2022-06-21,Maharashtra,363,9,299,13608960,33415579,40.73
2022-06-22,Maharashtra,0,0,0,13657606,33415579,40.87
2022-06-23,Maharashtra,0,0,0,13674229,33415579,40.92
2022-06-24,Maharashtra,0,0,0,13697865,33415579,40.99
2022-06-25,Maharashtra,314,8,259,13704976,33415579,41.01
2022-06-26,Maharashtra,0,0,0,13715583,33415579,41.05
2022-06-27,Maharashtra,267,6,220,13727299,33415579,41.08
2022-06-28,Maharashtra,0,0,0,13775835,33415579,41.23
2022-06-29,Maharashtra,0,0,0,13784648,33415579,41.25
2022-06-30,Maharashtra,329,8,271,13810342,33415579,41.33
2022-07-01,Maharashtra,0,0,0,13837551,33415579,41.41
2022-07-02,Maharashtra,686,17,565,13841203,33415579,41.42
2022-07-03,Maharashtra,0,0,0,13858750,33415579,41.47
2022-07-04,Maharashtra,45,1,37,13862793,33415579,41.49
2022-07-05,Maharashtra,463,11,382,13871539,33415579,41.51
2022-07-06,Maharashtra,53,1,44,13905303,33415579,41.61
2022-07-07,Maharashtra,357,9,294,13933724,33415579,41.7
2022-07-08,Maharashtra,0,0,0,13958463,33415579,41.77
2022-07-09,Maharashtra,0,0,0,13969135,33415579,41.8
2022-07-10,Maharashtra,119,3,98,14000346,33415579,41.9
2022-07-11,Maharashtra,324,8,267,14045578,33415579,42.03
2022-07-12,Maharashtra,231,6,190,14088061,33415579,42.16
2022-07-13,Maharashtra,203,5,167,14096720,33415579,42.19
2022-07-14,Maharashtra,318,8,262,14130789,33415579,42.29
2022-07-15,Maharashtra,143,3,118,14142984,33415579,42.32
2022-07-16,Maharashtra,0,0,0,14186073,33415579,42.45
2022-07-17,Maharashtra,433,10,357,14209722,33415579,42.52
2022-07-18,Maharashtra,0,0,0,14246856,33415579,42.64
2022-07-19,Maharashtra,94,2,77,14273821,33415579,42.72
2022-07-20,Maharashtra,54,1,45,14307540,33415579,42.82
2022-07-21,Maharashtra,14,0,12,14354284,33415579,42.96
2022-07-22,Maharashtra,0,0,0,14361018,33415579,42.98
2022-07-23,Maharashtra,0,0,0,14406198,33415579,43.11
2022-07-24,Maharashtra,0,0,0,14430339,33415579,43.18
2022-07-25,Maharashtra,248,6,204,14437443,33415579,43.21
2022-07-26,Maharashtra,0,0,0,14459097,33415579,43.27
2022-07-27,Maharashtra,0,0,0,14461889,33415579,43.28
2022-07-28,Maharashtra,125,3,103,14488923,33415579,43.36
2022-07-29,Maharashtra,0,0,0,14512539,33415579,43.43
2022-07-30,Maharashtra,0,0,0,14532096,33415579,43.49
2022-07-31,Maharashtra,25,1,21,14554307,33415579,43.56
2022-08-01,Maharashtra,85,2,70,14585328,33415579,43.65
2022-08-02,Maharashtra,0,0,0,14626663,33415579,43.77
2022-08-03,Maharashtra,42,1,35,14646285,33415579,43.83
2022-08-04,Maharashtra,120,3,99,14647127,33415579,43.83
2022-08-05,Maharashtra,0,0,0,14675007,33415579,43.92
2022-08-06,Maharashtra,64,2,53,14722242,33415579,44.06
2022-08-07,Maharashtra,0,0,0,14741985,33415579,44.12
2022-08-08,Maharashtra,37,1,30,14748117,33415579,44.14
2022-08-09,Maharashtra,217,5,179,14793205,33415579,44.27
2022-08-10,Maharashtra,0,0,0,14814169,33415579,44.33
2022-08-11,Maharashtra,274,7,226,14832839,33415579,44.39
2022-08-12,Maharashtra,237,6,195,14847606,33415579,44.43
2022-08-13,Maharashtra,272,7,224,14884152,33415579,44.54
2022-08-14,Maharashtra,121,3,100,14891440,33415579,44.56
2022-08-15,Maharashtra,330,8,272,14922126,33415579,44.66
2022-08-16,Maharashtra,116,3,96,14939561,33415579,44.71
2022-08-17,Maharashtra,0,0,0,14958837,33415579,44.77
2022-08-18,Maharashtra,0,0,0,14969621,33415579,44.8
2022-08-19,Maharashtra,0,0,0,15010002,33415579,44.92
2022-08-20,Maharashtra,0,0,0,15032678,33415579,44.99
2022-08-21,Maharashtra,107,3,88,15079056,33415579,45.13
2022-08-22,Maharashtra,0,0,0,15120455,33415579,45.25
2022-08-23,Maharashtra,603,15,497,15158479,33415579,45.36
2022-08-24,Maharashtra,0,0,0,15180989,33415579,45.43
2022-08-25,Maharashtra,0,0,0,15228418,33415579,45.57
2022-08-26,Maharashtra,0,0,0,15257665,33415579,45.66
2022-08-27,Maharashtra,0,0,0,15279480,33415579,45.73
2022-08-28,Maharashtra,0,0,0,15296851,33415579,45.78
2022-08-29,Maharashtra,8,0,7,15342538,33415579,45.91
2022-08-30,Maharashtra,0,0,0,15355248,33415579,45.95
2022-08-31,Maharashtra,497,12,410,15399059,33415579,46.08
2022-09-01,Maharashtra,0,0,0,15410489,33415579,46.12
2022-09-02,Maharashtra,0,0,0,15448608,33415579,46.23
2022-09-03,Maharashtra,245,6,202,15462716,33415579,46.27
2022-09-04,Maharashtra,0,0,0,15504476,33415579,46.4
2022-09-05,Maharashtra,162,4,134,15546256,33415579,46.52
2022-09-06,Maharashtra,0,0,0,15582762,33415579,46.63
2022-09-07,Maharashtra,0,0,0,15632366,33415579,46.78
2022-09-08,Maharashtra,37,1,30,15657981,33415579,46.86
2022-09-09,Maharashtra,0,0,0,15699916,33415579,46.98
2022-09-10,Maharashtra,0,0,0,15727536,33415579,47.07
2022-09-11,Maharashtra,37,1,30,15729472,33415579,47.07
2022-09-12,Maharashtra,63,2,52,15750356,33415579,47.13
2022-09-13,Maharashtra,0,0,0,15751978,33415579,47.14
2022-09-14,Maharashtra,0,0,0,15785192,33415579,47.24
2022-09-15,Maharashtra,65,2,54,15792813,33415579,47.26
2022-09-16,Maharashtra,0,0,0,15809052,33415579,47.31
2022-09-17,Maharashtra,0,0,0,15852623,33415579,47.44
2022-09-18,Maharashtra,160,4,132,15889605,33415579,47.55
2022-09-19,Maharashtra,0,0,0,15906407,33415579,47.6
2022-09-20,Maharashtra,0,0,0,15931662,33415579,47.68
2022-09-21,Maharashtra,0,0,0,15960714,33415579,47.76
2022-09-22,Maharashtra,0,0,0,15978373,33415579,47.82
2022-09-23,Maharashtra,0,0,0,16015864,33415579,47.93
2022-09-24,Maharashtra,608,15,501,16023225,33415579,47.95
2022-09-25,Maharashtra,170,4,140,16044548,33415579,48.02
2022-09-26,Maharashtra,0,0,0,16057324,33415579,48.05
2022-09-27,Maharashtra,212,5,175,16091278,33415579,48.16
2022-09-28,Maharashtra,0,0,0,16123288,33415579,48.25
2022-09-29,Maharashtra,0,0,0,16163640,33415579,48.37
2022-09-30,Maharashtra,0,0,0,16182132,33415579,48.43
2022-10-01,Maharashtra,607,15,500,16193670,33415579,48.46
2022-10-02,Maharashtra,0,0,0,16195328,33415579,48.47
2022-10-03,Maharashtra,94,2,77,16238358,33415579,48.6
2022-10-04,Maharashtra,0,0,0,16254844,33415579,48.64
2022-10-05,Maharashtra,222,5,183,16292573,33415579,48.76
2022-10-06,Maharashtra,88,2,73,16310890,33415579,48.81
2022-10-07,Maharashtra,376,9,310,16327490,33415579,48.86
2022-10-08,Maharashtra,215,5,177,16339205,33415579,48.9
2022-10-09,Maharashtra,0,0,0,16378272,33415579,49.01
2022-10-10,Maharashtra,875,21,721,16392587,33415579,49.06
2022-10-11,Maharashtra,167,4,138,16407402,33415579,49.1
2022-10-12,Maharashtra,0,0,0,16442648,33415579,49.21
2022-10-13,Maharashtra,62,1,51,16468547,33415579,49.28
2022-10-14,Maharashtra,189,5,156,16505860,33415579,49.4
2022-10-15,Maharashtra,178,4,147,16511037,33415579,49.41
2022-10-16,Maharashtra,149,4,123,16558981,33415579,49.55
2022-10-17,Maharashtra,290,7,239,16570817,33415579,49.59
2022-10-18,Maharashtra,260,6,214,16576721,33415579,49.61
2022-10-19,Maharashtra,0,0,0,16582189,33415579,49.62
2022-10-20,Maharashtra,632,15,521,16597775,33415579,49.67
2022-10-21,Maharashtra,591,14,487,16618950,33415579,49.73
2022-10-22,Maharashtra,240,6,198,16622802,33415579,49.75
2022-10-23,Maharashtra,12,0,10,16653930,33415579,49.84
2022-10-24,Maharashtra,17,0,14,16684595,33415579,49.93
2022-10-25,Maharashtra,0,0,0,16723450,33415579,50.05
2022-10-26,Maharashtra,0,0,0,16724269,33415579,50.05
2022-10-27,Maharashtra,0,0,0,16729081,33415579,50.06
2022-10-28,Maharashtra,459,11,378,16739348,33415579,50.09
2022-10-29,Maharashtra,353,9,291,16761255,33415579,50.16
2022-10-30,Maharashtra,0,0,0,16790604,33415579,50.25
2022-10-31,Maharashtra,267,6,220,16800695,33415579,50.28
2022-11-01,Maharashtra,0,0,0,16818631,33415579,50.33
2022-11-02,Maharashtra,0,0,0,16844306,33415579,50.41
2022-11-03,Maharashtra,148,4,122,16871524,33415579,50.49
2022-11-04,Maharashtra,0,0,0,16897844,33415579,50.57
2022-11-05,Maharashtra,0,0,0,16929855,33415579,50.66
2022-11-06,Maharashtra,24,1,20,16967635,33415579,50.78
2022-11-07,Maharashtra,24,1,20,17009582,33415579,50.9
2022-11-08,Maharashtra,0,0,0,17057849,33415579,51.05
2022-11-09,Maharashtra,134,3,110,17077492,33415579,51.11
2022-11-10,Maharashtra,318,8,262,17093900,33415579,51.16
2022-11-11,Maharashtra,122,3,101,17107844,33415579,51.2
2022-11-12,Maharashtra,0,0,0,17125348,33415579,51.25
2022-11-13,Maharashtra,807,19,665,17152288,33415579,51.33
2022-11-14,Maharashtra,0,0,0,17182497,33415579,51.42
2022-11-15,Maharashtra,232,6,191,17185981,33415579,51.43
2022-11-16,Maharashtra,73,2,60,17235919,33415579,51.58
2022-11-17,Maharashtra,604,15,498,17238014,33415579,51.59
2022-11-18,Maharashtra,116,3,96,17258063,33415579,51.65
2022-11-19,Maharashtra,180,4,148,17280674,33415579,51.71
2022-11-20,Maharashtra,152,4,125,17297937,33415579,51.77
2022-11-21,Maharashtra,0,0,0,17308840,33415579,51.8
2022-11-22,Maharashtra,0,0,0,17335367,33415579,51.88
2022-11-23,Maharashtra,0,0,0,17335727,33415579,51.88
2022-11-24,Maharashtra,287,7,237,17372895,33415579,51.99
2022-11-25,Maharashtra,70,2,58,17406863,33415579,52.09
2022-11-26,Maharashtra,0,0,0,17445410,33415579,52.21
2022-11-27,Maharashtra,412,10,340,17486217,33415579,52.33
2022-11-28,Maharashtra,0,0,0,17530593,33415579,52.46
2022-11-29,Maharashtra,0,0,0,17537986,33415579,52.48
2022-11-30,Maharashtra,0,0,0,17579737,33415579,52.61
2022-12-01,Maharashtra,362,9,298,17607932,33415579,52.69
2022-12-02,Maharashtra,0,0,0,17614106,33415579,52.71
2022-12-03,Maharashtra,290,7,239,17663305,33415579,52.86
2022-12-04,Maharashtra,0,0,0,17703891,33415579,52.98
2022-12-05,Maharashtra,307,7,253,17717328,33415579,53.02
2022-12-06,Maharashtra,0,0,0,17761856,33415579,53.15
2022-12-07,Maharashtra,123,3,101,17798396,33415579,53.26
2022-12-08,Maharashtra,79,2,65,17820750,33415579,53.33
2022-12-09,Maharashtra,101,2,83,17828855,33415579,53.35
2022-12-10,Maharashtra,505,12,416,17865410,33415579,53.46
2022-12-11,Maharashtra,0,0,0,17912014,33415579,53.6
2022-12-12,Maharashtra,0,0,0,17921649,33415579,53.63
2022-12-13,Maharashtra,59,1,49,17921670,33415579,53.63
2022-12-14,Maharashtra,14,0,12,17933145,33415579,53.67
2022-12-15,Maharashtra,0,0,0,17947881,33415579,53.71
2022-12-16,Maharashtra,0,0,0,17966838,33415579,53.77
2022-12-17,Maharashtra,459,11,378,18015659,33415579,53.91
2022-12-18,Maharashtra,0,0,0,18063831,33415579,54.06
2022-12-19,Maharashtra,731,18,602,18097365,33415579,54.16
2022-12-20,Maharashtra,158,4,130,18108234,33415579,54.19
2022-12-21,Maharashtra,0,0,0,18118826,33415579,54.22
2022-12-22,Maharashtra,166,4,137,18122907,33415579,54.23
2022-12-23,Maharashtra,33,1,27,18162475,33415579,54.35
2022-12-24,Maharashtra,403,10,332,18173516,33415579,54.39
2022-12-25,Maharashtra,0,0,0,18218420,33415579,54.52
2022-12-26,Maharashtra,0,0,0,18248438,33415579,54.61
2022-12-27,Maharashtra,108,3,89,18272801,33415579,54.68
2022-12-28,Maharashtra,251,6,207,18319265,33415579,54.82
2022-12-29,Maharashtra,86,2,71,18327066,33415579,54.85
2022-12-30,Maharashtra,202,5,166,18350251,33415579,54.92
2022-12-31,Maharashtra,158,4,130,18363180,33415579,54.95
2021-01-01,Karnataka,3214,72,2848,33082,15915325,0.21
2021-01-02,Karnataka,3498,78,3100,68086,15915325,0.43
2021-01-03,Karnataka,3645,82,3230,82476,15915325,0.52
2021-01-04,Karnataka,3817,86,3382,86421,15915325,0.54
2021-01-05,Karnataka,3787,85,3356,97992,15915325,0.62
2021-01-06,Karnataka,4020,90,3562,120123,15915325,0.75
2021-01-07,Karnataka,3961,89,3510,137020,15915325,0.86
2021-01-08,Karnataka,3888,87,3445,146673,15915325,0.92
2021-01-09,Karnataka,4649,104,4120,147306,15915325,0.93
2021-01-10,Karnataka,4656,104,4126,182186,15915325,1.14
2021-01-11,Karnataka,5407,121,4791,215533,15915325,1.35
2021-01-12,Karnataka,4638,104,4110,223601,15915325,1.4
2021-01-13,Karnataka,5594,126,4957,262759,15915325,1.65
2021-01-14,Karnataka,6363,143,5639,311637,15915325,1.96
2021-01-15,Karnataka,5896,132,5225,361628,15915325,2.27
2021-01-16,Karnataka,6179,139,5476,371354,15915325,2.33
2021-01-17,Karnataka,6542,147,5797,392713,15915325,2.47
2021-01-18,Karnataka,6804,153,6029,395348,15915325,2.48
2021-01-19,Karnataka,6774,152,6003,395963,15915325,2.49
2021-01-20,Karnataka,6842,154,6063,438140,15915325,2.75
2021-01-21,Karnataka,7592,170,6728,486542,15915325,3.06
2021-01-22,Karnataka,7080,159,6274,496655,15915325,3.12
2021-01-23,Karnataka,8162,183,7233,519840,15915325,3.27
2021-01-24,Karnataka,8059,181,7142,521040,15915325,3.27
2021-01-25,Karnataka,8445,189,7484,561827,15915325,3.53
2021-01-26,Karnataka,8557,192,7583,589230,15915325,3.7
2021-01-27,Karnataka,9418,211,8346,603837,15915325,3.79
2021-01-28,Karnataka,9340,210,8277,652298,15915325,4.1
2021-01-29,Karnataka,9448,212,8372,659098,15915325,4.14
2021-01-30,Karnataka,9721,218,8614,672472,15915325,4.23
2021-01-31,Karnataka,10065,226,8919,709858,15915325,4.46
2021-02-01,Karnataka,11114,249,9849,730294,15915325,4.59
2021-02-02,Karnataka,10286,231,9115,765321,15915325,4.81
2021-02-03,Karnataka,11294,253,10008,777179,15915325,4.88
2021-02-04,Karnataka,11427,256,10126,810097,15915325,5.09
2021-02-05,Karnataka,12008,269,10641,837996,15915325,5.27
2021-02-06,Karnataka,12023,270,10654,840347,15915325,5.28
2021-02-07,Karnataka,12123,272,10743,856486,15915325,5.38
2021-02-08,Karnataka,12716,285,11268,871358,15915325,5.47
2021-02-09,Karnataka,12765,286,11312,900926,15915325,5.66
2021-02-10,Karnataka,13208,296,11704,922840,15915325,5.8
2021-02-11,Karnataka,13693,307,12134,946741,15915325,5.95
2021-02-12,Karnataka,13573,305,12028,955217,15915325,6.0
2021-02-13,Karnataka,13695,307,12136,1001662,15915325,6.29
2021-02-14,Karnataka,13905,312,12322,1039147,15915325,6.53
2021-02-15,Karnataka,14504,325,12853,1072647,15915325,6.74
2021-02-16,Karnataka,14373,323,12737,1086429,15915325,6.83
2021-02-17,Karnataka,14795,332,13111,1120558,15915325,7.04
2021-02-18,Karnataka,14868,334,13175,1132303,15915325,7.11
2021-02-19,Karnataka,15564,349,13792,1156626,15915325,7.27
2021-02-20,Karnataka,15433,346,13676,1170038,15915325,7.35
2021-02-21,Karnataka,15514,348,13748,1185195,15915325,7.45
2021-02-22,Karnataka,15803,355,14004,1217664,15915325,7.65
2021-02-23,Karnataka,16193,363,14349,1233362,15915325,7.75
2021-02-24,Karnataka,16442,369,14570,1269868,15915325,7.98
2021-02-25,Karnataka,16875,379,14954,1295067,15915325,8.14
2021-02-26,Karnataka,16958,381,15027,1344121,15915325,8.45
2021-02-27,Karnataka,17315,389,15344,1353716,15915325,8.51
2021-02-28,Karnataka,17528,393,15532,1400958,15915325,8.8
2021-03-01,Karnataka,17796,399,15770,1407579,15915325,8.84
2021-03-02,Karnataka,17173,385,15218,1435063,15915325,9.02
2021-03-03,Karnataka,17569,394,15569,1453681,15915325,9.13
2021-03-04,Karnataka,18225,409,16150,1491295,15915325,9.37
2021-03-05,Karnataka,18264,410,16185,1497818,15915325,9.41
2021-03-06,Karnataka,18625,418,16505,1510556,15915325,9.49
2021-03-07,Karnataka,17990,404,15942,1522094,15915325,9.56
2021-03-08,Karnataka,18421,413,16324,1568131,15915325,9.85
2021-03-09,Karnataka,18573,417,16459,1594882,15915325,10.02
2021-03-10,Karnataka,18800,422,16660,1603093,15915325,10.07
2021-03-11,Karnataka,18838,423,16693,1642597,15915325,10.32
2021-03-12,Karnataka,19033,427,16866,1656875,15915325,10.41
2021-03-13,Karnataka,18911,424,16758,1668113,15915325,10.48
2021-03-14,Karnataka,19399,435,17190,1692829,15915325,10.64
2021-03-15,Karnataka,19525,438,17302,1732412,15915325,10.89
2021-03-16,Karnataka,18701,420,16572,1774389,15915325,11.15
2021-03-17,Karnataka,19056,428,16887,1775166,15915325,11.15
2021-03-18,Karnataka,19277,433,17082,1820069,15915325,11.44
2021-03-19,Karnataka,19196,431,17011,1869920,15915325,11.75
2021-03-20,Karnataka,18869,423,16721,1885964,15915325,11.85
2021-03-21,Karnataka,19027,427,16861,1911810,15915325,12.01
2021-03-22,Karnataka,18423,413,16326,1930629,15915325,12.13
2021-03-23,Karnataka,18829,422,16685,1954423,15915325,12.28
2021-03-24,Karnataka,18321,411,16235,1987039,15915325,12.49
2021-03-25,Karnataka,18825,422,16682,2019566,15915325,12.69
2021-03-26,Karnataka,18240,409,16163,2043300,15915325,12.84
2021-03-27,Karnataka,18515,415,16407,2067058,15915325,12.99
2021-03-28,Karnataka,18442,414,16342,2091486,15915325,13.14
2021-03-29,Karnataka,18239,409,16163,2111887,15915325,13.27
2021-03-30,Karnataka,17887,401,15851,2118047,15915325,13.31
2021-03-31,Karnataka,17863,401,15829,2136596,15915325,13.42
2021-04-01,Karnataka,18120,407,16057,2172372,15915325,13.65
2021-04-02,Karnataka,17469,392,15480,2221263,15915325,13.96
2021-04-03,Karnataka,17425,391,15441,2261897,15915325,14.21
2021-04-04,Karnataka,17064,383,15121,2304971,15915325,14.48
2021-04-05,Karnataka,17341,389,15367,2344126,15915325,14.73
2021-04-06,Karnataka,16855,378,14936,2369246,15915325,14.89
2021-04-07,Karnataka,16391,368,14525,2403346,15915325,15.1
2021-04-08,Karnataka,16403,368,14536,2445168,15915325,15.36
2021-04-09,Karnataka,16103,361,14270,2456313,15915325,15.43
2021-04-10,Karnataka,16361,367,14498,2463767,15915325,15.48
2021-04-11,Karnataka,15691,352,13905,2477085,15915325,15.56
2021-04-12,Karnataka,15045,338,13332,2503557,15915325,15.73
2021-04-13,Karnataka,15360,345,13611,2542867,15915325,15.98
2021-04-14,Karnataka,15491,348,13727,2565375,15915325,16.12
2021-04-15,Karnataka,15055,338,13341,2614518,15915325,16.43
2021-04-16,Karnataka,14102,316,12497,2630762,15915325,16.53
2021-04-17,Karnataka,14085,316,12481,2653860,15915325,16.67
2021-04-18,Karnataka,13886,312,12305,2699781,15915325,16.96
2021-04-19,Karnataka,13617,306,12067,2708316,15915325,17.02
2021-04-20,Karnataka,13461,302,11928,2749940,15915325,17.28
2021-04-21,Karnataka,12966,291,11490,2757490,15915325,17.33
2021-04-22,Karnataka,12516,281,11091,2802844,15915325,17.61
2021-04-23,Karnataka,12796,287,11339,2819005,15915325,17.71
2021-04-24,Karnataka,11892,267,10538,2850765,15915325,17.91
2021-04-25,Karnataka,11707,263,10374,2886350,15915325,18.14
2021-04-26,Karnataka,11327,254,10037,2905161,15915325,18.25
2021-04-27,Karnataka,11568,260,10251,2932675,15915325,18.43
2021-04-28,Karnataka,11136,250,9868,2970515,15915325,18.66
2021-04-29,Karnataka,11090,249,9827,3014308,15915325,18.94
2021-04-30,Karnataka,10312,231,9138,3019736,15915325,18.97
2021-05-01,Karnataka,9896,222,8769,3044508,15915325,19.13
2021-05-02,Karnataka,9865,221,8742,3087161,15915325,19.4
2021-05-03,Karnataka,9672,217,8571,3114955,15915325,19.57
2021-05-04,Karnataka,9521,214,8437,3116393,15915325,19.58
2021-05-05,Karnataka,8688,195,7699,3122668,15915325,19.62
2021-05-06,Karnataka,9075,204,8042,3163578,15915325,19.88
2021-05-07,Karnataka,8405,189,7448,3184745,15915325,20.01
2021-05-08,Karnataka,8224,185,7288,3219942,15915325,20.23
2021-05-09,Karnataka,8520,191,7550,3264573,15915325,20.51
2021-05-10,Karnataka,7268,163,6441,3268996,15915325,20.54
2021-05-11,Karnataka,7778,175,6892,3291751,15915325,20.68
2021-05-12,Karnataka,7541,169,6682,3299100,15915325,20.73
2021-05-13,Karnataka,6968,156,6175,3341210,15915325,20.99
2021-05-14,Karnataka,6854,154,6074,3363829,15915325,21.14
2021-05-15,Karnataka,7134,160,6322,3407661,15915325,21.41
2021-05-16,Karnataka,7141,160,6328,3422654,15915325,21.51
2021-05-17,Karnataka,6662,149,5904,3429920,15915325,21.55
2021-05-18,Karnataka,6705,150,5942,3473284,15915325,21.82
2021-05-19,Karnataka,5734,129,5081,3503943,15915325,22.02
2021-05-20,Karnataka,5276,118,4675,3513584,15915325,22.08
2021-05-21,Karnataka,5549,125,4917,3548297,15915325,22.29
2021-05-22,Karnataka,5627,126,4986,3569150,15915325,22.43
2021-05-23,Karnataka,4657,104,4127,3571481,15915325,22.44
2021-05-24,Karnataka,4769,107,4226,3584504,15915325,22.52
2021-05-25,Karnataka,4642,104,4114,3622008,15915325,22.76
2021-05-26,Karnataka,4840,109,4289,3628367,15915325,22.8
2021-05-27,Karnataka,4655,104,4125,3645249,15915325,22.9
2021-05-28,Karnataka,4213,95,3733,3658236,15915325,22.99
2021-05-29,Karnataka,4366,98,3869,3694882,15915325,23.22
2021-05-30,Karnataka,3841,86,3404,3737881,15915325,23.49
2021-05-31,Karnataka,3936,88,3488,3777260,15915325,23.73
2021-06-01,Karnataka,3570,80,3164,3813035,15915325,23.96
2021-06-02,Karnataka,3796,85,3364,3817512,15915325,23.99
2021-06-03,Karnataka,3500,79,3102,3863224,15915325,24.27
2021-06-04,Karnataka,3852,86,3413,3871315,15915325,24.32
2021-06-05,Karnataka,3549,80,3145,3891578,15915325,24.45
2021-06-06,Karnataka,3407,76,3019,3932967,15915325,24.71
2021-06-07,Karnataka,3929,88,3482,3944987,15915325,24.79
2021-06-08,Karnataka,3444,77,3052,3955827,15915325,24.86
2021-06-09,Karnataka,3156,71,2797,3957142,15915325,24.86
2021-06-10,Karnataka,3034,68,2689,3975052,15915325,24.98
2021-06-11,Karnataka,2804,63,2485,3999809,15915325,25.13
2021-06-12,Karnataka,3093,69,2741,4023178,15915325,25.28
2021-06-13,Karnataka,3166,71,2806,4025164,15915325,25.29
2021-06-14,Karnataka,2466,55,2185,4035412,15915325,25.36
2021-06-15,Karnataka,2604,58,2308,4035625,15915325,25.36
2021-06-16,Karnataka,2836,64,2513,4046873,15915325,25.43
2021-06-17,Karnataka,2646,59,2345,4077108,15915325,25.62
2021-06-18,Karnataka,2977,67,2638,4077544,15915325,25.62
2021-06-19,Karnataka,3014,68,2671,4085785,15915325,25.67
2021-06-20,Karnataka,2923,66,2590,4112985,15915325,25.84
2021-06-21,Karnataka,3130,70,2774,4140973,15915325,26.02
2021-06-22,Karnataka,2800,63,2481,4185784,15915325,26.3
2021-06-23,Karnataka,2977,67,2638,4214460,15915325,26.48
2021-06-24,Karnataka,2710,61,2401,4260753,15915325,26.77
2021-06-25,Karnataka,3122,70,2767,4296944,15915325,27.0
2021-06-26,Karnataka,3090,69,2738,4324467,15915325,27.17
2021-06-27,Karnataka,2742,62,2430,4343623,15915325,27.29
2021-06-28,Karnataka,3095,69,2743,4349188,15915325,27.33
2021-06-29,Karnataka,3174,71,2813,4384445,15915325,27.55
2021-06-30,Karnataka,3318,74,2940,4431348,15915325,27.84
2021-07-01,Karnataka,3381,76,2996,4449646,15915325,27.96
2021-07-02,Karnataka,3126,70,2770,4467421,15915325,28.07
2021-07-03,Karnataka,3633,82,3219,4472310,15915325,28.1
2021-07-04,Karnataka,3626,81,3213,4502193,15915325,28.29
2021-07-05,Karnataka,3320,74,2942,4517692,15915325,28.39
2021-07-06,Karnataka,3267,73,2895,4518200,15915325,28.39
2021-07-07,Karnataka,3492,78,3094,4518578,15915325,28.39
2021-07-08,Karnataka,3325,75,2946,4535357,15915325,28.5
2021-07-09,Karnataka,3912,88,3467,4558480,15915325,28.64
2021-07-10,Karnataka,4292,96,3803,4581338,15915325,28.79
2021-07-11,Karnataka,4453,100,3946,4618353,15915325,29.02
2021-07-12,Karnataka,3793,85,3361,4644755,15915325,29.18
2021-07-13,Karnataka,4452,100,3945,4683992,15915325,29.43
2021-07-14,Karnataka,4341,97,3847,4698842,15915325,29.52
2021-07-15,Karnataka,3699,83,3278,4710446,15915325,29.6
2021-07-16,Karnataka,4423,99,3919,4737423,15915325,29.77
2021-07-17,Karnataka,4497,101,3985,4742705,15915325,29.8
2021-07-18,Karnataka,5104,115,4523,4780930,15915325,30.04
2021-07-19,Karnataka,4592,103,4069,4790201,15915325,30.1
2021-07-20,Karnataka,5137,115,4552,4835955,15915325,30.39
2021-07-21,Karnataka,5053,113,4478,4885140,15915325,30.69
2021-07-22,Karnataka,4771,107,4228,4912014,15915325,30.86
2021-07-23,Karnataka,5160,116,4573,4927619,15915325,30.96
2021-07-24,Karnataka,5908,133,5235,4944552,15915325,31.07
2021-07-25,Karnataka,5522,124,4893,4966016,15915325,31.2
2021-07-26,Karnataka,5972,134,5292,4989979,15915325,31.35
2021-07-27,Karnataka,6084,137,5391,4993760,15915325,31.38
2021-07-28,Karnataka,5824,131,5161,5003636,15915325,31.44
2021-07-29,Karnataka,5704,128,5055,5043102,15915325,31.69
2021-07-30,Karnataka,5875,132,5206,5045737,15915325,31.7
2021-07-31,Karnataka,6789,152,6016,5068161,15915325,31.84
2021-08-01,Karnataka,6533,147,5789,5111912,15915325,32.12
2021-08-02,Karnataka,6102,137,5407,5116281,15915325,32.15
2021-08-03,Karnataka,7008,157,6210,5162557,15915325,32.44
2021-08-04,Karnataka,6358,143,5634,5186204,15915325,32.59
2021-08-05,Karnataka,6782,152,6010,5207373,15915325,32.72
2021-08-06,Karnataka,7191,161,6372,5243036,15915325,32.94
2021-08-07,Karnataka,8059,181,7142,5281896,15915325,33.19
2021-08-08,Karnataka,7685,172,6810,5305547,15915325,33.34
2021-08-09,Karnataka,7432,167,6586,5309703,15915325,33.36
2021-08-10,Karnataka,7722,173,6843,5358134,15915325,33.67
2021-08-11,Karnataka,8125,182,7200,5358576,15915325,33.67
2021-08-12,Karnataka,8411,189,7453,5402159,15915325,33.94
2021-08-13,Karnataka,8045,181,7129,5423861,15915325,34.08
2021-08-14,Karnataka,8188,184,7256,5449601,15915325,34.24
2021-08-15,Karnataka,8137,183,7211,5487852,15915325,34.48
2021-08-16,Karnataka,8718,196,7725,5534877,15915325,34.78
2021-08-17,Karnataka,8957,201,7937,5542397,15915325,34.82
2021-08-18,Karnataka,8197,184,7264,5582966,15915325,35.08
2021-08-19,Karnataka,8787,197,7787,5616022,15915325,35.29
2021-08-20,Karnataka,8668,194,7681,5634435,15915325,35.4
2021-08-21,Karnataka,9202,206,8154,5655721,15915325,35.54
2021-08-22,Karnataka,8908,200,7894,5694291,15915325,35.78
2021-08-23,Karnataka,9004,202,7979,5701292,15915325,35.82
2021-08-24,Karnataka,9855,221,8733,5726584,15915325,35.98
2021-08-25,Karnataka,9585,215,8494,5762693,15915325,36.21
2021-08-26,Karnataka,9730,218,8622,5789648,15915325,36.38
2021-08-27,Karnataka,9989,224,8852,5812040,15915325,36.52
2021-08-28,Karnataka,10259,230,9091,5838071,15915325,36.68
2021-08-29,Karnataka,9948,223,8815,5863647,15915325,36.84
2021-08-30,Karnataka,10058,226,8913,5903830,15915325,37.1
2021-08-31,Karnataka,10159,228,9002,5944877,15915325,37.35
2021-09-01,Karnataka,10698,240,9480,5990805,15915325,37.64
2021-09-02,Karnataka,10446,234,9257,5994411,15915325,37.66
2021-09-03,Karnataka,10469,235,9277,6010386,15915325,37.76
2021-09-04,Karnataka,10761,241,9536,6054224,15915325,38.04
2021-09-05,Karnataka,11276,253,9992,6086320,15915325,38.24
2021-09-06,Karnataka,10828,243,9595,6105160,15915325,38.36
2021-09-07,Karnataka,10801,242,9571,6136580,15915325,38.56
2021-09-08,Karnataka,11537,259,10224,6159737,15915325,38.7
2021-09-09,Karnataka,11421,256,10121,6204111,15915325,38.98
2021-09-10,Karnataka,11441,257,10138,6232016,15915325,39.16
2021-09-11,Karnataka,10995,247,9743,6254376,15915325,39.3
2021-09-12,Karnataka,11021,247,9766,6285554,15915325,39.49
2021-09-13,Karnataka,10703,240,9484,6295062,15915325,39.55
2021-09-14,Karnataka,11590,260,10271,6333599,15915325,39.8
2021-09-15,Karnataka,11366,255,10072,6343753,15915325,39.86
2021-09-16,Karnataka,10841,243,9607,6344938,15915325,39.87
2021-09-17,Karnataka,11776,264,10435,6347501,15915325,39.88
2021-09-18,Karnataka,11344,255,10053,6350807,15915325,39.9
2021-09-19,Karnataka,11406,256,10107,6355843,15915325,39.94
2021-09-20,Karnataka,11037,248,9780,6358376,15915325,39.95
2021-09-21,Karnataka,11655,262,10328,6373436,15915325,40.05
2021-09-22,Karnataka,11669,262,10341,6421475,15915325,40.35
2021-09-23,Karnataka,11511,258,10201,6426603,15915325,40.38
2021-09-24,Karnataka,11402,256,10104,6460408,15915325,40.59
2021-09-25,Karnataka,12314,276,10912,6503962,15915325,40.87
2021-09-26,Karnataka,11158,250,9888,6544423,15915325,41.12
2021-09-27,Karnataka,11291,253,10006,6562523,15915325,41.23
2021-09-28,Karnataka,11703,263,10371,6565160,15915325,41.25
2021-09-29,Karnataka,11166,251,9895,6583583,15915325,41.37
2021-09-30,Karnataka,11119,249,9853,6613661,15915325,41.56
2021-10-01,Karnataka,11755,264,10417,6651536,15915325,41.79
2021-10-02,Karnataka,11563,259,10247,6658626,15915325,41.84
2021-10-03,Karnataka,11488,258,10180,6673692,15915325,41.93
2021-10-04,Karnataka,11354,255,10061,6703766,15915325,42.12
2021-10-05,Karnataka,11044,248,9787,6739525,15915325,42.35
2021-10-06,Karnataka,11125,250,9858,6755070,15915325,42.44
2021-10-07,Karnataka,11121,250,9855,6796191,15915325,42.7
2021-10-08,Karnataka,11338,254,10047,6836281,15915325,42.95
2021-10-09,Karnataka,11148,250,9879,6854289,15915325,43.07
2021-10-10,Karnataka,10674,240,9459,6881092,15915325,43.24
2021-10-11,Karnataka,11117,249,9851,6904982,15915325,43.39
2021-10-12,Karnataka,10301,231,9128,6938422,15915325,43.6
2021-10-13,Karnataka,10629,238,9419,6954533,15915325,43.7
2021-10-14,Karnataka,10299,231,9126,6971012,15915325,43.8
2021-10-15,Karnataka,10297,231,9125,6992170,15915325,43.93
2021-10-16,Karnataka,11042,248,9785,7002962,15915325,44.0
2021-10-17,Karnataka,9929,223,8799,7031999,15915325,44.18
2021-10-18,Karnataka,10028,225,8886,7079902,15915325,44.48
2021-10-19,Karnataka,10326,232,9150,7097383,15915325,44.59
2021-10-20,Karnataka,9929,223,8799,7140432,15915325,44.87
2021-10-21,Karnataka,10010,225,8870,7163638,15915325,45.01
2021-10-22,Karnataka,10284,231,9113,7171927,15915325,45.06
2021-10-23,Karnataka,9939,223,8807,7196738,15915325,45.22
2021-10-24,Karnataka,9488,213,8408,7221708,15915325,45.38
2021-10-25,Karnataka,9472,213,8394,7222933,15915325,45.38
2021-10-26,Karnataka,9552,214,8465,7246900,15915325,45.53
2021-10-27,Karnataka,9462,212,8385,7255082,15915325,45.59
2021-10-28,Karnataka,9154,205,8112,7294803,15915325,45.84
2021-10-29,Karnataka,9131,205,8091,7321871,15915325,46.01
2021-10-30,Karnataka,9004,202,7979,7337079,15915325,46.1
2021-10-31,Karnataka,8739,196,7744,7337211,15915325,46.1
2021-11-01,Karnataka,8455,190,7492,7365760,15915325,46.28
2021-11-02,Karnataka,8727,196,7733,7400969,15915325,46.5
2021-11-03,Karnataka,8458,190,7495,7422173,15915325,46.64
2021-11-04,Karnataka,7612,171,6745,7467446,15915325,46.92
2021-11-05,Karnataka,7853,176,6959,7477258,15915325,46.98
2021-11-06,Karnataka,7820,175,6930,7514986,15915325,47.22
2021-11-07,Karnataka,7766,174,6882,7539770,15915325,47.37
2021-11-08,Karnataka,8050,181,7134,7555477,15915325,47.47
2021-11-09,Karnataka,8511,191,7542,7569886,15915325,47.56
2021-11-10,Karnataka,6673,150,5913,7592378,15915325,47.7
2021-11-11,Karnataka,7363,165,6525,7596406,15915325,47.73
2021-11-12,Karnataka,7153,161,6339,7628941,15915325,47.93
2021-11-13,Karnataka,6938,156,6148,7649381,15915325,48.06
2021-11-14,Karnataka,7015,157,6216,7683402,15915325,48.28
2021-11-15,Karnataka,6757,152,5988,7709163,15915325,48.44
2021-11-16,Karnataka,6464,145,5728,7758037,15915325,48.75
2021-11-17,Karnataka,6442,145,5709,7762168,15915325,48.77
2021-11-18,Karnataka,6462,145,5726,7786817,15915325,48.93
2021-11-19,Karnataka,6295,141,5578,7813631,15915325,49.1
2021-11-20,Karnataka,6076,136,5384,7826107,15915325,49.17
2021-11-21,Karnataka,5707,128,5057,7859725,15915325,49.38
2021-11-22,Karnataka,6592,148,5842,7877834,15915325,49.5
2021-11-23,Karnataka,5719,128,5068,7916010,15915325,49.74
2021-11-24,Karnataka,5706,128,5056,7962132,15915325,50.03
2021-11-25,Karnataka,5192,116,4601,8004813,15915325,50.3
2021-11-26,Karnataka,5269,118,4669,8036448,15915325,50.5
2021-11-27,Karnataka,5136,115,4551,8072345,15915325,50.72
2021-11-28,Karnataka,4378,98,3880,8115557,15915325,50.99
2021-11-29,Karnataka,4609,103,4084,8164589,15915325,51.3
2021-11-30,Karnataka,4477,100,3967,8200793,15915325,51.53
2021-12-01,Karnataka,4392,99,3892,8246442,15915325,51.81
2021-12-02,Karnataka,4127,93,3657,8294713,15915325,52.12
2021-12-03,Karnataka,4340,97,3846,8303507,15915325,52.17
2021-12-04,Karnataka,4625,104,4098,8328568,15915325,52.33
2021-12-05,Karnataka,4127,93,3657,8346438,15915325,52.44
2021-12-06,Karnataka,3616,81,3204,8393933,15915325,52.74
2021-12-07,Karnataka,3546,80,3142,8431134,15915325,52.97
2021-12-08,Karnataka,3629,81,3216,8475428,15915325,53.25
2021-12-09,Karnataka,3206,72,2841,8492907,15915325,53.36
2021-12-10,Karnataka,3613,81,3202,8535061,15915325,53.63
2021-12-11,Karnataka,3820,86,3385,8539121,15915325,53.65
2021-12-12,Karnataka,3136,70,2779,8586075,15915325,53.95
2021-12-13,Karnataka,3228,72,2861,8597570,15915325,54.02
2021-12-14,Karnataka,2975,67,2636,8623846,15915325,54.19
2021-12-15,Karnataka,2815,63,2495,8659662,15915325,54.41
2021-12-16,Karnataka,2963,66,2626,8696803,15915325,54.64
2021-12-17,Karnataka,2612,59,2315,8707413,15915325,54.71
2021-12-18,Karnataka,2475,56,2193,8735179,15915325,54.89
2021-12-19,Karnataka,2140,48,1896,8761704,15915325,55.05
2021-12-20,Karnataka,2556,57,2265,8800517,15915325,55.3
2021-12-21,Karnataka,2770,62,2455,8816560,15915325,55.4
2021-12-22,Karnataka,2577,58,2284,8854747,15915325,55.64
2021-12-23,Karnataka,2729,61,2418,8885561,15915325,55.83
2021-12-24,Karnataka,1998,45,1771,8923481,15915325,56.07
2021-12-25,Karnataka,2376,53,2105,8967241,15915325,56.34
2021-12-26,Karnataka,1713,38,1518,8988663,15915325,56.48
2021-12-27,Karnataka,2182,49,1934,9010272,15915325,56.61
2021-12-28,Karnataka,2389,54,2117,9050086,15915325,56.86
2021-12-29,Karnataka,1974,44,1749,9089179,15915325,57.11
2021-12-30,Karnataka,2254,51,1997,9133003,15915325,57.38
2021-12-31,Karnataka,1509,34,1337,9160524,15915325,57.56
2022-01-01,Karnataka,1583,36,1403,9192336,15915325,57.76
2022-01-02,Karnataka,1285,29,1139,9195291,15915325,57.78
2022-01-03,Karnataka,1509,34,1337,9218023,15915325,57.92
2022-01-04,Karnataka,1520,34,1347,9230337,15915325,58.0
2022-01-05,Karnataka,1389,31,1231,9272999,15915325,58.26
2022-01-06,Karnataka,1183,27,1048,9279120,15915325,58.3
2022-01-07,Karnataka,1124,25,996,9318042,15915325,58.55
2022-01-08,Karnataka,1322,30,1171,9359883,15915325,58.81
2022-01-09,Karnataka,1120,25,992,9383363,15915325,58.96
2022-01-10,Karnataka,773,17,685,9416772,15915325,59.17
2022-01-11,Karnataka,502,11,445,9445765,15915325,59.35
2022-01-12,Karnataka,846,19,750,9480222,15915325,59.57
2022-01-13,Karnataka,566,13,502,9514513,15915325,59.78
2022-01-14,Karnataka,687,15,609,9527165,15915325,59.86
2022-01-15,Karnataka,770,17,682,9561581,15915325,60.08
2022-01-16,Karnataka,813,18,720,9606669,15915325,60.36
2022-01-17,Karnataka,619,14,549,9622220,15915325,60.46
2022-01-18,Karnataka,1439,32,1275,9637547,15915325,60.56
2022-01-19,Karnataka,368,8,326,9652181,15915325,60.65
2022-01-20,Karnataka,1075,24,953,9697767,15915325,60.93
2022-01-21,Karnataka,630,14,558,9742134,15915325,61.21
2022-01-22,Karnataka,450,10,399,9759523,15915325,61.32
2022-01-23,Karnataka,793,18,703,9806373,15915325,61.62
2022-01-24,Karnataka,452,10,401,9844446,15915325,61.86
2022-01-25,Karnataka,317,7,281,9864549,15915325,61.98
2022-01-26,Karnataka,1069,24,947,9905806,15915325,62.24
2022-01-27,Karnataka,0,0,0,9951474,15915325,62.53
2022-01-28,Karnataka,408,9,362,9994899,15915325,62.8
2022-01-29,Karnataka,515,12,456,10018433,15915325,62.95
2022-01-30,Karnataka,858,19,760,10029266,15915325,63.02
2022-01-31,Karnataka,294,7,261,10037626,15915325,63.07
2022-02-01,Karnataka,1191,27,1055,10078994,15915325,63.33
2022-02-02,Karnataka,600,13,532,10115638,15915325,63.56
2022-02-03,Karnataka,0,0,0,10151080,15915325,63.78
2022-02-04,Karnataka,0,0,0,10153374,15915325,63.8
2022-02-05,Karnataka,389,9,345,10201640,15915325,64.1
2022-02-06,Karnataka,0,0,0,10207335,15915325,64.14
2022-02-07,Karnataka,450,10,399,10236360,15915325,64.32
2022-02-08,Karnataka,134,3,119,10283410,15915325,64.61
2022-02-09,Karnataka,0,0,0,10295514,15915325,64.69
2022-02-10,Karnataka,0,0,0,10321395,15915325,64.85
2022-02-11,Karnataka,484,11,429,10363404,15915325,65.12
2022-02-12,Karnataka,0,0,0,10376722,15915325,65.2
2022-02-13,Karnataka,518,12,459,10381807,15915325,65.23
2022-02-14,Karnataka,515,12,456,10405827,15915325,65.38
2022-02-15,Karnataka,83,2,74,10445578,15915325,65.63
2022-02-16,Karnataka,0,0,0,10474486,15915325,65.81
2022-02-17,Karnataka,329,7,292,10496617,15915325,65.95
2022-02-18,Karnataka,7,0,6,10528562,15915325,66.15
2022-02-19,Karnataka,0,0,0,10531151,15915325,66.17
2022-02-20,Karnataka,709,16,628,10548562,15915325,66.28
2022-02-21,Karnataka,0,0,0,10592460,15915325,66.56
2022-02-22,Karnataka,0,0,0,10611830,15915325,66.68
2022-02-23,Karnataka,199,4,176,10660088,15915325,66.98
2022-02-24,Karnataka,86,2,76,10687576,15915325,67.15
2022-02-25,Karnataka,546,12,484,10734270,15915325,67.45
2022-02-26,Karnataka,0,0,0,10765603,15915325,67.64
2022-02-27,Karnataka,0,0,0,10786546,15915325,67.77
2022-02-28,Karnataka,184,4,163,10832613,15915325,68.06
2022-03-01,Karnataka,138,3,122,10846112,15915325,68.15
2022-03-02,Karnataka,142,3,126,10865725,15915325,68.27
2022-03-03,Karnataka,150,3,133,10901847,15915325,68.5
2022-03-04,Karnataka,114,3,101,10945581,15915325,68.77
2022-03-05,Karnataka,0,0,0,10955245,15915325,68.83
2022-03-06,Karnataka,307,7,272,11004905,15915325,69.15
2022-03-07,Karnataka,0,0,0,11026435,15915325,69.28
2022-03-08,Karnataka,291,7,258,11043385,15915325,69.39
2022-03-09,Karnataka,463,10,410,11049812,15915325,69.43
2022-03-10,Karnataka,0,0,0,11051176,15915325,69.44
2022-03-11,Karnataka,762,17,675,11079045,15915325,69.61
2022-03-12,Karnataka,0,0,0,11109263,15915325,69.8
2022-03-13,Karnataka,0,0,0,11113955,15915325,69.83
2022-03-14,Karnataka,195,4,173,11159137,15915325,70.12
2022-03-15,Karnataka,164,4,145,11186331,15915325,70.29
2022-03-16,Karnataka,51,1,45,11189000,15915325,70.3
2022-03-17,Karnataka,273,6,242,11231068,15915325,70.57
2022-03-18,Karnataka,101,2,90,11240925,15915325,70.63
2022-03-19,Karnataka,643,14,570,11274569,15915325,70.84
2022-03-20,Karnataka,6,0,5,11308376,15915325,71.05
2022-03-21,Karnataka,0,0,0,11348895,15915325,71.31
2022-03-22,Karnataka,0,0,0,11389377,15915325,71.56
2022-03-23,Karnataka,159,4,141,11438658,15915325,71.87
2022-03-24,Karnataka,162,4,144,11442990,15915325,71.9
2022-03-25,Karnataka,77,2,68,11461235,15915325,72.01
2022-03-26,Karnataka,0,0,0,11479421,15915325,72.13
2022-03-27,Karnataka,346,8,307,11498232,15915325,72.25
2022-03-28,Karnataka,593,13,525,11510168,15915325,72.32
2022-03-29,Karnataka,20,0,18,11521861,15915325,72.39
2022-03-30,Karnataka,554,12,491,11570104,15915325,72.7
2022-03-31,Karnataka,270,6,239,11615047,15915325,72.98
2022-04-01,Karnataka,675,15,598,11649170,15915325,73.19
2022-04-02,Karnataka,150,3,133,11676918,15915325,73.37
2022-04-03,Karnataka,49,1,43,11700699,15915325,73.52
2022-04-04,Karnataka,260,6,230,11734803,15915325,73.73
2022-04-05,Karnataka,0,0,0,11777920,15915325,74.0
2022-04-06,Karnataka,128,3,113,11799233,15915325,74.14
2022-04-07,Karnataka,405,9,359,11826116,15915325,74.31
2022-04-08,Karnataka,251,6,222,11871722,15915325,74.59
2022-04-09,Karnataka,0,0,0,11917288,15915325,74.88
2022-04-10,Karnataka,65,1,58,11928783,15915325,74.95
2022-04-11,Karnataka,231,5,205,11940723,15915325,75.03
2022-04-12,Karnataka,221,5,196,11950937,15915325,75.09
2022-04-13,Karnataka,229,5,203,11952303,15915325,75.1
2022-04-14,Karnataka,105,2,93,11987025,15915325,75.32
2022-04-15,Karnataka,0,0,0,12008461,15915325,75.45
2022-04-16,Karnataka,0,0,0,12010046,15915325,75.46
2022-04-17,Karnataka,141,3,125,12020259,15915325,75.53
2022-04-18,Karnataka,252,6,223,12046866,15915325,75.69
2022-04-19,Karnataka,213,5,189,12088652,15915325,75.96
2022-04-20,Karnataka,0,0,0,12121798,15915325,76.16
2022-04-21,Karnataka,0,0,0,12148444,15915325,76.33
2022-04-22,Karnataka,0,0,0,12157766,15915325,76.39
2022-04-23,Karnataka,0,0,0,12172199,15915325,76.48
2022-04-24,Karnataka,26,1,23,12211294,15915325,76.73
2022-04-25,Karnataka,409,9,362,12249972,15915325,76.97
2022-04-26,Karnataka,31,1,27,12293380,15915325,77.24
2022-04-27,Karnataka,574,13,509,12319724,15915325,77.41
2022-04-28,Karnataka,0,0,0,12333377,15915325,77.49
2022-04-29,Karnataka,10,0,9,12358516,15915325,77.65
2022-04-30,Karnataka,0,0,0,12403326,15915325,77.93
2022-05-01,Karnataka,0,0,0,12412365,15915325,77.99
2022-05-02,Karnataka,0,0,0,12454711,15915325,78.26
2022-05-03,Karnataka,0,0,0,12504471,15915325,78.57
2022-05-04,Karnataka,0,0,0,12545463,15915325,78.83
2022-05-05,Karnataka,26,1,23,12578413,15915325,79.03
2022-05-06,Karnataka,0,0,0,12598872,15915325,79.16
2022-05-07,Karnataka,0,0,0,12641613,15915325,79.43
2022-05-08,Karnataka,123,3,109,12649653,15915325,79.48
2022-05-09,Karnataka,0,0,0,12687639,15915325,79.72
2022-05-10,Karnataka,25,1,22,12707723,15915325,79.85
2022-05-11,Karnataka,255,6,226,12732869,15915325,80.0
2022-05-12,Karnataka,281,6,249,12756028,15915325,80.15
2022-05-13,Karnataka,155,3,137,12756514,15915325,80.15
2022-05-14,Karnataka,0,0,0,12805846,15915325,80.46
2022-05-15,Karnataka,0,0,0,12839179,15915325,80.67
2022-05-16,Karnataka,0,0,0,12869180,15915325,80.86
2022-05-17,Karnataka,496,11,440,12874217,15915325,80.89
2022-05-18,Karnataka,82,2,73,12913157,15915325,81.14
2022-05-19,Karnataka,0,0,0,12961230,15915325,81.44
2022-05-20,Karnataka,169,4,150,13001962,15915325,81.69
2022-05-21,Karnataka,15,0,13,13014425,15915325,81.77
2022-05-22,Karnataka,68,2,60,13023495,15915325,81.83
2022-05-23,Karnataka,0,0,0,13041861,15915325,81.95
2022-05-24,Karnataka,0,0,0,13042991,15915325,81.95
2022-05-25,Karnataka,299,7,265,13070568,15915325,82.13
2022-05-26,Karnataka,0,0,0,13093479,15915325,82.27
2022-05-27,Karnataka,144,3,128,13118609,15915325,82.43
2022-05-28,Karnataka,0,0,0,13168108,15915325,82.74
2022-05-29,Karnataka,0,0,0,13200865,15915325,82.94
2022-05-30,Karnataka,0,0,0,13221707,15915325,83.08
2022-05-31,Karnataka,0,0,0,13260879,15915325,83.32
2022-06-01,Karnataka,30,1,27,13279365,15915325,83.44
2022-06-02,Karnataka,222,5,197,13317247,15915325,83.68
2022-06-03,Karnataka,242,5,214,13363884,15915325,83.97
2022-06-04,Karnataka,0,0,0,13409288,15915325,84.25
2022-06-05,Karnataka,113,3,100,13435232,15915325,84.42
2022-06-06,Karnataka,219,5,194,13458727,15915325,84.56
2022-06-07,Karnataka,66,1,58,13478605,15915325,84.69
2022-06-08,Karnataka,151,3,134,13505313,15915325,84.86
2022-06-09,Karnataka,0,0,0,13552123,15915325,85.15
2022-06-10,Karnataka,0,0,0,13595826,15915325,85.43
2022-06-11,Karnataka,410,9,363,13626149,15915325,85.62
2022-06-12,Karnataka,0,0,0,13640265,15915325,85.71
2022-06-13,Karnataka,667,15,591,13659091,15915325,85.82
2022-06-14,Karnataka,0,0,0,13671387,15915325,85.9
2022-06-15,Karnataka,469,11,416,13680712,15915325,85.96
2022-06-16,Karnataka,0,0,0,13681168,15915325,85.96
2022-06-17,Karnataka,259,6,230,13719862,15915325,86.21
2022-06-18,Karnataka,0,0,0,13756786,15915325,86.44
2022-06-19,Karnataka,35,1,31,13765740,15915325,86.49
2022-06-20,Karnataka,179,4,159,13800119,15915325,86.71
2022-06-21,Karnataka,0,0,0,13808388,15915325,86.76
2022-06-22,Karnataka,240,5,213,13822224,15915325,86.85
2022-06-23,Karnataka,0,0,0,13835151,15915325,86.93
2022-06-24,Karnataka,53,1,47,13841646,15915325,86.97
2022-06-25,Karnataka,0,0,0,13878097,15915325,87.2
2022-06-26,Karnataka,0,0,0,13880223,15915325,87.21
2022-06-27,Karnataka,379,9,336,13900491,15915325,87.34
2022-06-28,Karnataka,208,5,184,13924884,15915325,87.49
2022-06-29,Karnataka,266,6,236,13953740,15915325,87.67
2022-06-30,Karnataka,16,0,14,13963414,15915325,87.74
2022-07-01,Karnataka,503,11,446,13986984,15915325,87.88
2022-07-02,Karnataka,87,2,77,14026653,15915325,88.13
2022-07-03,Karnataka,0,0,0,14045368,15915325,88.25
2022-07-04,Karnataka,257,6,228,14092869,15915325,88.55
2022-07-05,Karnataka,277,6,245,14114358,15915325,88.68
2022-07-06,Karnataka,189,4,167,14153200,15915325,88.93
2022-07-07,Karnataka,0,0,0,14158907,15915325,88.96
2022-07-08,Karnataka,84,2,74,14201486,15915325,89.23
2022-07-09,Karnataka,418,9,370,14225472,15915325,89.38
2022-07-10,Karnataka,143,3,127,14275011,15915325,89.69
2022-07-11,Karnataka,0,0,0,14310041,15915325,89.91
2022-07-12,Karnataka,0,0,0,14347081,15915325,90.15
2022-07-13,Karnataka,0,0,0,14354504,15915325,90.19
2022-07-14,Karnataka,0,0,0,14382870,15915325,90.37
2022-07-15,Karnataka,0,0,0,14419772,15915325,90.6
2022-07-16,Karnataka,567,13,502,14460272,15915325,90.86
2022-07-17,Karnataka,0,0,0,14479089,15915325,90.98
2022-07-18,Karnataka,0,0,0,14507281,15915325,91.15
2022-07-19,Karnataka,0,0,0,14515950,15915325,91.21
2022-07-20,Karnataka,260,6,230,14537575,15915325,91.34
2022-07-21,Karnataka,0,0,0,14561370,15915325,91.49
2022-07-22,Karnataka,0,0,0,14562995,15915325,91.5
2022-07-23,Karnataka,0,0,0,14608825,15915325,91.79
2022-07-24,Karnataka,176,4,156,14640974,15915325,91.99
2022-07-25,Karnataka,0,0,0,14650124,15915325,92.05
2022-07-26,Karnataka,0,0,0,14694999,15915325,92.33
2022-07-27,Karnataka,0,0,0,14729569,15915325,92.55
2022-07-28,Karnataka,0,0,0,14764226,15915325,92.77
2022-07-29,Karnataka,83,2,74,14810872,15915325,93.06
2022-07-30,Karnataka,279,6,247,14831079,15915325,93.19
2022-07-31,Karnataka,440,10,390,14848835,15915325,93.3
2022-08-01,Karnataka,0,0,0,14879679,15915325,93.49
2022-08-02,Karnataka,186,4,165,14924105,15915325,93.77
2022-08-03,Karnataka,0,0,0,14964752,15915325,94.03
2022-08-04,Karnataka,877,20,777,15004084,15915325,94.27
2022-08-05,Karnataka,415,9,368,15042296,15915325,94.51
2022-08-06,Karnataka,511,11,453,15044045,15915325,94.53
2022-08-07,Karnataka,241,5,214,15068603,15915325,94.68
2022-08-08,Karnataka,115,3,102,15086388,15915325,94.79
2022-08-09,Karnataka,0,0,0,15104471,15915325,94.91
2022-08-10,Karnataka,0,0,0,15147270,15915325,95.17
2022-08-11,Karnataka,0,0,0,15167113,15915325,95.3
2022-08-12,Karnataka,185,4,164,15208953,15915325,95.56
2022-08-13,Karnataka,468,11,415,15254348,15915325,95.85
2022-08-14,Karnataka,0,0,0,15277104,15915325,95.99
2022-08-15,Karnataka,0,0,0,15285596,15915325,96.04
2022-08-16,Karnataka,0,0,0,15320517,15915325,96.26
2022-08-17,Karnataka,73,2,65,15363665,15915325,96.53
2022-08-18,Karnataka,369,8,327,15383969,15915325,96.66
2022-08-19,Karnataka,384,9,340,15393733,15915325,96.72
2022-08-20,Karnataka,414,9,367,15419761,15915325,96.89
2022-08-21,Karnataka,125,3,111,15468805,15915325,97.19
2022-08-22,Karnataka,27,1,24,15494658,15915325,97.36
2022-08-23,Karnataka,385,9,341,15517075,15915325,97.5
2022-08-24,Karnataka,0,0,0,15539072,15915325,97.64
2022-08-25,Karnataka,0,0,0,15575743,15915325,97.87
2022-08-26,Karnataka,513,12,455,15592791,15915325,97.97
2022-08-27,Karnataka,0,0,0,15629259,15915325,98.2
2022-08-28,Karnataka,0,0,0,15678585,15915325,98.51
2022-08-29,Karnataka,189,4,167,15717211,15915325,98.76
2022-08-30,Karnataka,25,1,22,15763643,15915325,99.05
2022-08-31,Karnataka,345,8,306,15803112,15915325,99.29
2022-09-01,Karnataka,458,10,406,15845294,15915325,99.56
2022-09-02,Karnataka,144,3,128,15847247,15915325,99.57
2022-09-03,Karnataka,417,9,370,15864895,15915325,99.68
2022-09-04,Karnataka,0,0,0,15878561,15915325,99.77
2022-09-05,Karnataka,0,0,0,15915325,15915325,100.0
2022-09-06,Karnataka,722,16,640,15915325,15915325,100.0
2022-09-07,Karnataka,583,13,517,15915325,15915325,100.0
2022-09-08,Karnataka,0,0,0,15915325,15915325,100.0
2022-09-09,Karnataka,0,0,0,15915325,15915325,100.0
2022-09-10,Karnataka,41,1,36,15915325,15915325,100.0
2022-09-11,Karnataka,125,3,111,15915325,15915325,100.0
2022-09-12,Karnataka,382,9,339,15915325,15915325,100.0
2022-09-13,Karnataka,552,12,489,15915325,15915325,100.0
2022-09-14,Karnataka,11,0,10,15915325,15915325,100.0
2022-09-15,Karnataka,337,8,299,15915325,15915325,100.0
2022-09-16,Karnataka,194,4,172,15915325,15915325,100.0
2022-09-17,Karnataka,0,0,0,15915325,15915325,100.0
2022-09-18,Karnataka,0,0,0,15915325,15915325,100.0
2022-09-19,Karnataka,306,7,271,15915325,15915325,100.0
2022-09-20,Karnataka,182,4,161,15915325,15915325,100.0
2022-09-21,Karnataka,117,3,104,15915325,15915325,100.0
2022-09-22,Karnataka,0,0,0,15915325,15915325,100.0
2022-09-23,Karnataka,588,13,521,15915325,15915325,100.0
2022-09-24,Karnataka,46,1,41,15915325,15915325,100.0
2022-09-25,Karnataka,0,0,0,15915325,15915325,100.0
2022-09-26,Karnataka,0,0,0,15915325,15915325,100.0
2022-09-27,Karnataka,203,5,180,15915325,15915325,100.0
2022-09-28,Karnataka,212,5,188,15915325,15915325,100.0
2022-09-29,Karnataka,0,0,0,15915325,15915325,100.0
2022-09-30,Karnataka,139,3,123,15915325,15915325,100.0
2022-10-01,Karnataka,200,4,177,15915325,15915325,100.0
2022-10-02,Karnataka,42,1,37,15915325,15915325,100.0
2022-10-03,Karnataka,0,0,0,15915325,15915325,100.0
2022-10-04,Karnataka,288,6,255,15915325,15915325,100.0
2022-10-05,Karnataka,251,6,222,15915325,15915325,100.0
2022-10-06,Karnataka,170,4,151,15915325,15915325,100.0
2022-10-07,Karnataka,0,0,0,15915325,15915325,100.0
2022-10-08,Karnataka,0,0,0,15915325,15915325,100.0
2022-10-09,Karnataka,23,1,20,15915325,15915325,100.0
2022-10-10,Karnataka,279,6,247,15915325,15915325,100.0
2022-10-11,Karnataka,312,7,276,15915325,15915325,100.0
2022-10-12,Karnataka,175,4,155,15915325,15915325,100.0
2022-10-13,Karnataka,0,0,0,15915325,15915325,100.0
2022-10-14,Karnataka,0,0,0,15915325,15915325,100.0
2022-10-15,Karnataka,0,0,0,15915325,15915325,100.0
2022-10-16,Karnataka,0,0,0,15915325,15915325,100.0
2022-10-17,Karnataka,332,7,294,15915325,15915325,100.0
2022-10-18,Karnataka,0,0,0,15915325,15915325,100.0
2022-10-19,Karnataka,0,0,0,15915325,15915325,100.0
2022-10-20,Karnataka,616,14,546,15915325,15915325,100.0
2022-10-21,Karnataka,465,10,412,15915325,15915325,100.0
2022-10-22,Karnataka,0,0,0,15915325,15915325,100.0
2022-10-23,Karnataka,441,10,391,15915325,15915325,100.0
2022-10-24,Karnataka,0,0,0,15915325,15915325,100.0
2022-10-25,Karnataka,0,0,0,15915325,15915325,100.0
2022-10-26,Karnataka,0,0,0,15915325,15915325,100.0
2022-10-27,Karnataka,0,0,0,15915325,15915325,100.0
2022-10-28,Karnataka,186,4,165,15915325,15915325,100.0
2022-10-29,Karnataka,32,1,28,15915325,15915325,100.0
2022-10-30,Karnataka,184,4,163,15915325,15915325,100.0
2022-10-31,Karnataka,0,0,0,15915325,15915325,100.0
2022-11-01,Karnataka,112,3,99,15915325,15915325,100.0
2022-11-02,Karnataka,24,1,21,15915325,15915325,100.0
2022-11-03,Karnataka,0,0,0,15915325,15915325,100.0
2022-11-04,Karnataka,145,3,128,15915325,15915325,100.0
2022-11-05,Karnataka,29,1,26,15915325,15915325,100.0
2022-11-06,Karnataka,0,0,0,15915325,15915325,100.0
2022-11-07,Karnataka,0,0,0,15915325,15915325,100.0
2022-11-08,Karnataka,0,0,0,15915325,15915325,100.0
2022-11-09,Karnataka,0,0,0,15915325,15915325,100.0
2022-11-10,Karnataka,528,12,468,15915325,15915325,100.0
2022-11-11,Karnataka,627,14,556,15915325,15915325,100.0
2022-11-12,Karnataka,0,0,0,15915325,15915325,100.0
2022-11-13,Karnataka,146,3,129,15915325,15915325,100.0
2022-11-14,Karnataka,286,6,253,15915325,15915325,100.0
2022-11-15,Karnataka,0,0,0,15915325,15915325,100.0
2022-11-16,Karnataka,278,6,246,15915325,15915325,100.0
2022-11-17,Karnataka,496,11,440,15915325,15915325,100.0
2022-11-18,Karnataka,0,0,0,15915325,15915325,100.0
2022-11-19,Karnataka,40,1,35,15915325,15915325,100.0
2022-11-20,Karnataka,587,13,520,15915325,15915325,100.0
2022-11-21,Karnataka,0,0,0,15915325,15915325,100.0
2022-11-22,Karnataka,0,0,0,15915325,15915325,100.0
2022-11-23,Karnataka,0,0,0,15915325,15915325,100.0
2022-11-24,Karnataka,316,7,280,15915325,15915325,100.0
2022-11-25,Karnataka,357,8,316,15915325,15915325,100.0
2022-11-26,Karnataka,49,1,43,15915325,15915325,100.0
2022-11-27,Karnataka,10,0,9,15915325,15915325,100.0
2022-11-28,Karnataka,0,0,0,15915325,15915325,100.0
2022-11-29,Karnataka,427,10,378,15915325,15915325,100.0
2022-11-30,Karnataka,0,0,0,15915325,15915325,100.0
2022-12-01,Karnataka,0,0,0,15915325,15915325,100.0
2022-12-02,Karnataka,291,7,258,15915325,15915325,100.0
2022-12-03,Karnataka,59,1,52,15915325,15915325,100.0
2022-12-04,Karnataka,301,7,267,15915325,15915325,100.0
2022-12-05,Karnataka,181,4,160,15915325,15915325,100.0
2022-12-06,Karnataka,61,1,54,15915325,15915325,100.0
2022-12-07,Karnataka,93,2,82,15915325,15915325,100.0
2022-12-08,Karnataka,0,0,0,15915325,15915325,100.0
2022-12-09,Karnataka,0,0,0,15915325,15915325,100.0
2022-12-10,Karnataka,325,7,288,15915325,15915325,100.0
2022-12-11,Karnataka,0,0,0,15915325,15915325,100.0
2022-12-12,Karnataka,0,0,0,15915325,15915325,100.0
2022-12-13,Karnataka,0,0,0,15915325,15915325,100.0
2022-12-14,Karnataka,46,1,41,15915325,15915325,100.0
2022-12-15,Karnataka,421,9,373,15915325,15915325,100.0
2022-12-16,Karnataka,164,4,145,15915325,15915325,100.0
2022-12-17,Karnataka,0,0,0,15915325,15915325,100.0
2022-12-18,Karnataka,195,4,173,15915325,15915325,100.0
2022-12-19,Karnataka,0,0,0,15915325,15915325,100.0
2022-12-20,Karnataka,153,3,136,15915325,15915325,100.0
2022-12-21,Karnataka,0,0,0,15915325,15915325,100.0
2022-12-22,Karnataka,0,0,0,15915325,15915325,100.0
2022-12-23,Karnataka,0,0,0,15915325,15915325,100.0
2022-12-24,Karnataka,0,0,0,15915325,15915325,100.0
2022-12-25,Karnataka,92,2,82,15915325,15915325,100.0
2022-12-26,Karnataka,0,0,0,15915325,15915325,100.0
2022-12-27,Karnataka,0,0,0,15915325,15915325,100.0
2022-12-28,Karnataka,220,5,195,15915325,15915325,100.0
2022-12-29,Karnataka,333,7,295,15915325,15915325,100.0
2022-12-30,Karnataka,174,4,154,15915325,15915325,100.0
2022-12-31,Karnataka,0,0,0,15915325,15915325,100.0
2021-01-01,Tamil Nadu,147,2,131,14423,14947717,0.1
2021-01-02,Tamil Nadu,119,2,106,42966,14947717,0.29
2021-01-03,Tamil Nadu,199,3,178,73779,14947717,0.49
2021-01-04,Tamil Nadu,127,2,113,102081,14947717,0.68
2021-01-05,Tamil Nadu,0,0,0,143929,14947717,0.96
2021-01-06,Tamil Nadu,538,8,480,169464,14947717,1.13
2021-01-07,Tamil Nadu,450,6,402,210516,14947717,1.41
2021-01-08,Tamil Nadu,876,12,782,213419,14947717,1.43
2021-01-09,Tamil Nadu,441,6,394,231419,14947717,1.55
2021-01-10,Tamil Nadu,224,3,200,267048,14947717,1.79
2021-01-11,Tamil Nadu,181,3,162,286222,14947717,1.91
2021-01-12,Tamil Nadu,404,6,361,322785,14947717,2.16
2021-01-13,Tamil Nadu,578,8,516,352380,14947717,2.36
2021-01-14,Tamil Nadu,361,5,322,376589,14947717,2.52
2021-01-15,Tamil Nadu,17,0,15,404481,14947717,2.71
2021-01-16,Tamil Nadu,262,4,234,449559,14947717,3.01
2021-01-17,Tamil Nadu,515,7,460,483487,14947717,3.23
2021-01-18,Tamil Nadu,759,11,678,532683,14947717,3.56
2021-01-19,Tamil Nadu,120,2,107,537470,14947717,3.6
2021-01-20,Tamil Nadu,675,10,603,578115,14947717,3.87
2021-01-21,Tamil Nadu,693,10,619,622677,14947717,4.17
2021-01-22,Tamil Nadu,524,7,468,669070,14947717,4.48
2021-01-23,Tamil Nadu,517,7,461,696025,14947717,4.66
2021-01-24,Tamil Nadu,508,7,453,720400,14947717,4.82
2021-01-25,Tamil Nadu,808,11,721,749585,14947717,5.01
2021-01-26,Tamil Nadu,1143,16,1020,795297,14947717,5.32
2021-01-27,Tamil Nadu,1204,17,1075,838634,14947717,5.61
2021-01-28,Tamil Nadu,550,8,491,885385,14947717,5.92
2021-01-29,Tamil Nadu,874,12,780,933838,14947717,6.25
2021-01-30,Tamil Nadu,318,5,284,965016,14947717,6.46
2021-01-31,Tamil Nadu,1056,15,943,977967,14947717,6.54
2021-02-01,Tamil Nadu,1251,18,1117,985503,14947717,6.59
2021-02-02,Tamil Nadu,1594,23,1423,1030386,14947717,6.89
2021-02-03,Tamil Nadu,640,9,571,1038001,14947717,6.94
2021-02-04,Tamil Nadu,905,13,808,1041521,14947717,6.97
2021-02-05,Tamil Nadu,1331,19,1188,1065136,14947717,7.13
2021-02-06,Tamil Nadu,862,12,769,1102296,14947717,7.37
2021-02-07,Tamil Nadu,1460,21,1303,1139075,14947717,7.62
2021-02-08,Tamil Nadu,1659,24,1481,1151782,14947717,7.71
2021-02-09,Tamil Nadu,1154,16,1030,1176851,14947717,7.87
2021-02-10,Tamil Nadu,1646,23,1469,1221571,14947717,8.17
2021-02-11,Tamil Nadu,1313,19,1172,1261563,14947717,8.44
2021-02-12,Tamil Nadu,2163,31,1931,1307400,14947717,8.75
2021-02-13,Tamil Nadu,1888,27,1685,1345889,14947717,9.0
2021-02-14,Tamil Nadu,1712,24,1528,1350446,14947717,9.03
2021-02-15,Tamil Nadu,1613,23,1440,1360626,14947717,9.1
2021-02-16,Tamil Nadu,2184,31,1950,1369078,14947717,9.16
2021-02-17,Tamil Nadu,2561,36,2286,1375716,14947717,9.2
2021-02-18,Tamil Nadu,2011,29,1795,1418640,14947717,9.49
2021-02-19,Tamil Nadu,2202,31,1966,1453931,14947717,9.73
2021-02-20,Tamil Nadu,2202,31,1966,1499617,14947717,10.03
2021-02-21,Tamil Nadu,2992,43,2671,1515636,14947717,10.14
2021-02-22,Tamil Nadu,2053,29,1833,1564627,14947717,10.47
2021-02-23,Tamil Nadu,3114,44,2780,1611196,14947717,10.78
2021-02-24,Tamil Nadu,2721,39,2429,1616497,14947717,10.81
2021-02-25,Tamil Nadu,2922,42,2608,1659922,14947717,11.1
2021-02-26,Tamil Nadu,2953,42,2636,1665460,14947717,11.14
2021-02-27,Tamil Nadu,3243,46,2895,1688021,14947717,11.29
2021-02-28,Tamil Nadu,3070,44,2740,1697060,14947717,11.35
2021-03-01,Tamil Nadu,3728,53,3328,1726085,14947717,11.55
2021-03-02,Tamil Nadu,3865,55,3450,1726968,14947717,11.55
2021-03-03,Tamil Nadu,3368,48,3006,1769323,14947717,11.84
2021-03-04,Tamil Nadu,3994,57,3565,1793140,14947717,12.0
2021-03-05,Tamil Nadu,3822,54,3412,1836708,14947717,12.29
2021-03-06,Tamil Nadu,4082,58,3644,1858375,14947717,12.43
2021-03-07,Tamil Nadu,4665,66,4164,1886223,14947717,12.62
2021-03-08,Tamil Nadu,4149,59,3704,1923126,14947717,12.87
2021-03-09,Tamil Nadu,4777,68,4264,1971721,14947717,13.19
2021-03-10,Tamil Nadu,4788,68,4274,1990434,14947717,13.32
2021-03-11,Tamil Nadu,4747,67,4237,2016482,14947717,13.49
2021-03-12,Tamil Nadu,5073,72,4528,2032703,14947717,13.6
2021-03-13,Tamil Nadu,5198,74,4640,2034758,14947717,13.61
2021-03-14,Tamil Nadu,4941,70,4411,2078411,14947717,13.9
2021-03-15,Tamil Nadu,5274,75,4708,2106545,14947717,14.09
2021-03-16,Tamil Nadu,5314,75,4744,2125165,14947717,14.22
2021-03-17,Tamil Nadu,5719,81,5105,2164015,14947717,14.48
2021-03-18,Tamil Nadu,6384,91,5699,2204949,14947717,14.75
2021-03-19,Tamil Nadu,6336,90,5656,2254195,14947717,15.08
2021-03-20,Tamil Nadu,5917,84,5282,2276036,14947717,15.23
2021-03-21,Tamil Nadu,6452,92,5759,2281304,14947717,15.26
2021-03-22,Tamil Nadu,6796,97,6066,2305570,14947717,15.42
2021-03-23,Tamil Nadu,7143,101,6376,2327596,14947717,15.57
2021-03-24,Tamil Nadu,6923,98,6180,2337970,14947717,15.64
2021-03-25,Tamil Nadu,6948,99,6202,2367302,14947717,15.84
2021-03-26,Tamil Nadu,7506,107,6700,2388007,14947717,15.98
2021-03-27,Tamil Nadu,7901,112,7053,2432080,14947717,16.27
2021-03-28,Tamil Nadu,8011,114,7151,2434465,14947717,16.29
2021-03-29,Tamil Nadu,7888,112,7041,2470259,14947717,16.53
2021-03-30,Tamil Nadu,8896,126,7941,2500355,14947717,16.73
2021-03-31,Tamil Nadu,8560,122,7641,2511917,14947717,16.8
2021-04-01,Tamil Nadu,8869,126,7917,2529538,14947717,16.92
2021-04-02,Tamil Nadu,8838,126,7889,2572507,14947717,17.21
2021-04-03,Tamil Nadu,9596,136,8566,2590711,14947717,17.33
2021-04-04,Tamil Nadu,9666,137,8628,2623923,14947717,17.55
2021-04-05,Tamil Nadu,9822,140,8768,2649549,14947717,17.73
2021-04-06,Tamil Nadu,9617,137,8585,2694306,14947717,18.02
2021-04-07,Tamil Nadu,10529,150,9399,2727334,14947717,18.25
2021-04-08,Tamil Nadu,10668,152,9523,2769052,14947717,18.52
2021-04-09,Tamil Nadu,10988,156,9808,2814231,14947717,18.83
2021-04-10,Tamil Nadu,10939,155,9765,2820694,14947717,18.87
2021-04-11,Tamil Nadu,11152,158,9955,2862380,14947717,19.15
2021-04-12,Tamil Nadu,11369,162,10148,2910403,14947717,19.47
2021-04-13,Tamil Nadu,12358,176,11031,2912213,14947717,19.48
2021-04-14,Tamil Nadu,11764,167,10501,2934927,14947717,19.63
2021-04-15,Tamil Nadu,11825,168,10555,2947669,14947717,19.72
2021-04-16,Tamil Nadu,12325,175,11002,2996796,14947717,20.05
2021-04-17,Tamil Nadu,12534,178,11188,3014394,14947717,20.17
2021-04-18,Tamil Nadu,13331,189,11900,3023744,14947717,20.23
2021-04-19,Tamil Nadu,12806,182,11431,3028524,14947717,20.26
2021-04-20,Tamil Nadu,13305,189,11877,3068189,14947717,20.53
2021-04-21,Tamil Nadu,13793,196,12312,3071128,14947717,20.55
2021-04-22,Tamil Nadu,14379,204,12835,3086372,14947717,20.65
2021-04-23,Tamil Nadu,14476,206,12922,3114091,14947717,20.83
2021-04-24,Tamil Nadu,15012,213,13400,3116331,14947717,20.85
2021-04-25,Tamil Nadu,14894,212,13295,3125070,14947717,20.91
2021-04-26,Tamil Nadu,14994,213,13384,3174772,14947717,21.24
2021-04-27,Tamil Nadu,15576,221,13904,3197665,14947717,21.39
2021-04-28,Tamil Nadu,15174,216,13545,3212841,14947717,21.49
2021-04-29,Tamil Nadu,15336,218,13690,3256330,14947717,21.78
2021-04-30,Tamil Nadu,16406,233,14645,3260355,14947717,21.81
2021-05-01,Tamil Nadu,16440,234,14675,3273563,14947717,21.9
2021-05-02,Tamil Nadu,16929,241,15112,3316587,14947717,22.19
2021-05-03,Tamil Nadu,16646,236,14859,3354232,14947717,22.44
2021-05-04,Tamil Nadu,17548,249,15664,3375833,14947717,22.58
2021-05-05,Tamil Nadu,17623,250,15731,3424870,14947717,22.91
2021-05-06,Tamil Nadu,17671,251,15774,3453692,14947717,23.11
2021-05-07,Tamil Nadu,17999,256,16067,3490961,14947717,23.35
2021-05-08,Tamil Nadu,18296,260,16332,3540203,14947717,23.68
2021-05-09,Tamil Nadu,18187,258,16234,3565419,14947717,23.85
2021-05-10,Tamil Nadu,18580,264,16585,3589454,14947717,24.01
2021-05-11,Tamil Nadu,19042,271,16998,3622636,14947717,24.24
2021-05-12,Tamil Nadu,19061,271,17015,3625990,14947717,24.26
2021-05-13,Tamil Nadu,18991,270,16952,3647420,14947717,24.4
2021-05-14,Tamil Nadu,19760,281,17639,3681979,14947717,24.63
2021-05-15,Tamil Nadu,20158,286,17994,3700928,14947717,24.76
2021-05-16,Tamil Nadu,20461,291,18264,3736457,14947717,25.0
2021-05-17,Tamil Nadu,20530,292,18326,3756623,14947717,25.13
2021-05-18,Tamil Nadu,20841,296,18604,3766333,14947717,25.2
2021-05-19,Tamil Nadu,21113,300,18846,3773647,14947717,25.25
2021-05-20,Tamil Nadu,21057,299,18796,3800917,14947717,25.43
2021-05-21,Tamil Nadu,20610,293,18397,3810593,14947717,25.49
2021-05-22,Tamil Nadu,21802,310,19461,3829054,14947717,25.62
2021-05-23,Tamil Nadu,21389,304,19093,3855051,14947717,25.79
2021-05-24,Tamil Nadu,21515,306,19205,3857547,14947717,25.81
2021-05-25,Tamil Nadu,21715,309,19384,3878567,14947717,25.95
2021-05-26,Tamil Nadu,22978,326,20511,3894147,14947717,26.05
2021-05-27,Tamil Nadu,22545,320,20125,3909844,14947717,26.16
2021-05-28,Tamil Nadu,22275,316,19884,3955320,14947717,26.46
2021-05-29,Tamil Nadu,22551,320,20130,4001564,14947717,26.77
2021-05-30,Tamil Nadu,22918,326,20458,4016576,14947717,26.87
2021-05-31,Tamil Nadu,23235,330,20741,4060622,14947717,27.17
2021-06-01,Tamil Nadu,23305,331,20803,4071775,14947717,27.24
2021-06-02,Tamil Nadu,23083,328,20605,4089118,14947717,27.36
2021-06-03,Tamil Nadu,23591,335,21058,4136163,14947717,27.67
2021-06-04,Tamil Nadu,23438,333,20922,4141243,14947717,27.7
2021-06-05,Tamil Nadu,24054,342,21472,4160359,14947717,27.83
2021-06-06,Tamil Nadu,23867,339,21305,4200609,14947717,28.1
2021-06-07,Tamil Nadu,23725,337,21178,4247636,14947717,28.42
2021-06-08,Tamil Nadu,24254,345,21650,4295062,14947717,28.73
2021-06-09,Tamil Nadu,24248,344,21645,4339073,14947717,29.03
2021-06-10,Tamil Nadu,24068,342,21484,4387295,14947717,29.35
2021-06-11,Tamil Nadu,24497,348,21867,4410818,14947717,29.51
2021-06-12,Tamil Nadu,24527,348,21894,4426972,14947717,29.62
2021-06-13,Tamil Nadu,24749,352,22092,4446220,14947717,29.75
2021-06-14,Tamil Nadu,24643,350,21997,4452250,14947717,29.79
2021-06-15,Tamil Nadu,24398,347,21779,4459135,14947717,29.83
2021-06-16,Tamil Nadu,23978,341,21404,4507818,14947717,30.16
2021-06-17,Tamil Nadu,24554,349,21918,4517348,14947717,30.22
2021-06-18,Tamil Nadu,24604,350,21963,4548163,14947717,30.43
2021-06-19,Tamil Nadu,24511,348,21880,4559785,14947717,30.5
2021-06-20,Tamil Nadu,23577,335,21046,4592987,14947717,30.73
2021-06-21,Tamil Nadu,24659,350,22012,4616504,14947717,30.88
2021-06-22,Tamil Nadu,24146,343,21554,4621759,14947717,30.92
2021-06-23,Tamil Nadu,24581,349,21942,4640364,14947717,31.04
2021-06-24,Tamil Nadu,24830,353,22164,4676900,14947717,31.29
2021-06-25,Tamil Nadu,24180,344,21584,4716919,14947717,31.56
2021-06-26,Tamil Nadu,24313,345,21703,4731396,14947717,31.65
2021-06-27,Tamil Nadu,24107,342,21519,4746229,14947717,31.75
2021-06-28,Tamil Nadu,24160,343,21566,4782709,14947717,32.0
2021-06-29,Tamil Nadu,23930,340,21361,4803934,14947717,32.14
2021-06-30,Tamil Nadu,23630,336,21093,4807441,14947717,32.16
2021-07-01,Tamil Nadu,23391,332,20880,4813576,14947717,32.2
2021-07-02,Tamil Nadu,24007,341,21430,4832260,14947717,32.33
2021-07-03,Tamil Nadu,23519,334,20994,4845820,14947717,32.42
2021-07-04,Tamil Nadu,23486,334,20965,4851763,14947717,32.46
2021-07-05,Tamil Nadu,23196,330,20706,4890914,14947717,32.72
2021-07-06,Tamil Nadu,23199,330,20708,4913860,14947717,32.87
2021-07-07,Tamil Nadu,22459,319,20048,4949215,14947717,33.11
2021-07-08,Tamil Nadu,22566,321,20143,4949314,14947717,33.11
2021-07-09,Tamil Nadu,22497,320,20082,4969425,14947717,33.25
2021-07-10,Tamil Nadu,22529,320,20110,4993326,14947717,33.41
2021-07-11,Tamil Nadu,22731,323,20291,5022199,14947717,33.6
2021-07-12,Tamil Nadu,21831,310,19487,5070603,14947717,33.92
2021-07-13,Tamil Nadu,21283,302,18998,5093519,14947717,34.08
2021-07-14,Tamil Nadu,20888,297,18646,5117985,14947717,34.24
2021-07-15,Tamil Nadu,20732,295,18506,5162746,14947717,34.54
2021-07-16,Tamil Nadu,20522,292,18319,5182667,14947717,34.67
2021-07-17,Tamil Nadu,19628,279,17521,5202401,14947717,34.8
2021-07-18,Tamil Nadu,20033,285,17882,5210389,14947717,34.86
2021-07-19,Tamil Nadu,20182,287,18015,5246494,14947717,35.1
2021-07-20,Tamil Nadu,19716,280,17599,5247468,14947717,35.11
2021-07-21,Tamil Nadu,19335,275,17259,5258394,14947717,35.18
2021-07-22,Tamil Nadu,18641,265,16640,5279298,14947717,35.32
2021-07-23,Tamil Nadu,19153,272,17097,5301002,14947717,35.46
2021-07-24,Tamil Nadu,18696,266,16689,5302930,14947717,35.48
2021-07-25,Tamil Nadu,18240,259,16282,5329396,14947717,35.65
2021-07-26,Tamil Nadu,17280,245,15425,5377994,14947717,35.98
2021-07-27,Tamil Nadu,17486,248,15609,5383226,14947717,36.01
2021-07-28,Tamil Nadu,17454,248,15580,5407905,14947717,36.18
2021-07-29,Tamil Nadu,17002,242,15177,5437275,14947717,36.38
2021-07-30,Tamil Nadu,16752,238,14954,5453476,14947717,36.48
2021-07-31,Tamil Nadu,16582,236,14802,5482209,14947717,36.68
2021-08-01,Tamil Nadu,16103,229,14374,5499249,14947717,36.79
2021-08-02,Tamil Nadu,15930,226,14220,5507186,14947717,36.84
2021-08-03,Tamil Nadu,15159,215,13532,5549206,14947717,37.12
2021-08-04,Tamil Nadu,14721,209,13141,5599138,14947717,37.46
2021-08-05,Tamil Nadu,14906,212,13306,5618433,14947717,37.59
2021-08-06,Tamil Nadu,14642,208,13070,5623057,14947717,37.62
2021-08-07,Tamil Nadu,14268,203,12736,5631232,14947717,37.67
2021-08-08,Tamil Nadu,13827,196,12343,5675997,14947717,37.97
2021-08-09,Tamil Nadu,13365,190,11930,5720038,14947717,38.27
2021-08-10,Tamil Nadu,13202,188,11785,5744613,14947717,38.43
2021-08-11,Tamil Nadu,12930,184,11542,5788181,14947717,38.72
2021-08-12,Tamil Nadu,12627,179,11271,5799316,14947717,38.8
2021-08-13,Tamil Nadu,12958,184,11567,5819332,14947717,38.93
2021-08-14,Tamil Nadu,11582,165,10339,5824971,14947717,38.97
2021-08-15,Tamil Nadu,12511,178,11168,5852212,14947717,39.15
2021-08-16,Tamil Nadu,10854,154,9689,5887183,14947717,39.39
2021-08-17,Tamil Nadu,11036,157,9851,5935262,14947717,39.71
2021-08-18,Tamil Nadu,10255,146,9154,5972984,14947717,39.96
2021-08-19,Tamil Nadu,10402,148,9285,6006228,14947717,40.18
2021-08-20,Tamil Nadu,10304,146,9198,6039900,14947717,40.41
2021-08-21,Tamil Nadu,9722,138,8678,6071354,14947717,40.62
2021-08-22,Tamil Nadu,9711,138,8668,6092347,14947717,40.76
2021-08-23,Tamil Nadu,9003,128,8036,6117348,14947717,40.92
2021-08-24,Tamil Nadu,8231,117,7347,6125976,14947717,40.98
2021-08-25,Tamil Nadu,8753,124,7813,6126976,14947717,40.99
2021-08-26,Tamil Nadu,8298,118,7407,6166452,14947717,41.25
2021-08-27,Tamil Nadu,7874,112,7029,6191254,14947717,41.42
2021-08-28,Tamil Nadu,7628,108,6809,6234815,14947717,41.71
2021-08-29,Tamil Nadu,7611,108,6794,6240904,14947717,41.75
2021-08-30,Tamil Nadu,6988,99,6238,6260497,14947717,41.88
2021-08-31,Tamil Nadu,7093,101,6332,6273365,14947717,41.97
2021-09-01,Tamil Nadu,7090,101,6329,6315425,14947717,42.25
2021-09-02,Tamil Nadu,7110,101,6347,6334268,14947717,42.38
2021-09-03,Tamil Nadu,6677,95,5960,6366048,14947717,42.59
2021-09-04,Tamil Nadu,6073,86,5421,6370264,14947717,42.62
2021-09-05,Tamil Nadu,5876,83,5245,6396612,14947717,42.79
2021-09-06,Tamil Nadu,5459,78,4873,6418679,14947717,42.94
2021-09-07,Tamil Nadu,5225,74,4664,6449209,14947717,43.15
2021-09-08,Tamil Nadu,5417,77,4835,6478474,14947717,43.34
2021-09-09,Tamil Nadu,4859,69,4337,6483861,14947717,43.38
2021-09-10,Tamil Nadu,4863,69,4341,6486361,14947717,43.39
2021-09-11,Tamil Nadu,4272,61,3813,6492630,14947717,43.44
2021-09-12,Tamil Nadu,4784,68,4270,6503515,14947717,43.51
2021-09-13,Tamil Nadu,4095,58,3655,6539850,14947717,43.75
2021-09-14,Tamil Nadu,4341,62,3875,6553309,14947717,43.84
2021-09-15,Tamil Nadu,3633,52,3243,6601806,14947717,44.17
2021-09-16,Tamil Nadu,3451,49,3081,6606142,14947717,44.19
2021-09-17,Tamil Nadu,3916,56,3496,6631532,14947717,44.36
2021-09-18,Tamil Nadu,3174,45,2833,6667322,14947717,44.6
2021-09-19,Tamil Nadu,2741,39,2447,6670022,14947717,44.62
2021-09-20,Tamil Nadu,2754,39,2458,6695724,14947717,44.79
2021-09-21,Tamil Nadu,3183,45,2841,6699127,14947717,44.82
2021-09-22,Tamil Nadu,3019,43,2695,6738618,14947717,45.08
2021-09-23,Tamil Nadu,2431,35,2170,6761986,14947717,45.24
2021-09-24,Tamil Nadu,2345,33,2093,6805220,14947717,45.53
2021-09-25,Tamil Nadu,2615,37,2334,6838103,14947717,45.75
2021-09-26,Tamil Nadu,2691,38,2402,6853947,14947717,45.85
2021-09-27,Tamil Nadu,2164,31,1932,6861690,14947717,45.9
2021-09-28,Tamil Nadu,2243,32,2002,6869605,14947717,45.96
2021-09-29,Tamil Nadu,2235,32,1995,6871256,14947717,45.97
2021-09-30,Tamil Nadu,2519,36,2249,6886271,14947717,46.07
2021-10-01,Tamil Nadu,1431,20,1277,6922744,14947717,46.31
2021-10-02,Tamil Nadu,1486,21,1326,6940479,14947717,46.43
2021-10-03,Tamil Nadu,1447,21,1292,6947785,14947717,46.48
2021-10-04,Tamil Nadu,1763,25,1574,6951786,14947717,46.51
2021-10-05,Tamil Nadu,1359,19,1213,6973694,14947717,46.65
2021-10-06,Tamil Nadu,1452,21,1296,6984188,14947717,46.72
2021-10-07,Tamil Nadu,1322,19,1180,7020894,14947717,46.97
2021-10-08,Tamil Nadu,1216,17,1085,7037736,14947717,47.08
2021-10-09,Tamil Nadu,1180,17,1053,7044000,14947717,47.12
2021-10-10,Tamil Nadu,1394,20,1244,7057636,14947717,47.22
2021-10-11,Tamil Nadu,733,10,654,7079773,14947717,47.36
2021-10-12,Tamil Nadu,921,13,822,7081656,14947717,47.38
2021-10-13,Tamil Nadu,546,8,487,7087228,14947717,47.41
2021-10-14,Tamil Nadu,927,13,827,7135276,14947717,47.73
2021-10-15,Tamil Nadu,750,11,669,7152651,14947717,47.85
2021-10-16,Tamil Nadu,1082,15,966,7190058,14947717,48.1
2021-10-17,Tamil Nadu,715,10,638,7235679,14947717,48.41
2021-10-18,Tamil Nadu,541,8,483,7241355,14947717,48.44
2021-10-19,Tamil Nadu,560,8,500,7275661,14947717,48.67
2021-10-20,Tamil Nadu,1112,16,993,7317311,14947717,48.95
2021-10-21,Tamil Nadu,88,1,79,7318465,14947717,48.96
2021-10-22,Tamil Nadu,336,5,300,7334005,14947717,49.06
2021-10-23,Tamil Nadu,503,7,449,7340728,14947717,49.11
2021-10-24,Tamil Nadu,271,4,242,7342320,14947717,49.12
2021-10-25,Tamil Nadu,580,8,518,7357011,14947717,49.22
2021-10-26,Tamil Nadu,388,6,346,7366153,14947717,49.28
2021-10-27,Tamil Nadu,456,6,407,7410930,14947717,49.58
2021-10-28,Tamil Nadu,390,6,348,7422797,14947717,49.66
2021-10-29,Tamil Nadu,301,4,269,7460151,14947717,49.91
2021-10-30,Tamil Nadu,0,0,0,7462724,14947717,49.93
2021-10-31,Tamil Nadu,343,5,306,7493598,14947717,50.13
2021-11-01,Tamil Nadu,0,0,0,7528345,14947717,50.36
2021-11-02,Tamil Nadu,51,1,46,7535974,14947717,50.42
2021-11-03,Tamil Nadu,382,5,341,7557527,14947717,50.56
2021-11-04,Tamil Nadu,577,8,515,7603970,14947717,50.87
2021-11-05,Tamil Nadu,909,13,811,7634674,14947717,51.08
2021-11-06,Tamil Nadu,62,1,55,7675080,14947717,51.35
2021-11-07,Tamil Nadu,0,0,0,7696316,14947717,51.49
2021-11-08,Tamil Nadu,322,5,287,7708287,14947717,51.57
2021-11-09,Tamil Nadu,715,10,638,7731779,14947717,51.73
2021-11-10,Tamil Nadu,603,9,538,7751995,14947717,51.86
2021-11-11,Tamil Nadu,0,0,0,7801140,14947717,52.19
2021-11-12,Tamil Nadu,81,1,72,7822559,14947717,52.33
2021-11-13,Tamil Nadu,369,5,329,7853926,14947717,52.54
2021-11-14,Tamil Nadu,382,5,341,7883301,14947717,52.74
2021-11-15,Tamil Nadu,276,4,246,7901879,14947717,52.86
2021-11-16,Tamil Nadu,0,0,0,7920619,14947717,52.99
2021-11-17,Tamil Nadu,259,4,231,7962851,14947717,53.27
2021-11-18,Tamil Nadu,357,5,319,7973352,14947717,53.34
2021-11-19,Tamil Nadu,0,0,0,7994149,14947717,53.48
2021-11-20,Tamil Nadu,466,7,416,8027498,14947717,53.7
2021-11-21,Tamil Nadu,360,5,321,8030326,14947717,53.72
2021-11-22,Tamil Nadu,0,0,0,8064203,14947717,53.95
2021-11-23,Tamil Nadu,330,5,295,8105839,14947717,54.23
2021-11-24,Tamil Nadu,293,4,262,8127958,14947717,54.38
2021-11-25,Tamil Nadu,300,4,268,8157107,14947717,54.57
2021-11-26,Tamil Nadu,514,7,459,8181439,14947717,54.73
2021-11-27,Tamil Nadu,35,0,31,8214735,14947717,54.96
2021-11-28,Tamil Nadu,135,2,121,8217268,14947717,54.97
2021-11-29,Tamil Nadu,0,0,0,8248137,14947717,55.18
2021-11-30,Tamil Nadu,365,5,326,8270941,14947717,55.33
2021-12-01,Tamil Nadu,334,5,298,8272725,14947717,55.34
2021-12-02,Tamil Nadu,432,6,386,8312744,14947717,55.61
2021-12-03,Tamil Nadu,0,0,0,8320332,14947717,55.66
2021-12-04,Tamil Nadu,310,4,277,8349906,14947717,55.86
2021-12-05,Tamil Nadu,325,5,290,8392418,14947717,56.15
2021-12-06,Tamil Nadu,0,0,0,8438452,14947717,56.45
2021-12-07,Tamil Nadu,333,5,297,8469861,14947717,56.66
2021-12-08,Tamil Nadu,154,2,137,8505686,14947717,56.9
2021-12-09,Tamil Nadu,0,0,0,8534926,14947717,57.1
2021-12-10,Tamil Nadu,188,3,168,8573807,14947717,57.36
2021-12-11,Tamil Nadu,0,0,0,8622602,14947717,57.69
2021-12-12,Tamil Nadu,0,0,0,8645522,14947717,57.84
2021-12-13,Tamil Nadu,120,2,107,8666171,14947717,57.98
2021-12-14,Tamil Nadu,0,0,0,8674843,14947717,58.03
2021-12-15,Tamil Nadu,429,6,383,8723809,14947717,58.36
2021-12-16,Tamil Nadu,62,1,55,8769418,14947717,58.67
2021-12-17,Tamil Nadu,241,3,215,8804731,14947717,58.9
2021-12-18,Tamil Nadu,159,2,142,8837690,14947717,59.12
2021-12-19,Tamil Nadu,312,4,279,8847925,14947717,59.19
2021-12-20,Tamil Nadu,0,0,0,8893398,14947717,59.5
2021-12-21,Tamil Nadu,64,1,57,8896297,14947717,59.52
2021-12-22,Tamil Nadu,0,0,0,8927173,14947717,59.72
2021-12-23,Tamil Nadu,200,3,179,8939849,14947717,59.81
2021-12-24,Tamil Nadu,80,1,71,8962573,14947717,59.96
2021-12-25,Tamil Nadu,0,0,0,8967329,14947717,59.99
2021-12-26,Tamil Nadu,0,0,0,8974065,14947717,60.04
2021-12-27,Tamil Nadu,497,7,444,8992912,14947717,60.16
2021-12-28,Tamil Nadu,0,0,0,9012797,14947717,60.3
2021-12-29,Tamil Nadu,215,3,192,9056875,14947717,60.59
2021-12-30,Tamil Nadu,375,5,335,9086752,14947717,60.79
2021-12-31,Tamil Nadu,176,3,157,9088316,14947717,60.8
2022-01-01,Tamil Nadu,593,8,529,9134854,14947717,61.11
2022-01-02,Tamil Nadu,283,4,253,9165375,14947717,61.32
2022-01-03,Tamil Nadu,117,2,104,9206840,14947717,61.59
2022-01-04,Tamil Nadu,0,0,0,9253043,14947717,61.9
2022-01-05,Tamil Nadu,122,2,109,9278700,14947717,62.07
2022-01-06,Tamil Nadu,206,3,184,9287664,14947717,62.13
2022-01-07,Tamil Nadu,2,0,2,9310063,14947717,62.28
2022-01-08,Tamil Nadu,0,0,0,9344398,14947717,62.51
2022-01-09,Tamil Nadu,0,0,0,9346061,14947717,62.53
2022-01-10,Tamil Nadu,56,1,50,9393363,14947717,62.84
2022-01-11,Tamil Nadu,0,0,0,9410922,14947717,62.96
2022-01-12,Tamil Nadu,0,0,0,9443905,14947717,63.18
2022-01-13,Tamil Nadu,0,0,0,9492970,14947717,63.51
2022-01-14,Tamil Nadu,250,4,223,9536238,14947717,63.8
2022-01-15,Tamil Nadu,347,5,310,9573289,14947717,64.05
2022-01-16,Tamil Nadu,24,0,21,9588227,14947717,64.15
2022-01-17,Tamil Nadu,550,8,491,9614464,14947717,64.32
2022-01-18,Tamil Nadu,405,6,362,9639534,14947717,64.49
2022-01-19,Tamil Nadu,144,2,129,9682648,14947717,64.78
2022-01-20,Tamil Nadu,0,0,0,9684637,14947717,64.79
2022-01-21,Tamil Nadu,0,0,0,9685789,14947717,64.8
2022-01-22,Tamil Nadu,169,2,151,9691698,14947717,64.84
2022-01-23,Tamil Nadu,0,0,0,9739579,14947717,65.16
2022-01-24,Tamil Nadu,165,2,147,9766605,14947717,65.34
2022-01-25,Tamil Nadu,187,3,167,9801588,14947717,65.57
2022-01-26,Tamil Nadu,0,0,0,9806313,14947717,65.6
2022-01-27,Tamil Nadu,329,5,294,9806978,14947717,65.61
2022-01-28,Tamil Nadu,0,0,0,9839489,14947717,65.83
2022-01-29,Tamil Nadu,7,0,6,9874765,14947717,66.06
2022-01-30,Tamil Nadu,0,0,0,9896124,14947717,66.2
2022-01-31,Tamil Nadu,0,0,0,9900280,14947717,66.23
2022-02-01,Tamil Nadu,648,9,578,9924762,14947717,66.4
2022-02-02,Tamil Nadu,0,0,0,9956741,14947717,66.61
2022-02-03,Tamil Nadu,131,2,117,9967414,14947717,66.68
2022-02-04,Tamil Nadu,0,0,0,9982458,14947717,66.78
2022-02-05,Tamil Nadu,0,0,0,10019793,14947717,67.03
2022-02-06,Tamil Nadu,168,2,150,10030397,14947717,67.1
2022-02-07,Tamil Nadu,0,0,0,10035355,14947717,67.14
2022-02-08,Tamil Nadu,96,1,86,10066759,14947717,67.35
2022-02-09,Tamil Nadu,297,4,265,10067916,14947717,67.35
2022-02-10,Tamil Nadu,70,1,62,10089618,14947717,67.5
2022-02-11,Tamil Nadu,99,1,88,10118096,14947717,67.69
2022-02-12,Tamil Nadu,0,0,0,10121322,14947717,67.71
2022-02-13,Tamil Nadu,212,3,189,10153982,14947717,67.93
2022-02-14,Tamil Nadu,0,0,0,10195099,14947717,68.21
2022-02-15,Tamil Nadu,0,0,0,10243774,14947717,68.53
2022-02-16,Tamil Nadu,248,4,221,10257080,14947717,68.62
2022-02-17,Tamil Nadu,340,5,303,10273438,14947717,68.73
2022-02-18,Tamil Nadu,444,6,396,10304348,14947717,68.94
2022-02-19,Tamil Nadu,651,9,581,10334312,14947717,69.14
2022-02-20,Tamil Nadu,232,3,207,10364780,14947717,69.34
2022-02-21,Tamil Nadu,154,2,137,10380512,14947717,69.45
2022-02-22,Tamil Nadu,327,5,292,10383320,14947717,69.46
2022-02-23,Tamil Nadu,0,0,0,10384566,14947717,69.47
2022-02-24,Tamil Nadu,0,0,0,10434431,14947717,69.81
2022-02-25,Tamil Nadu,0,0,0,10454748,14947717,69.94
2022-02-26,Tamil Nadu,383,5,342,10477131,14947717,70.09
2022-02-27,Tamil Nadu,0,0,0,10508435,14947717,70.3
2022-02-28,Tamil Nadu,140,2,125,10518702,14947717,70.37
2022-03-01,Tamil Nadu,172,2,154,10537800,14947717,70.5
2022-03-02,Tamil Nadu,73,1,65,10559637,14947717,70.64
2022-03-03,Tamil Nadu,0,0,0,10564383,14947717,70.68
2022-03-04,Tamil Nadu,103,1,92,10594536,14947717,70.88
2022-03-05,Tamil Nadu,0,0,0,10604225,14947717,70.94
2022-03-06,Tamil Nadu,511,7,456,10604376,14947717,70.94
2022-03-07,Tamil Nadu,341,5,304,10635425,14947717,71.15
2022-03-08,Tamil Nadu,0,0,0,10650431,14947717,71.25
2022-03-09,Tamil Nadu,530,8,473,10686322,14947717,71.49
2022-03-10,Tamil Nadu,103,1,92,10713138,14947717,71.67
2022-03-11,Tamil Nadu,0,0,0,10714591,14947717,71.68
2022-03-12,Tamil Nadu,0,0,0,10749314,14947717,71.91
2022-03-13,Tamil Nadu,491,7,438,10751349,14947717,71.93
2022-03-14,Tamil Nadu,0,0,0,10767014,14947717,72.03
2022-03-15,Tamil Nadu,0,0,0,10801315,14947717,72.26
2022-03-16,Tamil Nadu,0,0,0,10821510,14947717,72.4
2022-03-17,Tamil Nadu,0,0,0,10840756,14947717,72.52
2022-03-18,Tamil Nadu,0,0,0,10851817,14947717,72.6
2022-03-19,Tamil Nadu,0,0,0,10874012,14947717,72.75
2022-03-20,Tamil Nadu,0,0,0,10888664,14947717,72.84
2022-03-21,Tamil Nadu,521,7,465,10935973,14947717,73.16
2022-03-22,Tamil Nadu,0,0,0,10970340,14947717,73.39
2022-03-23,Tamil Nadu,236,3,211,11015783,14947717,73.7
2022-03-24,Tamil Nadu,327,5,292,11032646,14947717,73.81
2022-03-25,Tamil Nadu,0,0,0,11080147,14947717,74.13
2022-03-26,Tamil Nadu,0,0,0,11094127,14947717,74.22
2022-03-27,Tamil Nadu,230,3,205,11109577,14947717,74.32
2022-03-28,Tamil Nadu,0,0,0,11124504,14947717,74.42
2022-03-29,Tamil Nadu,210,3,187,11153982,14947717,74.62
2022-03-30,Tamil Nadu,503,7,449,11184614,14947717,74.82
2022-03-31,Tamil Nadu,0,0,0,11187862,14947717,74.85
2022-04-01,Tamil Nadu,0,0,0,11215902,14947717,75.03
2022-04-02,Tamil Nadu,0,0,0,11263542,14947717,75.35
2022-04-03,Tamil Nadu,0,0,0,11283887,14947717,75.49
2022-04-04,Tamil Nadu,0,0,0,11318867,14947717,75.72
2022-04-05,Tamil Nadu,0,0,0,11350482,14947717,75.93
2022-04-06,Tamil Nadu,0,0,0,11399481,14947717,76.26
2022-04-07,Tamil Nadu,49,1,44,11431620,14947717,76.48
2022-04-08,Tamil Nadu,286,4,255,11455160,14947717,76.63
2022-04-09,Tamil Nadu,0,0,0,11455815,14947717,76.64
2022-04-10,Tamil Nadu,335,5,299,11496013,14947717,76.91
2022-04-11,Tamil Nadu,0,0,0,11512965,14947717,77.02
2022-04-12,Tamil Nadu,0,0,0,11559213,14947717,77.33
2022-04-13,Tamil Nadu,0,0,0,11571427,14947717,77.41
2022-04-14,Tamil Nadu,139,2,124,11593290,14947717,77.56
2022-04-15,Tamil Nadu,258,4,230,11634746,14947717,77.84
2022-04-16,Tamil Nadu,438,6,391,11642334,14947717,77.89
2022-04-17,Tamil Nadu,87,1,78,11656105,14947717,77.98
2022-04-18,Tamil Nadu,226,3,202,11695701,14947717,78.24
2022-04-19,Tamil Nadu,411,6,367,11711565,14947717,78.35
2022-04-20,Tamil Nadu,0,0,0,11759445,14947717,78.67
2022-04-21,Tamil Nadu,0,0,0,11786334,14947717,78.85
2022-04-22,Tamil Nadu,831,12,742,11827595,14947717,79.13
2022-04-23,Tamil Nadu,257,4,229,11854964,14947717,79.31
2022-04-24,Tamil Nadu,153,2,137,11857222,14947717,79.32
2022-04-25,Tamil Nadu,268,4,239,11897770,14947717,79.6
2022-04-26,Tamil Nadu,0,0,0,11918758,14947717,79.74
2022-04-27,Tamil Nadu,0,0,0,11938154,14947717,79.87
2022-04-28,Tamil Nadu,0,0,0,11974970,14947717,80.11
2022-04-29,Tamil Nadu,126,2,112,11989028,14947717,80.21
2022-04-30,Tamil Nadu,0,0,0,12010430,14947717,80.35
2022-05-01,Tamil Nadu,29,0,26,12040842,14947717,80.55
2022-05-02,Tamil Nadu,0,0,0,12070503,14947717,80.75
2022-05-03,Tamil Nadu,0,0,0,12106917,14947717,81.0
2022-05-04,Tamil Nadu,265,4,237,12111029,14947717,81.02
2022-05-05,Tamil Nadu,0,0,0,12160658,14947717,81.35
2022-05-06,Tamil Nadu,0,0,0,12191064,14947717,81.56
2022-05-07,Tamil Nadu,0,0,0,12221978,14947717,81.76
2022-05-08,Tamil Nadu,0,0,0,12266108,14947717,82.06
2022-05-09,Tamil Nadu,61,1,54,12290644,14947717,82.22
2022-05-10,Tamil Nadu,371,5,331,12292160,14947717,82.23
2022-05-11,Tamil Nadu,0,0,0,12298813,14947717,82.28
2022-05-12,Tamil Nadu,0,0,0,12346186,14947717,82.6
2022-05-13,Tamil Nadu,0,0,0,12395532,14947717,82.93
2022-05-14,Tamil Nadu,0,0,0,12399724,14947717,82.95
2022-05-15,Tamil Nadu,22,0,20,12433973,14947717,83.18
2022-05-16,Tamil Nadu,230,3,205,12467006,14947717,83.4
2022-05-17,Tamil Nadu,0,0,0,12475256,14947717,83.46
2022-05-18,Tamil Nadu,165,2,147,12514623,14947717,83.72
2022-05-19,Tamil Nadu,0,0,0,12537606,14947717,83.88
2022-05-20,Tamil Nadu,0,0,0,12549133,14947717,83.95
2022-05-21,Tamil Nadu,20,0,18,12577148,14947717,84.14
2022-05-22,Tamil Nadu,188,3,168,12622402,14947717,84.44
2022-05-23,Tamil Nadu,0,0,0,12633245,14947717,84.52
2022-05-24,Tamil Nadu,0,0,0,12664185,14947717,84.72
2022-05-25,Tamil Nadu,0,0,0,12700809,14947717,84.97
2022-05-26,Tamil Nadu,0,0,0,12732070,14947717,85.18
2022-05-27,Tamil Nadu,181,3,162,12764586,14947717,85.39
2022-05-28,Tamil Nadu,323,5,288,12800872,14947717,85.64
2022-05-29,Tamil Nadu,303,4,270,12812559,14947717,85.72
2022-05-30,Tamil Nadu,0,0,0,12817641,14947717,85.75
2022-05-31,Tamil Nadu,337,5,301,12867128,14947717,86.08
2022-06-01,Tamil Nadu,0,0,0,12883108,14947717,86.19
2022-06-02,Tamil Nadu,535,8,478,12930541,14947717,86.51
2022-06-03,Tamil Nadu,0,0,0,12943961,14947717,86.59
2022-06-04,Tamil Nadu,0,0,0,12957237,14947717,86.68
2022-06-05,Tamil Nadu,410,6,366,12958483,14947717,86.69
2022-06-06,Tamil Nadu,0,0,0,12980573,14947717,86.84
2022-06-07,Tamil Nadu,35,0,31,13027821,14947717,87.16
2022-06-08,Tamil Nadu,0,0,0,13072560,14947717,87.46
2022-06-09,Tamil Nadu,709,10,633,13087794,14947717,87.56
2022-06-10,Tamil Nadu,547,8,488,13108108,14947717,87.69
2022-06-11,Tamil Nadu,464,7,414,13141585,14947717,87.92
2022-06-12,Tamil Nadu,27,0,24,13189326,14947717,88.24
2022-06-13,Tamil Nadu,294,4,262,13219529,14947717,88.44
2022-06-14,Tamil Nadu,0,0,0,13229549,14947717,88.51
2022-06-15,Tamil Nadu,337,5,301,13247358,14947717,88.62
2022-06-16,Tamil Nadu,0,0,0,13283559,14947717,88.87
2022-06-17,Tamil Nadu,475,7,424,13284735,14947717,88.87
2022-06-18,Tamil Nadu,0,0,0,13314710,14947717,89.08
2022-06-19,Tamil Nadu,0,0,0,13353168,14947717,89.33
2022-06-20,Tamil Nadu,0,0,0,13370477,14947717,89.45
2022-06-21,Tamil Nadu,58,1,52,13397422,14947717,89.63
2022-06-22,Tamil Nadu,0,0,0,13433311,14947717,89.87
2022-06-23,Tamil Nadu,146,2,130,13463070,14947717,90.07
2022-06-24,Tamil Nadu,0,0,0,13464280,14947717,90.08
2022-06-25,Tamil Nadu,237,3,212,13493556,14947717,90.27
2022-06-26,Tamil Nadu,456,6,407,13505099,14947717,90.35
2022-06-27,Tamil Nadu,23,0,21,13542095,14947717,90.6
2022-06-28,Tamil Nadu,665,9,594,13555159,14947717,90.68
2022-06-29,Tamil Nadu,338,5,302,13604068,14947717,91.01
2022-06-30,Tamil Nadu,641,9,572,13609941,14947717,91.05
2022-07-01,Tamil Nadu,0,0,0,13654471,14947717,91.35
2022-07-02,Tamil Nadu,0,0,0,13656169,14947717,91.36
2022-07-03,Tamil Nadu,0,0,0,13690317,14947717,91.59
2022-07-04,Tamil Nadu,0,0,0,13707964,14947717,91.71
2022-07-05,Tamil Nadu,0,0,0,13717732,14947717,91.77
2022-07-06,Tamil Nadu,0,0,0,13728645,14947717,91.84
2022-07-07,Tamil Nadu,307,4,274,13730570,14947717,91.86
2022-07-08,Tamil Nadu,0,0,0,13737213,14947717,91.9
2022-07-09,Tamil Nadu,279,4,249,13756816,14947717,92.03
2022-07-10,Tamil Nadu,656,9,586,13764681,14947717,92.09
2022-07-11,Tamil Nadu,0,0,0,13813088,14947717,92.41
2022-07-12,Tamil Nadu,116,2,104,13854401,14947717,92.69
2022-07-13,Tamil Nadu,0,0,0,13878016,14947717,92.84
2022-07-14,Tamil Nadu,248,4,221,13882761,14947717,92.88
2022-07-15,Tamil Nadu,0,0,0,13932070,14947717,93.21
2022-07-16,Tamil Nadu,0,0,0,13968312,14947717,93.45
2022-07-17,Tamil Nadu,336,5,300,13977472,14947717,93.51
2022-07-18,Tamil Nadu,0,0,0,13980169,14947717,93.53
2022-07-19,Tamil Nadu,0,0,0,14011154,14947717,93.73
2022-07-20,Tamil Nadu,372,5,332,14013185,14947717,93.75
2022-07-21,Tamil Nadu,0,0,0,14043900,14947717,93.95
2022-07-22,Tamil Nadu,24,0,21,14066012,14947717,94.1
2022-07-23,Tamil Nadu,175,2,156,14110034,14947717,94.4
2022-07-24,Tamil Nadu,36,1,32,14129126,14947717,94.52
2022-07-25,Tamil Nadu,761,11,679,14151521,14947717,94.67
2022-07-26,Tamil Nadu,220,3,196,14178808,14947717,94.86
2022-07-27,Tamil Nadu,0,0,0,14227965,14947717,95.18
2022-07-28,Tamil Nadu,181,3,162,14263097,14947717,95.42
2022-07-29,Tamil Nadu,63,1,56,14296566,14947717,95.64
2022-07-30,Tamil Nadu,13,0,12,14312056,14947717,95.75
2022-07-31,Tamil Nadu,73,1,65,14336219,14947717,95.91
2022-08-01,Tamil Nadu,0,0,0,14345939,14947717,95.97
2022-08-02,Tamil Nadu,64,1,57,14365520,14947717,96.11
2022-08-03,Tamil Nadu,0,0,0,14406625,14947717,96.38
2022-08-04,Tamil Nadu,0,0,0,14411601,14947717,96.41
2022-08-05,Tamil Nadu,342,5,305,14419866,14947717,96.47
2022-08-06,Tamil Nadu,0,0,0,14449157,14947717,96.66
2022-08-07,Tamil Nadu,42,1,37,14489079,14947717,96.93
2022-08-08,Tamil Nadu,0,0,0,14537832,14947717,97.26
2022-08-09,Tamil Nadu,0,0,0,14567189,14947717,97.45
2022-08-10,Tamil Nadu,0,0,0,14600037,14947717,97.67
2022-08-11,Tamil Nadu,284,4,254,14614505,14947717,97.77
2022-08-12,Tamil Nadu,357,5,319,14635000,14947717,97.91
2022-08-13,Tamil Nadu,8,0,7,14650712,14947717,98.01
2022-08-14,Tamil Nadu,0,0,0,14656162,14947717,98.05
2022-08-15,Tamil Nadu,0,0,0,14674693,14947717,98.17
2022-08-16,Tamil Nadu,239,3,213,14685571,14947717,98.25
2022-08-17,Tamil Nadu,0,0,0,14715124,14947717,98.44
2022-08-18,Tamil Nadu,0,0,0,14752807,14947717,98.7
2022-08-19,Tamil Nadu,9,0,8,14801788,14947717,99.02
2022-08-20,Tamil Nadu,0,0,0,14845797,14947717,99.32
2022-08-21,Tamil Nadu,0,0,0,14861710,14947717,99.42
2022-08-22,Tamil Nadu,0,0,0,14908639,14947717,99.74
2022-08-23,Tamil Nadu,101,1,90,14947717,14947717,100.0
2022-08-24,Tamil Nadu,0,0,0,14947717,14947717,100.0
2022-08-25,Tamil Nadu,153,2,137,14947717,14947717,100.0
2022-08-26,Tamil Nadu,44,1,39,14947717,14947717,100.0
2022-08-27,Tamil Nadu,314,4,280,14947717,14947717,100.0
2022-08-28,Tamil Nadu,0,0,0,14947717,14947717,100.0
2022-08-29,Tamil Nadu,70,1,62,14947717,14947717,100.0
2022-08-30,Tamil Nadu,191,3,170,14947717,14947717,100.0
2022-08-31,Tamil Nadu,0,0,0,14947717,14947717,100.0
2022-09-01,Tamil Nadu,338,5,302,14947717,14947717,100.0
2022-09-02,Tamil Nadu,0,0,0,14947717,14947717,100.0
2022-09-03,Tamil Nadu,0,0,0,14947717,14947717,100.0
2022-09-04,Tamil Nadu,0,0,0,14947717,14947717,100.0
2022-09-05,Tamil Nadu,0,0,0,14947717,14947717,100.0
2022-09-06,Tamil Nadu,0,0,0,14947717,14947717,100.0
2022-09-07,Tamil Nadu,249,4,222,14947717,14947717,100.0
2022-09-08,Tamil Nadu,0,0,0,14947717,14947717,100.0
2022-09-09,Tamil Nadu,0,0,0,14947717,14947717,100.0
2022-09-10,Tamil Nadu,0,0,0,14947717,14947717,100.0
2022-09-11,Tamil Nadu,0,0,0,14947717,14947717,100.0
2022-09-12,Tamil Nadu,93,1,83,14947717,14947717,100.0
2022-09-13,Tamil Nadu,264,4,236,14947717,14947717,100.0
2022-09-14,Tamil Nadu,0,0,0,14947717,14947717,100.0
2022-09-15,Tamil Nadu,363,5,324,14947717,14947717,100.0
2022-09-16,Tamil Nadu,0,0,0,14947717,14947717,100.0
2022-09-17,Tamil Nadu,0,0,0,14947717,14947717,100.0
2022-09-18,Tamil Nadu,0,0,0,14947717,14947717,100.0
2022-09-19,Tamil Nadu,459,7,410,14947717,14947717,100.0
2022-09-20,Tamil Nadu,40,1,36,14947717,14947717,100.0
2022-09-21,Tamil Nadu,0,0,0,14947717,14947717,100.0
2022-09-22,Tamil Nadu,285,4,254,14947717,14947717,100.0
2022-09-23,Tamil Nadu,554,8,495,14947717,14947717,100.0
2022-09-24,Tamil Nadu,0,0,0,14947717,14947717,100.0
2022-09-25,Tamil Nadu,0,0,0,14947717,14947717,100.0
2022-09-26,Tamil Nadu,259,4,231,14947717,14947717,100.0
2022-09-27,Tamil Nadu,589,8,526,14947717,14947717,100.0
2022-09-28,Tamil Nadu,255,4,228,14947717,14947717,100.0
2022-09-29,Tamil Nadu,0,0,0,14947717,14947717,100.0
2022-09-30,Tamil Nadu,226,3,202,14947717,14947717,100.0
2022-10-01,Tamil Nadu,121,2,108,14947717,14947717,100.0
2022-10-02,Tamil Nadu,0,0,0,14947717,14947717,100.0
2022-10-03,Tamil Nadu,387,5,345,14947717,14947717,100.0
2022-10-04,Tamil Nadu,132,2,118,14947717,14947717,100.0
2022-10-05,Tamil Nadu,394,6,352,14947717,14947717,100.0
2022-10-06,Tamil Nadu,0,0,0,14947717,14947717,100.0
2022-10-07,Tamil Nadu,120,2,107,14947717,14947717,100.0
2022-10-08,Tamil Nadu,0,0,0,14947717,14947717,100.0
2022-10-09,Tamil Nadu,74,1,66,14947717,14947717,100.0
2022-10-10,Tamil Nadu,443,6,395,14947717,14947717,100.0
2022-10-11,Tamil Nadu,0,0,0,14947717,14947717,100.0
2022-10-12,Tamil Nadu,0,0,0,14947717,14947717,100.0
2022-10-13,Tamil Nadu,287,4,256,14947717,14947717,100.0
2022-10-14,Tamil Nadu,0,0,0,14947717,14947717,100.0
2022-10-15,Tamil Nadu,351,5,313,14947717,14947717,100.0
2022-10-16,Tamil Nadu,0,0,0,14947717,14947717,100.0
2022-10-17,Tamil Nadu,15,0,13,14947717,14947717,100.0
2022-10-18,Tamil Nadu,206,3,184,14947717,14947717,100.0
2022-10-19,Tamil Nadu,63,1,56,14947717,14947717,100.0
2022-10-20,Tamil Nadu,0,0,0,14947717,14947717,100.0
2022-10-21,Tamil Nadu,847,12,756,14947717,14947717,100.0
2022-10-22,Tamil Nadu,64,1,57,14947717,14947717,100.0
2022-10-23,Tamil Nadu,0,0,0,14947717,14947717,100.0
2022-10-24,Tamil Nadu,94,1,84,14947717,14947717,100.0
2022-10-25,Tamil Nadu,129,2,115,14947717,14947717,100.0
2022-10-26,Tamil Nadu,298,4,266,14947717,14947717,100.0
2022-10-27,Tamil Nadu,278,4,248,14947717,14947717,100.0
2022-10-28,Tamil Nadu,0,0,0,14947717,14947717,100.0
2022-10-29,Tamil Nadu,0,0,0,14947717,14947717,100.0
2022-10-30,Tamil Nadu,138,2,123,14947717,14947717,100.0
2022-10-31,Tamil Nadu,0,0,0,14947717,14947717,100.0
2022-11-01,Tamil Nadu,365,5,326,14947717,14947717,100.0
2022-11-02,Tamil Nadu,0,0,0,14947717,14947717,100.0
2022-11-03,Tamil Nadu,190,3,170,14947717,14947717,100.0
2022-11-04,Tamil Nadu,0,0,0,14947717,14947717,100.0
2022-11-05,Tamil Nadu,0,0,0,14947717,14947717,100.0
2022-11-06,Tamil Nadu,0,0,0,14947717,14947717,100.0
2022-11-07,Tamil Nadu,215,3,192,14947717,14947717,100.0
2022-11-08,Tamil Nadu,0,0,0,14947717,14947717,100.0
2022-11-09,Tamil Nadu,231,3,206,14947717,14947717,100.0
2022-11-10,Tamil Nadu,0,0,0,14947717,14947717,100.0
2022-11-11,Tamil Nadu,0,0,0,14947717,14947717,100.0
2022-11-12,Tamil Nadu,11,0,10,14947717,14947717,100.0
2022-11-13,Tamil Nadu,46,1,41,14947717,14947717,100.0
2022-11-14,Tamil Nadu,0,0,0,14947717,14947717,100.0
2022-11-15,Tamil Nadu,211,3,188,14947717,14947717,100.0
2022-11-16,Tamil Nadu,0,0,0,14947717,14947717,100.0
2022-11-17,Tamil Nadu,163,2,146,14947717,14947717,100.0
2022-11-18,Tamil Nadu,0,0,0,14947717,14947717,100.0
2022-11-19,Tamil Nadu,176,3,157,14947717,14947717,100.0
2022-11-20,Tamil Nadu,0,0,0,14947717,14947717,100.0
2022-11-21,Tamil Nadu,0,0,0,14947717,14947717,100.0
2022-11-22,Tamil Nadu,128,2,114,14947717,14947717,100.0
2022-11-23,Tamil Nadu,0,0,0,14947717,14947717,100.0
2022-11-24,Tamil Nadu,438,6,391,14947717,14947717,100.0
2022-11-25,Tamil Nadu,20,0,18,14947717,14947717,100.0
2022-11-26,Tamil Nadu,0,0,0,14947717,14947717,100.0
2022-11-27,Tamil Nadu,0,0,0,14947717,14947717,100.0
2022-11-28,Tamil Nadu,0,0,0,14947717,14947717,100.0
2022-11-29,Tamil Nadu,322,5,287,14947717,14947717,100.0
2022-11-30,Tamil Nadu,232,3,207,14947717,14947717,100.0
2022-12-01,Tamil Nadu,0,0,0,14947717,14947717,100.0
2022-12-02,Tamil Nadu,87,1,78,14947717,14947717,100.0
2022-12-03,Tamil Nadu,0,0,0,14947717,14947717,100.0
2022-12-04,Tamil Nadu,258,4,230,14947717,14947717,100.0
2022-12-05,Tamil Nadu,156,2,139,14947717,14947717,100.0
2022-12-06,Tamil Nadu,210,3,187,14947717,14947717,100.0
2022-12-07,Tamil Nadu,0,0,0,14947717,14947717,100.0
2022-12-08,Tamil Nadu,0,0,0,14947717,14947717,100.0
2022-12-09,Tamil Nadu,200,3,179,14947717,14947717,100.0
2022-12-10,Tamil Nadu,465,7,415,14947717,14947717,100.0
2022-12-11,Tamil Nadu,332,5,296,14947717,14947717,100.0
2022-12-12,Tamil Nadu,474,7,423,14947717,14947717,100.0
2022-12-13,Tamil Nadu,49,1,44,14947717,14947717,100.0
2022-12-14,Tamil Nadu,0,0,0,14947717,14947717,100.0
2022-12-15,Tamil Nadu,0,0,0,14947717,14947717,100.0
2022-12-16,Tamil Nadu,414,6,370,14947717,14947717,100.0
2022-12-17,Tamil Nadu,0,0,0,14947717,14947717,100.0
2022-12-18,Tamil Nadu,451,6,403,14947717,14947717,100.0
2022-12-19,Tamil Nadu,0,0,0,14947717,14947717,100.0
2022-12-20,Tamil Nadu,577,8,515,14947717,14947717,100.0
2022-12-21,Tamil Nadu,0,0,0,14947717,14947717,100.0
2022-12-22,Tamil Nadu,217,3,194,14947717,14947717,100.0
2022-12-23,Tamil Nadu,716,10,639,14947717,14947717,100.0
2022-12-24,Tamil Nadu,0,0,0,14947717,14947717,100.0
2022-12-25,Tamil Nadu,0,0,0,14947717,14947717,100.0
2022-12-26,Tamil Nadu,0,0,0,14947717,14947717,100.0
2022-12-27,Tamil Nadu,0,0,0,14947717,14947717,100.0
2022-12-28,Tamil Nadu,0,0,0,14947717,14947717,100.0
2022-12-29,Tamil Nadu,0,0,0,14947717,14947717,100.0
2022-12-30,Tamil Nadu,0,0,0,14947717,14947717,100.0
2022-12-31,Tamil Nadu,0,0,0,14947717,14947717,100.0
2021-01-01,Delhi,631,8,560,34110,29058080,0.12
2021-01-02,Delhi,207,3,184,61727,29058080,0.21
2021-01-03,Delhi,888,11,789,67302,29058080,0.23
2021-01-04,Delhi,507,6,450,97462,29058080,0.34
2021-01-05,Delhi,372,5,330,140516,29058080,0.48
2021-01-06,Delhi,583,7,518,158779,29058080,0.55
2021-01-07,Delhi,785,10,697,200453,29058080,0.69
2021-01-08,Delhi,615,8,546,213974,29058080,0.74
2021-01-09,Delhi,343,4,305,228120,29058080,0.79
2021-01-10,Delhi,189,2,168,236702,29058080,0.81
2021-01-11,Delhi,73,1,65,247284,29058080,0.85
2021-01-12,Delhi,0,0,0,259269,29058080,0.89
2021-01-13,Delhi,512,6,455,291752,29058080,1.0
2021-01-14,Delhi,370,5,329,298263,29058080,1.03
2021-01-15,Delhi,414,5,368,325489,29058080,1.12
2021-01-16,Delhi,852,11,757,338547,29058080,1.17
2021-01-17,Delhi,540,7,480,345885,29058080,1.19
2021-01-18,Delhi,1175,14,1044,386948,29058080,1.33
2021-01-19,Delhi,468,6,416,413946,29058080,1.42
2021-01-20,Delhi,384,5,341,428322,29058080,1.47
2021-01-21,Delhi,335,4,298,460251,29058080,1.58
2021-01-22,Delhi,968,12,860,505635,29058080,1.74
2021-01-23,Delhi,1137,14,1010,519772,29058080,1.79
2021-01-24,Delhi,656,8,583,532033,29058080,1.83
2021-01-25,Delhi,560,7,497,566165,29058080,1.95
2021-01-26,Delhi,1384,17,1229,590763,29058080,2.03
2021-01-27,Delhi,539,7,479,624445,29058080,2.15
2021-01-28,Delhi,1328,16,1180,632823,29058080,2.18
2021-01-29,Delhi,907,11,806,679471,29058080,2.34
2021-01-30,Delhi,1252,15,1112,680325,29058080,2.34
2021-01-31,Delhi,1514,19,1345,694011,29058080,2.39
2021-02-01,Delhi,1394,17,1238,725288,29058080,2.5
2021-02-02,Delhi,1226,15,1089,751303,29058080,2.59
2021-02-03,Delhi,1799,22,1598,768191,29058080,2.64
2021-02-04,Delhi,1535,19,1363,817031,29058080,2.81
2021-02-05,Delhi,2624,32,2331,834284,29058080,2.87
2021-02-06,Delhi,1081,13,960,868204,29058080,2.99
2021-02-07,Delhi,1154,14,1025,888591,29058080,3.06
2021-02-08,Delhi,2048,25,1819,910614,29058080,3.13
2021-02-09,Delhi,1823,22,1619,949501,29058080,3.27
2021-02-10,Delhi,2157,27,1916,967211,29058080,3.33
2021-02-11,Delhi,1680,21,1492,987198,29058080,3.4
2021-02-12,Delhi,2119,26,1882,1026292,29058080,3.53
2021-02-13,Delhi,2336,29,2075,1030612,29058080,3.55
2021-02-14,Delhi,2137,26,1898,1052226,29058080,3.62
2021-02-15,Delhi,2473,30,2197,1066163,29058080,3.67
2021-02-16,Delhi,2103,26,1868,1090279,29058080,3.75
2021-02-17,Delhi,2742,34,2436,1119085,29058080,3.85
2021-02-18,Delhi,3173,39,2818,1140538,29058080,3.93
2021-02-19,Delhi,2488,31,2210,1190212,29058080,4.1
2021-02-20,Delhi,2594,32,2304,1235851,29058080,4.25
2021-02-21,Delhi,3469,43,3081,1243008,29058080,4.28
2021-02-22,Delhi,2851,35,2532,1275170,29058080,4.39
2021-02-23,Delhi,3635,45,3229,1291342,29058080,4.44
2021-02-24,Delhi,3541,44,3145,1327092,29058080,4.57
2021-02-25,Delhi,3546,44,3150,1351371,29058080,4.65
2021-02-26,Delhi,4263,53,3787,1399049,29058080,4.81
2021-02-27,Delhi,4258,52,3782,1446281,29058080,4.98
2021-02-28,Delhi,4225,52,3753,1449115,29058080,4.99
2021-03-01,Delhi,3662,45,3253,1454536,29058080,5.01
2021-03-02,Delhi,4693,58,4169,1455677,29058080,5.01
2021-03-03,Delhi,4335,53,3851,1495368,29058080,5.15
2021-03-04,Delhi,4773,59,4240,1506798,29058080,5.19
2021-03-05,Delhi,5029,62,4467,1542945,29058080,5.31
2021-03-06,Delhi,5790,71,5143,1559559,29058080,5.37
2021-03-07,Delhi,5344,66,4747,1574880,29058080,5.42
2021-03-08,Delhi,5198,64,4617,1605087,29058080,5.52
2021-03-09,Delhi,6276,77,5575,1643774,29058080,5.66
2021-03-10,Delhi,6270,77,5569,1672098,29058080,5.75
2021-03-11,Delhi,6503,80,5776,1700841,29058080,5.85
2021-03-12,Delhi,6950,86,6173,1737670,29058080,5.98
2021-03-13,Delhi,7255,89,6444,1746238,29058080,6.01
2021-03-14,Delhi,6712,83,5962,1775839,29058080,6.11
2021-03-15,Delhi,6809,84,6048,1790125,29058080,6.16
2021-03-16,Delhi,7733,95,6869,1797868,29058080,6.19
2021-03-17,Delhi,7662,94,6806,1814285,29058080,6.24
2021-03-18,Delhi,7956,98,7067,1823903,29058080,6.28
2021-03-19,Delhi,7944,98,7056,1840054,29058080,6.33
2021-03-20,Delhi,8735,108,7759,1841230,29058080,6.34
2021-03-21,Delhi,8967,111,7965,1878548,29058080,6.46
2021-03-22,Delhi,9093,112,8077,1895966,29058080,6.52
2021-03-23,Delhi,9023,111,8015,1928980,29058080,6.64
2021-03-24,Delhi,10109,125,8980,1966450,29058080,6.77
2021-03-25,Delhi,10137,125,9004,2007442,29058080,6.91
2021-03-26,Delhi,10716,132,9519,2011331,29058080,6.92
2021-03-27,Delhi,10077,124,8951,2036870,29058080,7.01
2021-03-28,Delhi,11059,136,9823,2057707,29058080,7.08
2021-03-29,Delhi,11168,138,9920,2075233,29058080,7.14
2021-03-30,Delhi,11742,145,10430,2115565,29058080,7.28
2021-03-31,Delhi,12369,152,10987,2118952,29058080,7.29
2021-04-01,Delhi,12558,155,11155,2134458,29058080,7.35
2021-04-02,Delhi,12821,158,11389,2174177,29058080,7.48
2021-04-03,Delhi,13195,163,11721,2193910,29058080,7.55
2021-04-04,Delhi,13105,162,11641,2197648,29058080,7.56
2021-04-05,Delhi,13690,169,12160,2206322,29058080,7.59
2021-04-06,Delhi,14694,181,13052,2221395,29058080,7.64
2021-04-07,Delhi,14608,180,12976,2233800,29058080,7.69
2021-04-08,Delhi,15511,191,13778,2267244,29058080,7.8
2021-04-09,Delhi,15831,195,14062,2275813,29058080,7.83
2021-04-10,Delhi,16269,201,14451,2314021,29058080,7.96
2021-04-11,Delhi,16533,204,14686,2329600,29058080,8.02
2021-04-12,Delhi,16736,206,14866,2333025,29058080,8.03
2021-04-13,Delhi,17261,213,15332,2333590,29058080,8.03
2021-04-14,Delhi,17944,221,15939,2363970,29058080,8.14
2021-04-15,Delhi,17566,217,15603,2400710,29058080,8.26
2021-04-16,Delhi,19034,235,16907,2407566,29058080,8.29
2021-04-17,Delhi,18974,234,16854,2423016,29058080,8.34
2021-04-18,Delhi,19566,241,17380,2460877,29058080,8.47
2021-04-19,Delhi,20041,247,17802,2504267,29058080,8.62
2021-04-20,Delhi,20530,253,18236,2540759,29058080,8.74
2021-04-21,Delhi,20630,254,18325,2571643,29058080,8.85
2021-04-22,Delhi,21556,266,19148,2609045,29058080,8.98
2021-04-23,Delhi,22180,273,19702,2623895,29058080,9.03
2021-04-24,Delhi,21883,270,19438,2627082,29058080,9.04
2021-04-25,Delhi,22604,279,20078,2655292,29058080,9.14
2021-04-26,Delhi,23765,293,21110,2683263,29058080,9.23
2021-04-27,Delhi,24214,298,21509,2723425,29058080,9.37
2021-04-28,Delhi,24598,303,21850,2735467,29058080,9.41
2021-04-29,Delhi,24813,306,22041,2779919,29058080,9.57
2021-04-30,Delhi,25744,317,22868,2804709,29058080,9.65
2021-05-01,Delhi,25682,317,22813,2826815,29058080,9.73
2021-05-02,Delhi,26516,327,23553,2876285,29058080,9.9
2021-05-03,Delhi,26681,329,23700,2903460,29058080,9.99
2021-05-04,Delhi,27540,339,24463,2907983,29058080,10.01
2021-05-05,Delhi,27796,343,24690,2920667,29058080,10.05
2021-05-06,Delhi,28848,356,25625,2950369,29058080,10.15
2021-05-07,Delhi,29266,361,25996,2961883,29058080,10.19
2021-05-08,Delhi,29479,363,26185,2970132,29058080,10.22
2021-05-09,Delhi,30489,376,27083,2984966,29058080,10.27
2021-05-10,Delhi,30385,375,26990,3010468,29058080,10.36
2021-05-11,Delhi,31169,384,27687,3015105,29058080,10.38
2021-05-12,Delhi,31499,388,27980,3041150,29058080,10.47
2021-05-13,Delhi,32407,399,28786,3077510,29058080,10.59
2021-05-14,Delhi,32874,405,29201,3100321,29058080,10.67
2021-05-15,Delhi,33564,414,29814,3135024,29058080,10.79
2021-05-16,Delhi,33685,415,29921,3167004,29058080,10.9
2021-05-17,Delhi,33253,410,29538,3191817,29058080,10.98
2021-05-18,Delhi,34487,425,30634,3240526,29058080,11.15
2021-05-19,Delhi,35554,438,31582,3271110,29058080,11.26
2021-05-20,Delhi,35447,437,31487,3311370,29058080,11.4
2021-05-21,Delhi,35422,437,31464,3343413,29058080,11.51
2021-05-22,Delhi,36577,451,32490,3391339,29058080,11.67
2021-05-23,Delhi,37035,456,32897,3412897,29058080,11.75
2021-05-24,Delhi,37086,457,32942,3422369,29058080,11.78
2021-05-25,Delhi,37646,464,33440,3431448,29058080,11.81
2021-05-26,Delhi,37871,467,33640,3481109,29058080,11.98
2021-05-27,Delhi,38676,477,34355,3521036,29058080,12.12
2021-05-28,Delhi,38919,480,34571,3536294,29058080,12.17
2021-05-29,Delhi,38922,480,34573,3558672,29058080,12.25
2021-05-30,Delhi,39626,488,35199,3560380,29058080,12.25
2021-05-31,Delhi,39753,490,35311,3608031,29058080,12.42
2021-06-01,Delhi,40742,502,36190,3629842,29058080,12.49
2021-06-02,Delhi,40888,504,36320,3649072,29058080,12.56
2021-06-03,Delhi,40884,504,36316,3661381,29058080,12.6
2021-06-04,Delhi,41231,508,36624,3665494,29058080,12.61
2021-06-05,Delhi,41781,515,37113,3703600,29058080,12.75
2021-06-06,Delhi,41678,514,37021,3714741,29058080,12.78
2021-06-07,Delhi,42195,520,37481,3719088,29058080,12.8
2021-06-08,Delhi,42631,525,37868,3768014,29058080,12.97
2021-06-09,Delhi,42243,521,37523,3795414,29058080,13.06
2021-06-10,Delhi,43070,531,38258,3799270,29058080,13.07
2021-06-11,Delhi,43149,532,38328,3813739,29058080,13.12
2021-06-12,Delhi,42965,530,38165,3841420,29058080,13.22
2021-06-13,Delhi,42887,529,38095,3851756,29058080,13.26
2021-06-14,Delhi,43202,532,38375,3901257,29058080,13.43
2021-06-15,Delhi,43148,532,38327,3945038,29058080,13.58
2021-06-16,Delhi,43055,531,38245,3989323,29058080,13.73
2021-06-17,Delhi,43505,536,38644,4015098,29058080,13.82
2021-06-18,Delhi,43070,531,38258,4064514,29058080,13.99
2021-06-19,Delhi,43287,534,38451,4080786,29058080,14.04
2021-06-20,Delhi,43283,533,38447,4108554,29058080,14.14
2021-06-21,Delhi,42942,529,38144,4145859,29058080,14.27
2021-06-22,Delhi,43500,536,38640,4171121,29058080,14.35
2021-06-23,Delhi,43164,532,38341,4213780,29058080,14.5
2021-06-24,Delhi,43532,537,38668,4218973,29058080,14.52
2021-06-25,Delhi,42959,529,38159,4241077,29058080,14.6
2021-06-26,Delhi,42780,527,38000,4282572,29058080,14.74
2021-06-27,Delhi,42480,524,37734,4291678,29058080,14.77
2021-06-28,Delhi,42592,525,37833,4310929,29058080,14.84
2021-06-29,Delhi,42404,523,37666,4360645,29058080,15.01
2021-06-30,Delhi,42402,523,37664,4391321,29058080,15.11
2021-07-01,Delhi,41970,517,37281,4409269,29058080,15.17
2021-07-02,Delhi,42329,522,37600,4427425,29058080,15.24
2021-07-03,Delhi,41570,512,36925,4437700,29058080,15.27
2021-07-04,Delhi,40851,504,36287,4474439,29058080,15.4
2021-07-05,Delhi,40520,499,35993,4479604,29058080,15.42
2021-07-06,Delhi,40679,501,36134,4490007,29058080,15.45
2021-07-07,Delhi,39873,491,35418,4496199,29058080,15.47
2021-07-08,Delhi,40000,493,35531,4533891,29058080,15.6
2021-07-09,Delhi,39716,490,35279,4581043,29058080,15.77
2021-07-10,Delhi,39333,485,34938,4585402,29058080,15.78
2021-07-11,Delhi,38390,473,34101,4632735,29058080,15.94
2021-07-12,Delhi,38506,475,34204,4678552,29058080,16.1
2021-07-13,Delhi,37891,467,33657,4703948,29058080,16.19
2021-07-14,Delhi,37162,458,33010,4705799,29058080,16.19
2021-07-15,Delhi,36833,454,32718,4740405,29058080,16.31
2021-07-16,Delhi,36546,450,32463,4766636,29058080,16.4
2021-07-17,Delhi,35714,440,31724,4808268,29058080,16.55
2021-07-18,Delhi,35506,438,31539,4823015,29058080,16.6
2021-07-19,Delhi,35337,436,31389,4850887,29058080,16.69
2021-07-20,Delhi,34671,427,30797,4895479,29058080,16.85
2021-07-21,Delhi,33875,418,30090,4928828,29058080,16.96
2021-07-22,Delhi,33379,411,29650,4961141,29058080,17.07
2021-07-23,Delhi,32599,402,28957,5009489,29058080,17.24
2021-07-24,Delhi,32050,395,28469,5033967,29058080,17.32
2021-07-25,Delhi,31178,384,27695,5042593,29058080,17.35
2021-07-26,Delhi,31144,384,27664,5091402,29058080,17.52
2021-07-27,Delhi,30697,378,27267,5098341,29058080,17.55
2021-07-28,Delhi,29890,368,26550,5125898,29058080,17.64
2021-07-29,Delhi,29062,358,25815,5163549,29058080,17.77
2021-07-30,Delhi,28756,354,25543,5202902,29058080,17.91
2021-07-31,Delhi,28546,352,25357,5238068,29058080,18.03
2021-08-01,Delhi,27818,343,24710,5259336,29058080,18.1
2021-08-02,Delhi,26943,332,23933,5268633,29058080,18.13
2021-08-03,Delhi,26969,332,23956,5270545,29058080,18.14
2021-08-04,Delhi,26566,327,23598,5285665,29058080,18.19
2021-08-05,Delhi,25015,308,22220,5334266,29058080,18.36
2021-08-06,Delhi,24488,302,21752,5368528,29058080,18.48
2021-08-07,Delhi,24174,298,21473,5388875,29058080,18.55
2021-08-08,Delhi,23099,285,20518,5413593,29058080,18.63
2021-08-09,Delhi,23036,284,20462,5430300,29058080,18.69
2021-08-10,Delhi,22224,274,19741,5474973,29058080,18.84
2021-08-11,Delhi,21721,268,19294,5497647,29058080,18.92
2021-08-12,Delhi,20857,257,18527,5539504,29058080,19.06
2021-08-13,Delhi,20217,249,17958,5542056,29058080,19.07
2021-08-14,Delhi,19288,238,17133,5566411,29058080,19.16
2021-08-15,Delhi,19764,244,17556,5596559,29058080,19.26
2021-08-16,Delhi,19042,235,16914,5629902,29058080,19.37
2021-08-17,Delhi,18409,227,16352,5631091,29058080,19.38
2021-08-18,Delhi,17766,219,15781,5663264,29058080,19.49
2021-08-19,Delhi,16432,203,14596,5705230,29058080,19.63
2021-08-20,Delhi,16367,202,14538,5709833,29058080,19.65
2021-08-21,Delhi,15992,197,14205,5726370,29058080,19.71
2021-08-22,Delhi,15230,188,13528,5747649,29058080,19.78
2021-08-23,Delhi,14539,179,12915,5760368,29058080,19.82
2021-08-24,Delhi,14257,176,12664,5782362,29058080,19.9
2021-08-25,Delhi,14076,173,12503,5827016,29058080,20.05
2021-08-26,Delhi,13596,168,12077,5871884,29058080,20.21
2021-08-27,Delhi,13383,165,11888,5901945,29058080,20.31
2021-08-28,Delhi,13269,164,11786,5946209,29058080,20.46
2021-08-29,Delhi,12405,153,11019,5986967,29058080,20.6
2021-08-30,Delhi,11705,144,10397,5989848,29058080,20.61
2021-08-31,Delhi,11866,146,10540,6009195,29058080,20.68
2021-09-01,Delhi,10430,129,9265,6051453,29058080,20.83
2021-09-02,Delhi,9870,122,8767,6073573,29058080,20.9
2021-09-03,Delhi,9827,121,8729,6104157,29058080,21.01
2021-09-04,Delhi,9945,123,8834,6124759,29058080,21.08
2021-09-05,Delhi,9371,116,8324,6125570,29058080,21.08
2021-09-06,Delhi,8612,106,7650,6153819,29058080,21.18
2021-09-07,Delhi,8372,103,7437,6172901,29058080,21.24
2021-09-08,Delhi,7867,97,6988,6211599,29058080,21.38
2021-09-09,Delhi,7527,93,6686,6256003,29058080,21.53
2021-09-10,Delhi,8035,99,7137,6261231,29058080,21.55
2021-09-11,Delhi,7206,89,6401,6279142,29058080,21.61
2021-09-12,Delhi,7470,92,6635,6298776,29058080,21.68
2021-09-13,Delhi,6372,79,5660,6332598,29058080,21.79
2021-09-14,Delhi,6495,80,5769,6352408,29058080,21.86
2021-09-15,Delhi,6135,76,5450,6380691,29058080,21.96
2021-09-16,Delhi,6059,75,5382,6426106,29058080,22.11
2021-09-17,Delhi,5609,69,4982,6455599,29058080,22.22
2021-09-18,Delhi,5575,69,4952,6460520,29058080,22.23
2021-09-19,Delhi,5201,64,4620,6484560,29058080,22.32
2021-09-20,Delhi,4472,55,3972,6528886,29058080,22.47
2021-09-21,Delhi,4792,59,4257,6553003,29058080,22.55
2021-09-22,Delhi,4323,53,3840,6602148,29058080,22.72
2021-09-23,Delhi,3911,48,3474,6647280,29058080,22.88
2021-09-24,Delhi,4150,51,3686,6660479,29058080,22.92
2021-09-25,Delhi,4025,50,3575,6681169,29058080,22.99
2021-09-26,Delhi,3417,42,3035,6690424,29058080,23.02
2021-09-27,Delhi,3278,40,2912,6699994,29058080,23.06
2021-09-28,Delhi,2796,34,2484,6718382,29058080,23.12
2021-09-29,Delhi,2506,31,2226,6739368,29058080,23.19
2021-09-30,Delhi,2817,35,2502,6756889,29058080,23.25
2021-10-01,Delhi,2977,37,2644,6793534,29058080,23.38
2021-10-02,Delhi,2423,30,2152,6801132,29058080,23.41
2021-10-03,Delhi,2886,36,2564,6824894,29058080,23.49
2021-10-04,Delhi,2265,28,2012,6869328,29058080,23.64
2021-10-05,Delhi,2140,26,1901,6905932,29058080,23.77
2021-10-06,Delhi,1994,25,1771,6916153,29058080,23.8
2021-10-07,Delhi,2261,28,2008,6928142,29058080,23.84
2021-10-08,Delhi,1570,19,1395,6974444,29058080,24.0
2021-10-09,Delhi,1715,21,1523,7003582,29058080,24.1
2021-10-10,Delhi,1491,18,1324,7047570,29058080,24.25
2021-10-11,Delhi,1393,17,1237,7090786,29058080,24.4
2021-10-12,Delhi,1482,18,1316,7112860,29058080,24.48
2021-10-13,Delhi,1353,17,1202,7139324,29058080,24.57
2021-10-14,Delhi,1622,20,1441,7157740,29058080,24.63
2021-10-15,Delhi,1227,15,1090,7189580,29058080,24.74
2021-10-16,Delhi,1324,16,1176,7222066,29058080,24.85
2021-10-17,Delhi,1140,14,1013,7256006,29058080,24.97
2021-10-18,Delhi,1444,18,1283,7299052,29058080,25.12
2021-10-19,Delhi,871,11,774,7336035,29058080,25.25
2021-10-20,Delhi,813,10,722,7341123,29058080,25.26
2021-10-21,Delhi,1071,13,951,7358637,29058080,25.32
2021-10-22,Delhi,701,9,623,7387135,29058080,25.42
2021-10-23,Delhi,896,11,796,7418477,29058080,25.53
2021-10-24,Delhi,1401,17,1244,7461693,29058080,25.68
2021-10-25,Delhi,362,4,322,7482501,29058080,25.75
2021-10-26,Delhi,1073,13,953,7523587,29058080,25.89
2021-10-27,Delhi,427,5,379,7543134,29058080,25.96
2021-10-28,Delhi,939,12,834,7550438,29058080,25.98
2021-10-29,Delhi,709,9,630,7574198,29058080,26.07
2021-10-30,Delhi,651,8,578,7581657,29058080,26.09
2021-10-31,Delhi,394,5,350,7602047,29058080,26.16
2021-11-01,Delhi,336,4,298,7614166,29058080,26.2
2021-11-02,Delhi,167,2,148,7615459,29058080,26.21
2021-11-03,Delhi,360,4,320,7648635,29058080,26.32
2021-11-04,Delhi,279,3,248,7685734,29058080,26.45
2021-11-05,Delhi,369,5,328,7692327,29058080,26.47
2021-11-06,Delhi,0,0,0,7721543,29058080,26.57
2021-11-07,Delhi,277,3,246,7746648,29058080,26.66
2021-11-08,Delhi,631,8,560,7753526,29058080,26.68
2021-11-09,Delhi,518,6,460,7783943,29058080,26.79
2021-11-10,Delhi,225,3,200,7797008,29058080,26.83
2021-11-11,Delhi,972,12,863,7838108,29058080,26.97
2021-11-12,Delhi,16,0,14,7868659,29058080,27.08
2021-11-13,Delhi,150,2,133,7874237,29058080,27.1
2021-11-14,Delhi,0,0,0,7900137,29058080,27.19
2021-11-15,Delhi,30,0,27,7905975,29058080,27.21
2021-11-16,Delhi,677,8,601,7942146,29058080,27.33
2021-11-17,Delhi,21,0,19,7957017,29058080,27.38
2021-11-18,Delhi,0,0,0,7981478,29058080,27.47
2021-11-19,Delhi,374,5,332,8016280,29058080,27.59
2021-11-20,Delhi,221,3,196,8058511,29058080,27.73
2021-11-21,Delhi,346,4,307,8084124,29058080,27.82
2021-11-22,Delhi,0,0,0,8087996,29058080,27.83
2021-11-23,Delhi,0,0,0,8100933,29058080,27.88
2021-11-24,Delhi,21,0,19,8131592,29058080,27.98
2021-11-25,Delhi,237,3,211,8133687,29058080,27.99
2021-11-26,Delhi,44,1,39,8152264,29058080,28.06
2021-11-27,Delhi,177,2,157,8168434,29058080,28.11
2021-11-28,Delhi,0,0,0,8183776,29058080,28.16
2021-11-29,Delhi,179,2,159,8231464,29058080,28.33
2021-11-30,Delhi,47,1,42,8278646,29058080,28.49
2021-12-01,Delhi,0,0,0,8323508,29058080,28.64
2021-12-02,Delhi,83,1,74,8366698,29058080,28.79
2021-12-03,Delhi,0,0,0,8411373,29058080,28.95
2021-12-04,Delhi,220,3,195,8420558,29058080,28.98
2021-12-05,Delhi,294,4,261,8440229,29058080,29.05
2021-12-06,Delhi,180,2,160,8443100,29058080,29.06
2021-12-07,Delhi,0,0,0,8482959,29058080,29.19
2021-12-08,Delhi,0,0,0,8526321,29058080,29.34
2021-12-09,Delhi,0,0,0,8527769,29058080,29.35
2021-12-10,Delhi,0,0,0,8536233,29058080,29.38
2021-12-11,Delhi,0,0,0,8544675,29058080,29.41
2021-12-12,Delhi,295,4,262,8591087,29058080,29.57
2021-12-13,Delhi,226,3,201,8630605,29058080,29.7
2021-12-14,Delhi,0,0,0,8644470,29058080,29.75
2021-12-15,Delhi,191,2,170,8646753,29058080,29.76
2021-12-16,Delhi,111,1,99,8667335,29058080,29.83
2021-12-17,Delhi,2,0,2,8696556,29058080,29.93
2021-12-18,Delhi,355,4,315,8698805,29058080,29.94
2021-12-19,Delhi,0,0,0,8722249,29058080,30.02
2021-12-20,Delhi,25,0,22,8749125,29058080,30.11
2021-12-21,Delhi,0,0,0,8798183,29058080,30.28
2021-12-22,Delhi,0,0,0,8807619,29058080,30.31
2021-12-23,Delhi,0,0,0,8816790,29058080,30.34
2021-12-24,Delhi,0,0,0,8838343,29058080,30.42
2021-12-25,Delhi,31,0,28,8854320,29058080,30.47
2021-12-26,Delhi,0,0,0,8900290,29058080,30.63
2021-12-27,Delhi,0,0,0,8939642,29058080,30.76
2021-12-28,Delhi,0,0,0,8952270,29058080,30.81
2021-12-29,Delhi,536,7,476,8969014,29058080,30.87
2021-12-30,Delhi,0,0,0,9000759,29058080,30.98
2021-12-31,Delhi,0,0,0,9044336,29058080,31.13
2022-01-01,Delhi,0,0,0,9054435,29058080,31.16
2022-01-02,Delhi,0,0,0,9069239,29058080,31.21
2022-01-03,Delhi,157,2,139,9099731,29058080,31.32
2022-01-04,Delhi,188,2,167,9142722,29058080,31.46
2022-01-05,Delhi,286,4,254,9157179,29058080,31.51
2022-01-06,Delhi,0,0,0,9180553,29058080,31.59
2022-01-07,Delhi,0,0,0,9214631,29058080,31.71
2022-01-08,Delhi,492,6,437,9235895,29058080,31.78
2022-01-09,Delhi,0,0,0,9274426,29058080,31.92
2022-01-10,Delhi,20,0,18,9300178,29058080,32.01
2022-01-11,Delhi,130,2,115,9344211,29058080,32.16
2022-01-12,Delhi,563,7,500,9374580,29058080,32.26
2022-01-13,Delhi,0,0,0,9420509,29058080,32.42
2022-01-14,Delhi,0,0,0,9463492,29058080,32.57
2022-01-15,Delhi,0,0,0,9475557,29058080,32.61
2022-01-16,Delhi,0,0,0,9520422,29058080,32.76
2022-01-17,Delhi,0,0,0,9526871,29058080,32.79
2022-01-18,Delhi,251,3,223,9541008,29058080,32.83
2022-01-19,Delhi,362,4,322,9543433,29058080,32.84
2022-01-20,Delhi,0,0,0,9548644,29058080,32.86
2022-01-21,Delhi,200,2,178,9584661,29058080,32.98
2022-01-22,Delhi,0,0,0,9590216,29058080,33.0
2022-01-23,Delhi,167,2,148,9599560,29058080,33.04
2022-01-24,Delhi,347,4,308,9619975,29058080,33.11
2022-01-25,Delhi,0,0,0,9659983,29058080,33.24
2022-01-26,Delhi,323,4,287,9700526,29058080,33.38
2022-01-27,Delhi,0,0,0,9748766,29058080,33.55
2022-01-28,Delhi,197,2,175,9751522,29058080,33.56
2022-01-29,Delhi,310,4,275,9758920,29058080,33.58
2022-01-30,Delhi,279,3,248,9778862,29058080,33.65
2022-01-31,Delhi,0,0,0,9793028,29058080,33.7
2022-02-01,Delhi,0,0,0,9797887,29058080,33.72
2022-02-02,Delhi,91,1,81,9824090,29058080,33.81
2022-02-03,Delhi,133,2,118,9847529,29058080,33.89
2022-02-04,Delhi,35,0,31,9869056,29058080,33.96
2022-02-05,Delhi,429,5,381,9870183,29058080,33.97
2022-02-06,Delhi,0,0,0,9891480,29058080,34.04
2022-02-07,Delhi,0,0,0,9914388,29058080,34.12
2022-02-08,Delhi,0,0,0,9925243,29058080,34.16
2022-02-09,Delhi,186,2,165,9964987,29058080,34.29
2022-02-10,Delhi,166,2,147,10009447,29058080,34.45
2022-02-11,Delhi,1005,12,893,10055892,29058080,34.61
2022-02-12,Delhi,308,4,274,10089971,29058080,34.72
2022-02-13,Delhi,99,1,88,10123771,29058080,34.84
2022-02-14,Delhi,77,1,68,10131464,29058080,34.87
2022-02-15,Delhi,0,0,0,10151169,29058080,34.93
2022-02-16,Delhi,39,0,35,10151390,29058080,34.93
2022-02-17,Delhi,83,1,74,10179358,29058080,35.03
2022-02-18,Delhi,0,0,0,10217492,29058080,35.16
2022-02-19,Delhi,59,1,52,10250943,29058080,35.28
2022-02-20,Delhi,30,0,27,10251735,29058080,35.28
2022-02-21,Delhi,526,6,467,10279554,29058080,35.38
2022-02-22,Delhi,0,0,0,10323574,29058080,35.53
2022-02-23,Delhi,0,0,0,10328676,29058080,35.54
2022-02-24,Delhi,81,1,72,10355147,29058080,35.64
2022-02-25,Delhi,22,0,20,10367660,29058080,35.68
2022-02-26,Delhi,0,0,0,10414164,29058080,35.84
2022-02-27,Delhi,0,0,0,10441697,29058080,35.93
2022-02-28,Delhi,0,0,0,10480289,29058080,36.07
2022-03-01,Delhi,0,0,0,10506514,29058080,36.16
2022-03-02,Delhi,0,0,0,10551231,29058080,36.31
2022-03-03,Delhi,220,3,195,10565602,29058080,36.36
2022-03-04,Delhi,0,0,0,10602792,29058080,36.49
2022-03-05,Delhi,0,0,0,10624258,29058080,36.56
2022-03-06,Delhi,162,2,144,10653088,29058080,36.66
2022-03-07,Delhi,0,0,0,10687385,29058080,36.78
2022-03-08,Delhi,783,10,696,10696038,29058080,36.81
2022-03-09,Delhi,75,1,67,10739435,29058080,36.96
2022-03-10,Delhi,0,0,0,10775817,29058080,37.08
2022-03-11,Delhi,0,0,0,10796280,29058080,37.15
2022-03-12,Delhi,0,0,0,10825895,29058080,37.26
2022-03-13,Delhi,0,0,0,10859071,29058080,37.37
2022-03-14,Delhi,161,2,143,10881803,29058080,37.45
2022-03-15,Delhi,0,0,0,10913554,29058080,37.56
2022-03-16,Delhi,0,0,0,10941483,29058080,37.65
2022-03-17,Delhi,343,4,305,10980453,29058080,37.79
2022-03-18,Delhi,0,0,0,10992065,29058080,37.83
2022-03-19,Delhi,201,2,179,10992272,29058080,37.83
2022-03-20,Delhi,0,0,0,11012493,29058080,37.9
2022-03-21,Delhi,0,0,0,11053721,29058080,38.04
2022-03-22,Delhi,0,0,0,11059930,29058080,38.06
2022-03-23,Delhi,90,1,80,11102988,29058080,38.21
2022-03-24,Delhi,0,0,0,11123476,29058080,38.28
2022-03-25,Delhi,621,8,552,11133906,29058080,38.32
2022-03-26,Delhi,0,0,0,11157252,29058080,38.4
2022-03-27,Delhi,341,4,303,11197833,29058080,38.54
2022-03-28,Delhi,263,3,234,11240721,29058080,38.68
2022-03-29,Delhi,93,1,83,11271374,29058080,38.79
2022-03-30,Delhi,16,0,14,11297732,29058080,38.88
2022-03-31,Delhi,556,7,494,11338060,29058080,39.02
2022-04-01,Delhi,741,9,658,11383503,29058080,39.18
2022-04-02,Delhi,0,0,0,11423274,29058080,39.31
2022-04-03,Delhi,47,1,42,11471669,29058080,39.48
2022-04-04,Delhi,0,0,0,11513228,29058080,39.62
2022-04-05,Delhi,0,0,0,11515677,29058080,39.63
2022-04-06,Delhi,139,2,123,11516660,29058080,39.63
2022-04-07,Delhi,75,1,67,11546517,29058080,39.74
2022-04-08,Delhi,0,0,0,11594373,29058080,39.9
2022-04-09,Delhi,137,2,122,11609334,29058080,39.95
2022-04-10,Delhi,85,1,76,11657645,29058080,40.12
2022-04-11,Delhi,0,0,0,11700211,29058080,40.26
2022-04-12,Delhi,0,0,0,11707250,29058080,40.29
2022-04-13,Delhi,127,2,113,11731953,29058080,40.37
2022-04-14,Delhi,483,6,429,11743011,29058080,40.41
2022-04-15,Delhi,120,1,107,11746915,29058080,40.43
2022-04-16,Delhi,234,3,208,11781458,29058080,40.54
2022-04-17,Delhi,0,0,0,11792208,29058080,40.58
2022-04-18,Delhi,0,0,0,11820194,29058080,40.68
2022-04-19,Delhi,182,2,162,11853888,29058080,40.79
2022-04-20,Delhi,0,0,0,11875490,29058080,40.87
2022-04-21,Delhi,62,1,55,11879470,29058080,40.88
2022-04-22,Delhi,148,2,131,11882926,29058080,40.89
2022-04-23,Delhi,0,0,0,11901879,29058080,40.96
2022-04-24,Delhi,96,1,85,11904011,29058080,40.97
2022-04-25,Delhi,17,0,15,11947592,29058080,41.12
2022-04-26,Delhi,0,0,0,11955904,29058080,41.14
2022-04-27,Delhi,0,0,0,11957364,29058080,41.15
2022-04-28,Delhi,0,0,0,11964364,29058080,41.17
2022-04-29,Delhi,391,5,347,11999174,29058080,41.29
2022-04-30,Delhi,307,4,273,12028609,29058080,41.4
2022-05-01,Delhi,0,0,0,12062383,29058080,41.51
2022-05-02,Delhi,0,0,0,12079728,29058080,41.57
2022-05-03,Delhi,0,0,0,12095764,29058080,41.63
2022-05-04,Delhi,0,0,0,12129346,29058080,41.74
2022-05-05,Delhi,86,1,76,12134981,29058080,41.76
2022-05-06,Delhi,317,4,282,12154695,29058080,41.83
2022-05-07,Delhi,679,8,603,12159815,29058080,41.85
2022-05-08,Delhi,0,0,0,12181015,29058080,41.92
2022-05-09,Delhi,195,2,173,12229476,29058080,42.09
2022-05-10,Delhi,163,2,145,12271984,29058080,42.23
2022-05-11,Delhi,0,0,0,12305829,29058080,42.35
2022-05-12,Delhi,0,0,0,12338695,29058080,42.46
2022-05-13,Delhi,83,1,74,12357494,29058080,42.53
2022-05-14,Delhi,636,8,565,12392759,29058080,42.65
2022-05-15,Delhi,81,1,72,12434436,29058080,42.79
2022-05-16,Delhi,0,0,0,12462397,29058080,42.89
2022-05-17,Delhi,0,0,0,12467563,29058080,42.91
2022-05-18,Delhi,0,0,0,12502273,29058080,43.03
2022-05-19,Delhi,6,0,5,12508619,29058080,43.05
2022-05-20,Delhi,205,3,182,12524810,29058080,43.1
2022-05-21,Delhi,0,0,0,12534688,29058080,43.14
2022-05-22,Delhi,0,0,0,12537197,29058080,43.15
2022-05-23,Delhi,83,1,74,12575375,29058080,43.28
2022-05-24,Delhi,0,0,0,12607633,29058080,43.39
2022-05-25,Delhi,0,0,0,12628077,29058080,43.46
2022-05-26,Delhi,0,0,0,12647151,29058080,43.52
2022-05-27,Delhi,120,1,107,12679279,29058080,43.63
2022-05-28,Delhi,0,0,0,12705852,29058080,43.73
2022-05-29,Delhi,279,3,248,12717474,29058080,43.77
2022-05-30,Delhi,286,4,254,12741497,29058080,43.85
2022-05-31,Delhi,0,0,0,12780361,29058080,43.98
2022-06-01,Delhi,0,0,0,12807973,29058080,44.08
2022-06-02,Delhi,38,0,34,12848056,29058080,44.22
2022-06-03,Delhi,0,0,0,12873465,29058080,44.3
2022-06-04,Delhi,0,0,0,12894127,29058080,44.37
2022-06-05,Delhi,574,7,510,12931241,29058080,44.5
2022-06-06,Delhi,214,3,190,12941705,29058080,44.54
2022-06-07,Delhi,0,0,0,12973044,29058080,44.65
2022-06-08,Delhi,0,0,0,13004546,29058080,44.75
2022-06-09,Delhi,0,0,0,13018395,29058080,44.8
2022-06-10,Delhi,0,0,0,13031201,29058080,44.85
2022-06-11,Delhi,0,0,0,13035384,29058080,44.86
2022-06-12,Delhi,0,0,0,13042798,29058080,44.89
2022-06-13,Delhi,0,0,0,13047571,29058080,44.9
2022-06-14,Delhi,0,0,0,13078360,29058080,45.01
2022-06-15,Delhi,0,0,0,13084442,29058080,45.03
2022-06-16,Delhi,0,0,0,13110087,29058080,45.12
2022-06-17,Delhi,16,0,14,13115658,29058080,45.14
2022-06-18,Delhi,456,6,405,13154830,29058080,45.27
2022-06-19,Delhi,0,0,0,13188710,29058080,45.39
2022-06-20,Delhi,0,0,0,13203325,29058080,45.44
2022-06-21,Delhi,0,0,0,13240090,29058080,45.56
2022-06-22,Delhi,0,0,0,13251355,29058080,45.6
2022-06-23,Delhi,0,0,0,13283118,29058080,45.71
2022-06-24,Delhi,288,4,256,13315144,29058080,45.82
2022-06-25,Delhi,0,0,0,13336962,29058080,45.9
2022-06-26,Delhi,282,3,250,13372015,29058080,46.02
2022-06-27,Delhi,440,5,391,13419409,29058080,46.18
2022-06-28,Delhi,0,0,0,13440077,29058080,46.25
2022-06-29,Delhi,0,0,0,13454247,29058080,46.3
2022-06-30,Delhi,400,5,355,13476364,29058080,46.38
2022-07-01,Delhi,57,1,51,13504761,29058080,46.48
2022-07-02,Delhi,156,2,139,13510938,29058080,46.5
2022-07-03,Delhi,310,4,275,13558933,29058080,46.66
2022-07-04,Delhi,269,3,239,13582403,29058080,46.74
2022-07-05,Delhi,123,2,109,13630598,29058080,46.91
2022-07-06,Delhi,419,5,372,13678664,29058080,47.07
2022-07-07,Delhi,0,0,0,13681855,29058080,47.08
2022-07-08,Delhi,156,2,139,13687539,29058080,47.1
2022-07-09,Delhi,0,0,0,13696612,29058080,47.14
2022-07-10,Delhi,306,4,272,13725010,29058080,47.23
2022-07-11,Delhi,0,0,0,13742694,29058080,47.29
2022-07-12,Delhi,0,0,0,13743613,29058080,47.3
2022-07-13,Delhi,196,2,174,13771827,29058080,47.39
2022-07-14,Delhi,0,0,0,13788095,29058080,47.45
2022-07-15,Delhi,0,0,0,13830265,29058080,47.6
2022-07-16,Delhi,379,5,337,13868322,29058080,47.73
2022-07-17,Delhi,290,4,258,13910555,29058080,47.87
2022-07-18,Delhi,0,0,0,13938913,29058080,47.97
2022-07-19,Delhi,0,0,0,13973703,29058080,48.09
2022-07-20,Delhi,160,2,142,13977759,29058080,48.1
2022-07-21,Delhi,199,2,177,14015745,29058080,48.23
2022-07-22,Delhi,155,2,138,14038336,29058080,48.31
2022-07-23,Delhi,141,2,125,14038555,29058080,48.31
2022-07-24,Delhi,0,0,0,14042508,29058080,48.33
2022-07-25,Delhi,0,0,0,14057919,29058080,48.38
2022-07-26,Delhi,0,0,0,14076595,29058080,48.44
2022-07-27,Delhi,0,0,0,14087028,29058080,48.48
2022-07-28,Delhi,96,1,85,14125475,29058080,48.61
2022-07-29,Delhi,101,1,90,14147820,29058080,48.69
2022-07-30,Delhi,237,3,211,14160732,29058080,48.73
2022-07-31,Delhi,0,0,0,14194417,29058080,48.85
2022-08-01,Delhi,0,0,0,14217086,29058080,48.93
2022-08-02,Delhi,0,0,0,14256025,29058080,49.06
2022-08-03,Delhi,0,0,0,14281041,29058080,49.15
2022-08-04,Delhi,56,1,50,14318513,29058080,49.28
2022-08-05,Delhi,0,0,0,14361176,29058080,49.42
2022-08-06,Delhi,354,4,314,14365141,29058080,49.44
2022-08-07,Delhi,0,0,0,14371216,29058080,49.46
2022-08-08,Delhi,478,6,425,14407748,29058080,49.58
2022-08-09,Delhi,157,2,139,14435268,29058080,49.68
2022-08-10,Delhi,0,0,0,14447303,29058080,49.72
2022-08-11,Delhi,628,8,558,14448842,29058080,49.72
2022-08-12,Delhi,80,1,71,14496615,29058080,49.89
2022-08-13,Delhi,50,1,44,14501281,29058080,49.9
2022-08-14,Delhi,0,0,0,14524414,29058080,49.98
2022-08-15,Delhi,140,2,124,14535450,29058080,50.02
2022-08-16,Delhi,158,2,140,14555229,29058080,50.09
2022-08-17,Delhi,0,0,0,14591214,29058080,50.21
2022-08-18,Delhi,0,0,0,14616670,29058080,50.3
2022-08-19,Delhi,35,0,31,14618725,29058080,50.31
2022-08-20,Delhi,175,2,155,14623085,29058080,50.32
2022-08-21,Delhi,180,2,160,14670338,29058080,50.49
2022-08-22,Delhi,49,1,44,14682933,29058080,50.53
2022-08-23,Delhi,0,0,0,14704316,29058080,50.6
2022-08-24,Delhi,0,0,0,14743587,29058080,50.74
2022-08-25,Delhi,0,0,0,14785519,29058080,50.88
2022-08-26,Delhi,178,2,158,14799724,29058080,50.93
2022-08-27,Delhi,0,0,0,14810817,29058080,50.97
2022-08-28,Delhi,0,0,0,14832689,29058080,51.04
2022-08-29,Delhi,71,1,63,14849579,29058080,51.1
2022-08-30,Delhi,1,0,1,14884630,29058080,51.22
2022-08-31,Delhi,0,0,0,14920980,29058080,51.35
2022-09-01,Delhi,0,0,0,14933988,29058080,51.39
2022-09-02,Delhi,81,1,72,14952947,29058080,51.46
2022-09-03,Delhi,0,0,0,14989478,29058080,51.58
2022-09-04,Delhi,0,0,0,15014852,29058080,51.67
2022-09-05,Delhi,347,4,308,15042404,29058080,51.77
2022-09-06,Delhi,152,2,135,15082866,29058080,51.91
2022-09-07,Delhi,0,0,0,15115454,29058080,52.02
2022-09-08,Delhi,0,0,0,15148008,29058080,52.13
2022-09-09,Delhi,480,6,426,15172088,29058080,52.21
2022-09-10,Delhi,0,0,0,15213881,29058080,52.36
2022-09-11,Delhi,12,0,11,15215030,29058080,52.36
2022-09-12,Delhi,199,2,177,15219354,29058080,52.38
2022-09-13,Delhi,65,1,58,15253174,29058080,52.49
2022-09-14,Delhi,0,0,0,15283577,29058080,52.6
2022-09-15,Delhi,0,0,0,15297566,29058080,52.64
2022-09-16,Delhi,0,0,0,15327626,29058080,52.75
2022-09-17,Delhi,197,2,175,15332978,29058080,52.77
2022-09-18,Delhi,396,5,352,15363332,29058080,52.87
2022-09-19,Delhi,0,0,0,15381392,29058080,52.93
2022-09-20,Delhi,529,7,470,15410832,29058080,53.03
2022-09-21,Delhi,0,0,0,15427874,29058080,53.09
2022-09-22,Delhi,277,3,246,15464065,29058080,53.22
2022-09-23,Delhi,0,0,0,15469648,29058080,53.24
2022-09-24,Delhi,0,0,0,15511849,29058080,53.38
2022-09-25,Delhi,0,0,0,15536584,29058080,53.47
2022-09-26,Delhi,0,0,0,15548063,29058080,53.51
2022-09-27,Delhi,157,2,139,15596171,29058080,53.67
2022-09-28,Delhi,9,0,8,15601399,29058080,53.69
2022-09-29,Delhi,0,0,0,15628253,29058080,53.78
2022-09-30,Delhi,335,4,298,15631951,29058080,53.8
2022-10-01,Delhi,1,0,1,15676927,29058080,53.95
2022-10-02,Delhi,84,1,75,15684848,29058080,53.98
2022-10-03,Delhi,933,11,829,15697439,29058080,54.02
2022-10-04,Delhi,0,0,0,15730236,29058080,54.13
2022-10-05,Delhi,0,0,0,15774474,29058080,54.29
2022-10-06,Delhi,144,2,128,15795298,29058080,54.36
2022-10-07,Delhi,220,3,195,15808311,29058080,54.4
2022-10-08,Delhi,90,1,80,15825785,29058080,54.46
2022-10-09,Delhi,47,1,42,15871661,29058080,54.62
2022-10-10,Delhi,445,5,395,15917158,29058080,54.78
2022-10-11,Delhi,407,5,362,15923283,29058080,54.8
2022-10-12,Delhi,0,0,0,15968291,29058080,54.95
2022-10-13,Delhi,0,0,0,16010338,29058080,55.1
2022-10-14,Delhi,129,2,115,16037282,29058080,55.19
2022-10-15,Delhi,0,0,0,16050059,29058080,55.23
2022-10-16,Delhi,266,3,236,16072984,29058080,55.31
2022-10-17,Delhi,127,2,113,16111747,29058080,55.45
2022-10-18,Delhi,801,10,712,16125269,29058080,55.49
2022-10-19,Delhi,442,5,393,16142464,29058080,55.55
2022-10-20,Delhi,0,0,0,16165459,29058080,55.63
2022-10-21,Delhi,0,0,0,16168826,29058080,55.64
2022-10-22,Delhi,0,0,0,16189371,29058080,55.71
2022-10-23,Delhi,0,0,0,16196066,29058080,55.74
2022-10-24,Delhi,34,0,30,16196413,29058080,55.74
2022-10-25,Delhi,0,0,0,16215768,29058080,55.8
2022-10-26,Delhi,492,6,437,16253696,29058080,55.94
2022-10-27,Delhi,347,4,308,16302830,29058080,56.1
2022-10-28,Delhi,0,0,0,16324758,29058080,56.18
2022-10-29,Delhi,0,0,0,16362452,29058080,56.31
2022-10-30,Delhi,446,5,396,16373594,29058080,56.35
2022-10-31,Delhi,514,6,457,16405422,29058080,56.46
2022-11-01,Delhi,0,0,0,16438735,29058080,56.57
2022-11-02,Delhi,0,0,0,16455350,29058080,56.63
2022-11-03,Delhi,0,0,0,16477733,29058080,56.71
2022-11-04,Delhi,129,2,115,16511235,29058080,56.82
2022-11-05,Delhi,0,0,0,16526921,29058080,56.88
2022-11-06,Delhi,136,2,121,16557107,29058080,56.98
2022-11-07,Delhi,585,7,520,16568647,29058080,57.02
2022-11-08,Delhi,0,0,0,16595425,29058080,57.11
2022-11-09,Delhi,0,0,0,16598382,29058080,57.12
2022-11-10,Delhi,0,0,0,16620704,29058080,57.2
2022-11-11,Delhi,0,0,0,16645855,29058080,57.28
2022-11-12,Delhi,0,0,0,16687218,29058080,57.43
2022-11-13,Delhi,0,0,0,16705990,29058080,57.49
2022-11-14,Delhi,156,2,139,16706297,29058080,57.49
2022-11-15,Delhi,45,1,40,16708313,29058080,57.5
2022-11-16,Delhi,90,1,80,16735280,29058080,57.59
2022-11-17,Delhi,0,0,0,16775900,29058080,57.73
2022-11-18,Delhi,0,0,0,16820422,29058080,57.89
2022-11-19,Delhi,0,0,0,16860836,29058080,58.02
2022-11-20,Delhi,0,0,0,16877833,29058080,58.08
2022-11-21,Delhi,126,2,112,16902334,29058080,58.17
2022-11-22,Delhi,0,0,0,16946745,29058080,58.32
2022-11-23,Delhi,86,1,76,16988690,29058080,58.46
2022-11-24,Delhi,0,0,0,17011384,29058080,58.54
2022-11-25,Delhi,0,0,0,17035434,29058080,58.63
2022-11-26,Delhi,0,0,0,17038903,29058080,58.64
2022-11-27,Delhi,0,0,0,17047348,29058080,58.67
2022-11-28,Delhi,83,1,74,17073812,29058080,58.76
2022-11-29,Delhi,137,2,122,17099691,29058080,58.85
2022-11-30,Delhi,0,0,0,17128440,29058080,58.95
2022-12-01,Delhi,123,2,109,17144068,29058080,59.0
2022-12-02,Delhi,342,4,304,17155412,29058080,59.04
2022-12-03,Delhi,0,0,0,17178030,29058080,59.12
2022-12-04,Delhi,0,0,0,17221965,29058080,59.27
2022-12-05,Delhi,0,0,0,17270498,29058080,59.43
2022-12-06,Delhi,0,0,0,17273119,29058080,59.44
2022-12-07,Delhi,81,1,72,17290895,29058080,59.5
2022-12-08,Delhi,287,4,255,17316958,29058080,59.59
2022-12-09,Delhi,0,0,0,17327752,29058080,59.63
2022-12-10,Delhi,801,10,712,17345416,29058080,59.69
2022-12-11,Delhi,94,1,83,17351843,29058080,59.71
2022-12-12,Delhi,0,0,0,17375036,29058080,59.79
2022-12-13,Delhi,386,5,343,17419232,29058080,59.95
2022-12-14,Delhi,0,0,0,17465662,29058080,60.11
2022-12-15,Delhi,99,1,88,17466408,29058080,60.11
2022-12-16,Delhi,0,0,0,17498241,29058080,60.22
2022-12-17,Delhi,0,0,0,17543613,29058080,60.37
2022-12-18,Delhi,289,4,257,17582017,29058080,60.51
2022-12-19,Delhi,0,0,0,17585105,29058080,60.52
2022-12-20,Delhi,518,6,460,17604592,29058080,60.58
2022-12-21,Delhi,0,0,0,17642224,29058080,60.71
2022-12-22,Delhi,0,0,0,17691206,29058080,60.88
2022-12-23,Delhi,0,0,0,17705888,29058080,60.93
2022-12-24,Delhi,867,11,770,17720044,29058080,60.98
2022-12-25,Delhi,250,3,222,17732539,29058080,61.02
2022-12-26,Delhi,166,2,147,17777286,29058080,61.18
2022-12-27,Delhi,176,2,156,17786282,29058080,61.21
2022-12-28,Delhi,0,0,0,17804583,29058080,61.27
2022-12-29,Delhi,819,10,727,17811308,29058080,61.3
2022-12-30,Delhi,137,2,122,17858291,29058080,61.46
2022-12-31,Delhi,109,1,97,17861602,29058080,61.47
2021-01-01,Uttar Pradesh,0,0,0,18588,26080601,0.07
2021-01-02,Uttar Pradesh,407,8,358,42155,26080601,0.16
2021-01-03,Uttar Pradesh,0,0,0,69282,26080601,0.27
2021-01-04,Uttar Pradesh,216,4,190,93294,26080601,0.36
2021-01-05,Uttar Pradesh,357,7,314,136358,26080601,0.52
2021-01-06,Uttar Pradesh,428,9,376,144658,26080601,0.55
2021-01-07,Uttar Pradesh,737,15,648,148804,26080601,0.57
2021-01-08,Uttar Pradesh,0,0,0,171482,26080601,0.66
2021-01-09,Uttar Pradesh,0,0,0,181828,26080601,0.7
2021-01-10,Uttar Pradesh,351,7,308,222914,26080601,0.85
2021-01-11,Uttar Pradesh,397,8,349,265333,26080601,1.02
2021-01-12,Uttar Pradesh,0,0,0,314772,26080601,1.21
2021-01-13,Uttar Pradesh,279,6,245,334077,26080601,1.28
2021-01-14,Uttar Pradesh,962,19,846,382094,26080601,1.47
2021-01-15,Uttar Pradesh,187,4,164,387161,26080601,1.48
2021-01-16,Uttar Pradesh,445,9,391,435269,26080601,1.67
2021-01-17,Uttar Pradesh,654,13,575,447572,26080601,1.72
2021-01-18,Uttar Pradesh,946,19,831,448522,26080601,1.72
2021-01-19,Uttar Pradesh,283,6,249,489795,26080601,1.88
2021-01-20,Uttar Pradesh,602,12,529,515583,26080601,1.98
2021-01-21,Uttar Pradesh,6,0,5,536227,26080601,2.06
2021-01-22,Uttar Pradesh,269,5,236,546233,26080601,2.09
2021-01-23,Uttar Pradesh,147,3,129,567015,26080601,2.17
2021-01-24,Uttar Pradesh,0,0,0,597779,26080601,2.29
2021-01-25,Uttar Pradesh,0,0,0,604963,26080601,2.32
2021-01-26,Uttar Pradesh,477,10,419,652254,26080601,2.5
2021-01-27,Uttar Pradesh,509,10,447,688436,26080601,2.64
2021-01-28,Uttar Pradesh,89,2,78,732268,26080601,2.81
2021-01-29,Uttar Pradesh,897,18,788,734497,26080601,2.82
2021-01-30,Uttar Pradesh,128,3,113,777826,26080601,2.98
2021-01-31,Uttar Pradesh,571,12,502,821113,26080601,3.15
2021-02-01,Uttar Pradesh,405,8,356,839398,26080601,3.22
2021-02-02,Uttar Pradesh,599,12,526,867880,26080601,3.33
2021-02-03,Uttar Pradesh,876,18,770,892938,26080601,3.42
2021-02-04,Uttar Pradesh,876,18,770,934243,26080601,3.58
2021-02-05,Uttar Pradesh,906,18,796,948340,26080601,3.64
2021-02-06,Uttar Pradesh,916,19,805,994318,26080601,3.81
2021-02-07,Uttar Pradesh,411,8,361,1022010,26080601,3.92
2021-02-08,Uttar Pradesh,1187,24,1043,1022016,26080601,3.92
2021-02-09,Uttar Pradesh,586,12,515,1037185,26080601,3.98
2021-02-10,Uttar Pradesh,933,19,820,1044313,26080601,4.0
2021-02-11,Uttar Pradesh,923,19,811,1084749,26080601,4.16
2021-02-12,Uttar Pradesh,1202,24,1056,1105205,26080601,4.24
2021-02-13,Uttar Pradesh,1023,21,899,1128425,26080601,4.33
2021-02-14,Uttar Pradesh,1197,24,1052,1145933,26080601,4.39
2021-02-15,Uttar Pradesh,1811,37,1592,1180952,26080601,4.53
2021-02-16,Uttar Pradesh,1021,21,897,1230622,26080601,4.72
2021-02-17,Uttar Pradesh,1499,30,1317,1274255,26080601,4.89
2021-02-18,Uttar Pradesh,1260,26,1107,1323732,26080601,5.08
2021-02-19,Uttar Pradesh,1897,38,1667,1338719,26080601,5.13
2021-02-20,Uttar Pradesh,1582,32,1390,1371936,26080601,5.26
2021-02-21,Uttar Pradesh,1923,39,1690,1403040,26080601,5.38
2021-02-22,Uttar Pradesh,1631,33,1434,1418162,26080601,5.44
2021-02-23,Uttar Pradesh,2539,51,2232,1460452,26080601,5.6
2021-02-24,Uttar Pradesh,2303,47,2024,1506432,26080601,5.78
2021-02-25,Uttar Pradesh,2458,50,2160,1553968,26080601,5.96
2021-02-26,Uttar Pradesh,2809,57,2469,1603364,26080601,6.15
2021-02-27,Uttar Pradesh,2335,47,2052,1611517,26080601,6.18
2021-02-28,Uttar Pradesh,2684,54,2359,1618880,26080601,6.21
2021-03-01,Uttar Pradesh,3085,62,2711,1652951,26080601,6.34
2021-03-02,Uttar Pradesh,2679,54,2355,1689234,26080601,6.48
2021-03-03,Uttar Pradesh,2893,59,2543,1710994,26080601,6.56
2021-03-04,Uttar Pradesh,3333,68,2929,1719157,26080601,6.59
2021-03-05,Uttar Pradesh,3436,70,3020,1733433,26080601,6.65
2021-03-06,Uttar Pradesh,3883,79,3413,1739851,26080601,6.67
2021-03-07,Uttar Pradesh,4361,88,3833,1747737,26080601,6.7
2021-03-08,Uttar Pradesh,4657,94,4093,1757133,26080601,6.74
2021-03-09,Uttar Pradesh,5212,106,4581,1786402,26080601,6.85
2021-03-10,Uttar Pradesh,4910,99,4315,1812062,26080601,6.95
2021-03-11,Uttar Pradesh,5221,106,4589,1828766,26080601,7.01
2021-03-12,Uttar Pradesh,5436,110,4778,1855908,26080601,7.12
2021-03-13,Uttar Pradesh,5820,118,5115,1889305,26080601,7.24
2021-03-14,Uttar Pradesh,6135,124,5392,1894180,26080601,7.26
2021-03-15,Uttar Pradesh,6595,134,5796,1908229,26080601,7.32
2021-03-16,Uttar Pradesh,6909,140,6072,1918287,26080601,7.36
2021-03-17,Uttar Pradesh,7117,144,6255,1918316,26080601,7.36
2021-03-18,Uttar Pradesh,7754,157,6815,1924117,26080601,7.38
2021-03-19,Uttar Pradesh,7661,155,6733,1962478,26080601,7.52
2021-03-20,Uttar Pradesh,7835,159,6886,2006257,26080601,7.69
2021-03-21,Uttar Pradesh,8262,167,7262,2014323,26080601,7.72
2021-03-22,Uttar Pradesh,8757,177,7697,2052685,26080601,7.87
2021-03-23,Uttar Pradesh,8869,180,7795,2065310,26080601,7.92
2021-03-24,Uttar Pradesh,9429,191,8287,2072307,26080601,7.95
2021-03-25,Uttar Pradesh,9704,197,8529,2084074,26080601,7.99
2021-03-26,Uttar Pradesh,10596,215,9313,2130041,26080601,8.17
2021-03-27,Uttar Pradesh,11061,224,9722,2147153,26080601,8.23
2021-03-28,Uttar Pradesh,10899,221,9579,2184190,26080601,8.37
2021-03-29,Uttar Pradesh,11724,237,10304,2208457,26080601,8.47
2021-03-30,Uttar Pradesh,12973,263,11402,2230245,26080601,8.55
2021-03-31,Uttar Pradesh,13133,266,11543,2270867,26080601,8.71
2021-04-01,Uttar Pradesh,13615,276,11966,2320440,26080601,8.9
2021-04-02,Uttar Pradesh,13828,280,12154,2352950,26080601,9.02
2021-04-03,Uttar Pradesh,14677,297,12900,2395428,26080601,9.18
2021-04-04,Uttar Pradesh,15164,307,13328,2402727,26080601,9.21
2021-04-05,Uttar Pradesh,15522,314,13643,2447764,26080601,9.39
2021-04-06,Uttar Pradesh,16221,329,14257,2456947,26080601,9.42
2021-04-07,Uttar Pradesh,16849,341,14809,2466472,26080601,9.46
2021-04-08,Uttar Pradesh,17180,348,15100,2508825,26080601,9.62
2021-04-09,Uttar Pradesh,17880,362,15715,2532968,26080601,9.71
2021-04-10,Uttar Pradesh,18882,382,16596,2545460,26080601,9.76
2021-04-11,Uttar Pradesh,19366,392,17021,2546822,26080601,9.77
2021-04-12,Uttar Pradesh,20222,410,17773,2557756,26080601,9.81
2021-04-13,Uttar Pradesh,20535,416,18049,2598972,26080601,9.97
2021-04-14,Uttar Pradesh,21976,445,19315,2599150,26080601,9.97
2021-04-15,Uttar Pradesh,23090,468,20294,2645161,26080601,10.14
2021-04-16,Uttar Pradesh,23518,476,20670,2683864,26080601,10.29
2021-04-17,Uttar Pradesh,24304,492,21361,2694097,26080601,10.33
2021-04-18,Uttar Pradesh,24919,505,21902,2731019,26080601,10.47
2021-04-19,Uttar Pradesh,25589,518,22491,2756944,26080601,10.57
2021-04-20,Uttar Pradesh,26323,533,23136,2774324,26080601,10.64
2021-04-21,Uttar Pradesh,26821,543,23573,2799593,26080601,10.73
2021-04-22,Uttar Pradesh,28111,569,24707,2799958,26080601,10.74
2021-04-23,Uttar Pradesh,28910,586,25409,2843978,26080601,10.9
2021-04-24,Uttar Pradesh,29407,596,25846,2883256,26080601,11.06
2021-04-25,Uttar Pradesh,30537,619,26839,2892230,26080601,11.09
2021-04-26,Uttar Pradesh,31010,628,27255,2897198,26080601,11.11
2021-04-27,Uttar Pradesh,31876,646,28016,2918369,26080601,11.19
2021-04-28,Uttar Pradesh,33149,672,29135,2941392,26080601,11.28
2021-04-29,Uttar Pradesh,33903,687,29798,2980013,26080601,11.43
2021-04-30,Uttar Pradesh,34565,700,30380,3022020,26080601,11.59
2021-05-01,Uttar Pradesh,35394,717,31108,3025206,26080601,11.6
2021-05-02,Uttar Pradesh,36418,738,32008,3037420,26080601,11.65
2021-05-03,Uttar Pradesh,36683,743,32241,3066735,26080601,11.76
2021-05-04,Uttar Pradesh,37875,767,33289,3085718,26080601,11.83
2021-05-05,Uttar Pradesh,38592,782,33919,3135252,26080601,12.02
2021-05-06,Uttar Pradesh,39843,807,35019,3168294,26080601,12.15
2021-05-07,Uttar Pradesh,41032,831,36064,3184422,26080601,12.21
2021-05-08,Uttar Pradesh,41712,845,36661,3218080,26080601,12.34
2021-05-09,Uttar Pradesh,42275,856,37156,3239605,26080601,12.42
2021-05-10,Uttar Pradesh,43071,873,37856,3262740,26080601,12.51
2021-05-11,Uttar Pradesh,43906,889,38590,3298478,26080601,12.65
2021-05-12,Uttar Pradesh,45574,923,40056,3320165,26080601,12.73
2021-05-13,Uttar Pradesh,45830,928,40281,3354988,26080601,12.86
2021-05-14,Uttar Pradesh,46695,946,41041,3375963,26080601,12.94
2021-05-15,Uttar Pradesh,46819,948,41150,3405677,26080601,13.06
2021-05-16,Uttar Pradesh,47904,970,42104,3429978,26080601,13.15
2021-05-17,Uttar Pradesh,49040,993,43102,3458669,26080601,13.26
2021-05-18,Uttar Pradesh,49686,1007,43670,3476001,26080601,13.33
2021-05-19,Uttar Pradesh,50644,1026,44512,3481999,26080601,13.35
2021-05-20,Uttar Pradesh,51395,1041,45172,3494819,26080601,13.4
2021-05-21,Uttar Pradesh,52278,1059,45948,3512626,26080601,13.47
2021-05-22,Uttar Pradesh,52260,1059,45932,3528428,26080601,13.53
2021-05-23,Uttar Pradesh,53195,1078,46754,3549498,26080601,13.61
2021-05-24,Uttar Pradesh,54185,1098,47624,3573386,26080601,13.7
2021-05-25,Uttar Pradesh,54690,1108,48068,3585976,26080601,13.75
2021-05-26,Uttar Pradesh,55441,1123,48728,3605083,26080601,13.82
2021-05-27,Uttar Pradesh,56196,1138,49392,3619198,26080601,13.88
2021-05-28,Uttar Pradesh,56548,1146,49701,3648474,26080601,13.99
2021-05-29,Uttar Pradesh,57415,1163,50463,3672281,26080601,14.08
2021-05-30,Uttar Pradesh,58084,1177,51051,3703838,26080601,14.2
2021-05-31,Uttar Pradesh,58480,1185,51399,3725433,26080601,14.28
2021-06-01,Uttar Pradesh,59193,1199,52026,3775240,26080601,14.48
2021-06-02,Uttar Pradesh,58816,1191,51694,3799477,26080601,14.57
2021-06-03,Uttar Pradesh,59758,1211,52522,3830235,26080601,14.69
2021-06-04,Uttar Pradesh,60642,1228,53299,3852340,26080601,14.77
2021-06-05,Uttar Pradesh,60529,1226,53200,3889071,26080601,14.91
2021-06-06,Uttar Pradesh,60875,1233,53504,3917006,26080601,15.02
2021-06-07,Uttar Pradesh,61497,1246,54051,3921907,26080601,15.04
2021-06-08,Uttar Pradesh,61862,1253,54371,3958375,26080601,15.18
2021-06-09,Uttar Pradesh,62011,1256,54502,3996397,26080601,15.32
2021-06-10,Uttar Pradesh,63000,1276,55372,4016519,26080601,15.4
2021-06-11,Uttar Pradesh,62781,1272,55179,4041964,26080601,15.5
2021-06-12,Uttar Pradesh,62643,1269,55058,4042511,26080601,15.5
2021-06-13,Uttar Pradesh,62671,1270,55082,4085838,26080601,15.67
2021-06-14,Uttar Pradesh,63385,1284,55710,4124767,26080601,15.82
2021-06-15,Uttar Pradesh,63117,1279,55474,4173312,26080601,16.0
2021-06-16,Uttar Pradesh,64143,1299,56376,4203282,26080601,16.12
2021-06-17,Uttar Pradesh,63699,1290,55986,4214800,26080601,16.16
2021-06-18,Uttar Pradesh,63782,1292,56059,4229299,26080601,16.22
2021-06-19,Uttar Pradesh,63703,1290,55990,4275732,26080601,16.39
2021-06-20,Uttar Pradesh,63951,1295,56207,4277887,26080601,16.4
2021-06-21,Uttar Pradesh,62852,1273,55242,4311469,26080601,16.53
2021-06-22,Uttar Pradesh,63138,1279,55493,4314869,26080601,16.54
2021-06-23,Uttar Pradesh,63709,1291,55995,4351824,26080601,16.69
2021-06-24,Uttar Pradesh,63721,1291,56005,4380884,26080601,16.8
2021-06-25,Uttar Pradesh,62744,1271,55147,4404502,26080601,16.89
2021-06-26,Uttar Pradesh,62386,1264,54832,4439522,26080601,17.02
2021-06-27,Uttar Pradesh,62772,1272,55171,4457261,26080601,17.09
2021-06-28,Uttar Pradesh,62630,1269,55046,4485928,26080601,17.2
2021-06-29,Uttar Pradesh,62265,1261,54726,4525929,26080601,17.35
2021-06-30,Uttar Pradesh,61915,1254,54418,4548846,26080601,17.44
2021-07-01,Uttar Pradesh,61063,1237,53669,4549944,26080601,17.45
2021-07-02,Uttar Pradesh,61168,1239,53761,4599642,26080601,17.64
2021-07-03,Uttar Pradesh,60850,1233,53482,4626671,26080601,17.74
2021-07-04,Uttar Pradesh,60368,1223,53058,4648159,26080601,17.82
2021-07-05,Uttar Pradesh,59548,1206,52338,4651850,26080601,17.84
2021-07-06,Uttar Pradesh,59869,1213,52620,4656372,26080601,17.85
2021-07-07,Uttar Pradesh,59501,1205,52296,4669103,26080601,17.9
2021-07-08,Uttar Pradesh,58530,1186,51443,4715267,26080601,18.08
2021-07-09,Uttar Pradesh,58220,1179,51170,4751526,26080601,18.22
2021-07-10,Uttar Pradesh,57615,1167,50639,4772191,26080601,18.3
2021-07-11,Uttar Pradesh,57087,1156,50175,4809927,26080601,18.44
2021-07-12,Uttar Pradesh,56832,1151,49951,4829518,26080601,18.52
2021-07-13,Uttar Pradesh,56274,1140,49460,4873970,26080601,18.69
2021-07-14,Uttar Pradesh,55859,1132,49095,4890326,26080601,18.75
2021-07-15,Uttar Pradesh,55255,1119,48564,4926097,26080601,18.89
2021-07-16,Uttar Pradesh,54275,1099,47703,4947922,26080601,18.97
2021-07-17,Uttar Pradesh,54553,1105,47947,4981659,26080601,19.1
2021-07-18,Uttar Pradesh,53526,1084,47045,4990982,26080601,19.14
2021-07-19,Uttar Pradesh,52212,1058,45890,5038237,26080601,19.32
2021-07-20,Uttar Pradesh,51783,1049,45513,5052555,26080601,19.37
2021-07-21,Uttar Pradesh,50475,1022,44363,5079425,26080601,19.48
2021-07-22,Uttar Pradesh,50394,1021,44292,5113793,26080601,19.61
2021-07-23,Uttar Pradesh,50194,1017,44116,5146487,26080601,19.73
2021-07-24,Uttar Pradesh,49823,1009,43790,5174217,26080601,19.84
2021-07-25,Uttar Pradesh,48242,977,42401,5217620,26080601,20.01
2021-07-26,Uttar Pradesh,47661,965,41890,5266100,26080601,20.19
2021-07-27,Uttar Pradesh,47018,952,41325,5304284,26080601,20.34
2021-07-28,Uttar Pradesh,46701,946,41046,5313508,26080601,20.37
2021-07-29,Uttar Pradesh,45077,913,39619,5352004,26080601,20.52
2021-07-30,Uttar Pradesh,45430,920,39929,5377172,26080601,20.62
2021-07-31,Uttar Pradesh,43796,887,38493,5404009,26080601,20.72
2021-08-01,Uttar Pradesh,42794,867,37612,5451083,26080601,20.9
2021-08-02,Uttar Pradesh,42303,857,37181,5477475,26080601,21.0
2021-08-03,Uttar Pradesh,41406,839,36392,5520014,26080601,21.17
2021-08-04,Uttar Pradesh,41024,831,36057,5552449,26080601,21.29
2021-08-05,Uttar Pradesh,39652,803,34851,5556816,26080601,21.31
2021-08-06,Uttar Pradesh,39440,799,34664,5591843,26080601,21.44
2021-08-07,Uttar Pradesh,38847,787,34143,5616589,26080601,21.54
2021-08-08,Uttar Pradesh,38345,777,33702,5643894,26080601,21.64
2021-08-09,Uttar Pradesh,37358,757,32835,5659029,26080601,21.7
2021-08-10,Uttar Pradesh,36837,746,32377,5668302,26080601,21.73
2021-08-11,Uttar Pradesh,35488,719,31191,5705500,26080601,21.88
2021-08-12,Uttar Pradesh,35050,710,30806,5717920,26080601,21.92
2021-08-13,Uttar Pradesh,33530,679,29470,5722579,26080601,21.94
2021-08-14,Uttar Pradesh,33435,677,29387,5747232,26080601,22.04
2021-08-15,Uttar Pradesh,32861,666,28882,5782817,26080601,22.17
2021-08-16,Uttar Pradesh,32169,652,28274,5793020,26080601,22.21
2021-08-17,Uttar Pradesh,30840,625,27106,5811111,26080601,22.28
2021-08-18,Uttar Pradesh,30487,618,26795,5832285,26080601,22.36
2021-08-19,Uttar Pradesh,29827,604,26215,5878463,26080601,22.54
2021-08-20,Uttar Pradesh,29079,589,25558,5885820,26080601,22.57
2021-08-21,Uttar Pradesh,28737,582,25257,5931729,26080601,22.74
2021-08-22,Uttar Pradesh,27774,563,24411,5939040,26080601,22.77
2021-08-23,Uttar Pradesh,27195,551,23902,5967947,26080601,22.88
2021-08-24,Uttar Pradesh,26353,534,23162,6010107,26080601,23.04
2021-08-25,Uttar Pradesh,26162,530,22994,6055319,26080601,23.22
2021-08-26,Uttar Pradesh,25535,517,22443,6082431,26080601,23.32
2021-08-27,Uttar Pradesh,24460,495,21498,6107083,26080601,23.42
2021-08-28,Uttar Pradesh,24775,502,21775,6146104,26080601,23.57
2021-08-29,Uttar Pradesh,23067,467,20274,6191579,26080601,23.74
2021-08-30,Uttar Pradesh,22985,466,20202,6192155,26080601,23.74
2021-08-31,Uttar Pradesh,21792,441,19153,6205257,26080601,23.79
2021-09-01,Uttar Pradesh,21713,440,19084,6219538,26080601,23.85
2021-09-02,Uttar Pradesh,21103,427,18548,6261204,26080601,24.01
2021-09-03,Uttar Pradesh,20015,405,17591,6262088,26080601,24.01
2021-09-04,Uttar Pradesh,19712,399,17325,6268361,26080601,24.03
2021-09-05,Uttar Pradesh,19754,400,17362,6268530,26080601,24.04
2021-09-06,Uttar Pradesh,18401,373,16173,6316177,26080601,24.22
2021-09-07,Uttar Pradesh,18228,369,16021,6317777,26080601,24.22
2021-09-08,Uttar Pradesh,17680,358,15539,6331052,26080601,24.27
2021-09-09,Uttar Pradesh,17049,345,14985,6357128,26080601,24.37
2021-09-10,Uttar Pradesh,16034,325,14093,6374563,26080601,24.44
2021-09-11,Uttar Pradesh,16304,330,14330,6379104,26080601,24.46
2021-09-12,Uttar Pradesh,15571,315,13686,6399751,26080601,24.54
2021-09-13,Uttar Pradesh,15420,312,13553,6439669,26080601,24.69
2021-09-14,Uttar Pradesh,14691,298,12912,6454111,26080601,24.75
2021-09-15,Uttar Pradesh,14182,287,12465,6479920,26080601,24.85
2021-09-16,Uttar Pradesh,13826,280,12152,6503405,26080601,24.94
2021-09-17,Uttar Pradesh,12980,263,11408,6515672,26080601,24.98
2021-09-18,Uttar Pradesh,13315,270,11703,6515800,26080601,24.98
2021-09-19,Uttar Pradesh,12316,249,10825,6557732,26080601,25.14
2021-09-20,Uttar Pradesh,11911,241,10469,6607421,26080601,25.33
2021-09-21,Uttar Pradesh,12008,243,10554,6632902,26080601,25.43
2021-09-22,Uttar Pradesh,11305,229,9936,6674416,26080601,25.59
2021-09-23,Uttar Pradesh,10779,218,9474,6691955,26080601,25.66
2021-09-24,Uttar Pradesh,10603,215,9319,6739113,26080601,25.84
2021-09-25,Uttar Pradesh,10305,209,9057,6767510,26080601,25.95
2021-09-26,Uttar Pradesh,9730,197,8552,6807513,26080601,26.1
2021-09-27,Uttar Pradesh,9699,196,8525,6841143,26080601,26.23
2021-09-28,Uttar Pradesh,8707,176,7653,6887326,26080601,26.41
2021-09-29,Uttar Pradesh,8841,179,7770,6915266,26080601,26.51
2021-09-30,Uttar Pradesh,8686,176,7634,6957629,26080601,26.68
2021-10-01,Uttar Pradesh,8325,169,7317,7004268,26080601,26.86
2021-10-02,Uttar Pradesh,7167,145,6299,7042270,26080601,27.0
2021-10-03,Uttar Pradesh,7510,152,6601,7059968,26080601,27.07
2021-10-04,Uttar Pradesh,6901,140,6065,7064518,26080601,27.09
2021-10-05,Uttar Pradesh,7377,149,6484,7085015,26080601,27.17
2021-10-06,Uttar Pradesh,6608,134,5808,7119640,26080601,27.3
2021-10-07,Uttar Pradesh,6819,138,5993,7162582,26080601,27.46
2021-10-08,Uttar Pradesh,5851,119,5143,7201029,26080601,27.61
2021-10-09,Uttar Pradesh,6090,123,5353,7232903,26080601,27.73
2021-10-10,Uttar Pradesh,5740,116,5045,7259721,26080601,27.84
2021-10-11,Uttar Pradesh,6339,128,5571,7308034,26080601,28.02
2021-10-12,Uttar Pradesh,5642,114,4959,7320226,26080601,28.07
2021-10-13,Uttar Pradesh,5409,110,4754,7359834,26080601,28.22
2021-10-14,Uttar Pradesh,5476,111,4813,7387401,26080601,28.33
2021-10-15,Uttar Pradesh,4753,96,4177,7413047,26080601,28.42
2021-10-16,Uttar Pradesh,4445,90,3907,7433009,26080601,28.5
2021-10-17,Uttar Pradesh,4223,86,3712,7464744,26080601,28.62
2021-10-18,Uttar Pradesh,4205,85,3696,7514742,26080601,28.81
2021-10-19,Uttar Pradesh,3101,63,2726,7535046,26080601,28.89
2021-10-20,Uttar Pradesh,3765,76,3309,7540693,26080601,28.91
2021-10-21,Uttar Pradesh,3670,74,3226,7547075,26080601,28.94
2021-10-22,Uttar Pradesh,3398,69,2987,7555921,26080601,28.97
2021-10-23,Uttar Pradesh,2835,57,2492,7576276,26080601,29.05
2021-10-24,Uttar Pradesh,3103,63,2727,7576482,26080601,29.05
2021-10-25,Uttar Pradesh,2548,52,2239,7590556,26080601,29.1
2021-10-26,Uttar Pradesh,3405,69,2993,7625310,26080601,29.24
2021-10-27,Uttar Pradesh,2666,54,2343,7659213,26080601,29.37
2021-10-28,Uttar Pradesh,1999,40,1757,7692661,26080601,29.5
2021-10-29,Uttar Pradesh,2436,49,2141,7726120,26080601,29.62
2021-10-30,Uttar Pradesh,2651,54,2330,7729915,26080601,29.64
2021-10-31,Uttar Pradesh,2324,47,2043,7776783,26080601,29.82
2021-11-01,Uttar Pradesh,1890,38,1661,7791669,26080601,29.88
2021-11-02,Uttar Pradesh,1858,38,1633,7795641,26080601,29.89
2021-11-03,Uttar Pradesh,1877,38,1650,7836225,26080601,30.05
2021-11-04,Uttar Pradesh,1737,35,1527,7859603,26080601,30.14
2021-11-05,Uttar Pradesh,1401,28,1231,7876926,26080601,30.2
2021-11-06,Uttar Pradesh,1671,34,1469,7896857,26080601,30.28
2021-11-07,Uttar Pradesh,1208,24,1062,7926015,26080601,30.39
2021-11-08,Uttar Pradesh,1814,37,1594,7952386,26080601,30.49
2021-11-09,Uttar Pradesh,1774,36,1559,7953074,26080601,30.49
2021-11-10,Uttar Pradesh,1079,22,948,7959052,26080601,30.52
2021-11-11,Uttar Pradesh,1095,22,962,8006420,26080601,30.7
2021-11-12,Uttar Pradesh,1116,23,981,8030991,26080601,30.79
2021-11-13,Uttar Pradesh,1170,24,1028,8080414,26080601,30.98
2021-11-14,Uttar Pradesh,1196,24,1051,8113264,26080601,31.11
2021-11-15,Uttar Pradesh,1199,24,1054,8150134,26080601,31.25
2021-11-16,Uttar Pradesh,1137,23,999,8165823,26080601,31.31
2021-11-17,Uttar Pradesh,1418,29,1246,8207714,26080601,31.47
2021-11-18,Uttar Pradesh,919,19,808,8240236,26080601,31.6
2021-11-19,Uttar Pradesh,462,9,406,8277825,26080601,31.74
2021-11-20,Uttar Pradesh,324,7,285,8291108,26080601,31.79
2021-11-21,Uttar Pradesh,1254,25,1102,8320441,26080601,31.9
2021-11-22,Uttar Pradesh,875,18,769,8338906,26080601,31.97
2021-11-23,Uttar Pradesh,744,15,654,8384351,26080601,32.15
2021-11-24,Uttar Pradesh,779,16,685,8429715,26080601,32.32
2021-11-25,Uttar Pradesh,657,13,577,8447364,26080601,32.39
2021-11-26,Uttar Pradesh,704,14,619,8448616,26080601,32.39
2021-11-27,Uttar Pradesh,430,9,378,8461088,26080601,32.44
2021-11-28,Uttar Pradesh,828,17,728,8474729,26080601,32.49
2021-11-29,Uttar Pradesh,325,7,286,8475694,26080601,32.5
2021-11-30,Uttar Pradesh,183,4,161,8522480,26080601,32.68
2021-12-01,Uttar Pradesh,0,0,0,8545781,26080601,32.77
2021-12-02,Uttar Pradesh,332,7,292,8553133,26080601,32.79
2021-12-03,Uttar Pradesh,760,15,668,8583613,26080601,32.91
2021-12-04,Uttar Pradesh,220,4,193,8603483,26080601,32.99
2021-12-05,Uttar Pradesh,0,0,0,8612216,26080601,33.02
2021-12-06,Uttar Pradesh,401,8,352,8634920,26080601,33.11
2021-12-07,Uttar Pradesh,102,2,90,8664857,26080601,33.22
2021-12-08,Uttar Pradesh,743,15,653,8697489,26080601,33.35
2021-12-09,Uttar Pradesh,584,12,513,8708743,26080601,33.39
2021-12-10,Uttar Pradesh,0,0,0,8739331,26080601,33.51
2021-12-11,Uttar Pradesh,179,4,157,8778962,26080601,33.66
2021-12-12,Uttar Pradesh,0,0,0,8810300,26080601,33.78
2021-12-13,Uttar Pradesh,0,0,0,8857878,26080601,33.96
2021-12-14,Uttar Pradesh,174,4,153,8904898,26080601,34.14
2021-12-15,Uttar Pradesh,424,9,373,8929661,26080601,34.24
2021-12-16,Uttar Pradesh,142,3,125,8949300,26080601,34.31
2021-12-17,Uttar Pradesh,1,0,1,8972169,26080601,34.4
2021-12-18,Uttar Pradesh,0,0,0,8996659,26080601,34.5
2021-12-19,Uttar Pradesh,0,0,0,9005328,26080601,34.53
2021-12-20,Uttar Pradesh,294,6,258,9053526,26080601,34.71
2021-12-21,Uttar Pradesh,0,0,0,9081939,26080601,34.82
2021-12-22,Uttar Pradesh,497,10,437,9088346,26080601,34.85
2021-12-23,Uttar Pradesh,0,0,0,9133494,26080601,35.02
2021-12-24,Uttar Pradesh,156,3,137,9180904,26080601,35.2
2021-12-25,Uttar Pradesh,0,0,0,9208963,26080601,35.31
2021-12-26,Uttar Pradesh,0,0,0,9256377,26080601,35.49
2021-12-27,Uttar Pradesh,211,4,185,9304916,26080601,35.68
2021-12-28,Uttar Pradesh,0,0,0,9352589,26080601,35.86
2021-12-29,Uttar Pradesh,0,0,0,9400787,26080601,36.05
2021-12-30,Uttar Pradesh,0,0,0,9404138,26080601,36.06
2021-12-31,Uttar Pradesh,450,9,396,9405685,26080601,36.06
2022-01-01,Uttar Pradesh,57,1,50,9434563,26080601,36.17
2022-01-02,Uttar Pradesh,384,8,338,9471967,26080601,36.32
2022-01-03,Uttar Pradesh,234,5,206,9513875,26080601,36.48
2022-01-04,Uttar Pradesh,377,8,331,9545963,26080601,36.6
2022-01-05,Uttar Pradesh,0,0,0,9561648,26080601,36.66
2022-01-06,Uttar Pradesh,0,0,0,9608293,26080601,36.84
2022-01-07,Uttar Pradesh,265,5,233,9637821,26080601,36.95
2022-01-08,Uttar Pradesh,72,1,63,9671897,26080601,37.08
2022-01-09,Uttar Pradesh,0,0,0,9684719,26080601,37.13
2022-01-10,Uttar Pradesh,251,5,221,9722658,26080601,37.28
2022-01-11,Uttar Pradesh,119,2,105,9729138,26080601,37.3
2022-01-12,Uttar Pradesh,216,4,190,9772663,26080601,37.47
2022-01-13,Uttar Pradesh,0,0,0,9815275,26080601,37.63
2022-01-14,Uttar Pradesh,314,6,276,9849412,26080601,37.77
2022-01-15,Uttar Pradesh,18,0,16,9898473,26080601,37.95
2022-01-16,Uttar Pradesh,343,7,301,9943978,26080601,38.13
2022-01-17,Uttar Pradesh,307,6,270,9947465,26080601,38.14
2022-01-18,Uttar Pradesh,221,4,194,9958505,26080601,38.18
2022-01-19,Uttar Pradesh,0,0,0,9964571,26080601,38.21
2022-01-20,Uttar Pradesh,226,5,199,9980610,26080601,38.27
2022-01-21,Uttar Pradesh,345,7,303,10010040,26080601,38.38
2022-01-22,Uttar Pradesh,193,4,170,10017228,26080601,38.41
2022-01-23,Uttar Pradesh,71,1,62,10021543,26080601,38.43
2022-01-24,Uttar Pradesh,223,5,196,10053758,26080601,38.55
2022-01-25,Uttar Pradesh,0,0,0,10085316,26080601,38.67
2022-01-26,Uttar Pradesh,462,9,406,10103626,26080601,38.74
2022-01-27,Uttar Pradesh,0,0,0,10139600,26080601,38.88
2022-01-28,Uttar Pradesh,17,0,15,10169190,26080601,38.99
2022-01-29,Uttar Pradesh,0,0,0,10189921,26080601,39.07
2022-01-30,Uttar Pradesh,0,0,0,10193333,26080601,39.08
2022-01-31,Uttar Pradesh,97,2,85,10231145,26080601,39.23
2022-02-01,Uttar Pradesh,0,0,0,10262375,26080601,39.35
2022-02-02,Uttar Pradesh,650,13,571,10268056,26080601,39.37
2022-02-03,Uttar Pradesh,0,0,0,10277451,26080601,39.41
2022-02-04,Uttar Pradesh,0,0,0,10292512,26080601,39.46
2022-02-05,Uttar Pradesh,0,0,0,10301466,26080601,39.5
2022-02-06,Uttar Pradesh,63,1,55,10341847,26080601,39.65
2022-02-07,Uttar Pradesh,307,6,270,10388524,26080601,39.83
2022-02-08,Uttar Pradesh,160,3,141,10392941,26080601,39.85
2022-02-09,Uttar Pradesh,444,9,390,10404908,26080601,39.9
2022-02-10,Uttar Pradesh,0,0,0,10419162,26080601,39.95
2022-02-11,Uttar Pradesh,200,4,176,10468748,26080601,40.14
2022-02-12,Uttar Pradesh,0,0,0,10499806,26080601,40.26
2022-02-13,Uttar Pradesh,70,1,62,10547507,26080601,40.44
2022-02-14,Uttar Pradesh,334,7,294,10559876,26080601,40.49
2022-02-15,Uttar Pradesh,0,0,0,10563257,26080601,40.5
2022-02-16,Uttar Pradesh,599,12,526,10587300,26080601,40.59
2022-02-17,Uttar Pradesh,0,0,0,10628154,26080601,40.75
2022-02-18,Uttar Pradesh,0,0,0,10670013,26080601,40.91
2022-02-19,Uttar Pradesh,0,0,0,10693632,26080601,41.0
2022-02-20,Uttar Pradesh,32,1,28,10707115,26080601,41.05
2022-02-21,Uttar Pradesh,0,0,0,10709468,26080601,41.06
2022-02-22,Uttar Pradesh,0,0,0,10731260,26080601,41.15
2022-02-23,Uttar Pradesh,30,1,26,10758059,26080601,41.25
2022-02-24,Uttar Pradesh,0,0,0,10758971,26080601,41.25
2022-02-25,Uttar Pradesh,196,4,172,10805710,26080601,41.43
2022-02-26,Uttar Pradesh,0,0,0,10841128,26080601,41.57
2022-02-27,Uttar Pradesh,679,14,597,10857471,26080601,41.63
2022-02-28,Uttar Pradesh,155,3,136,10875223,26080601,41.7
2022-03-01,Uttar Pradesh,59,1,52,10893078,26080601,41.77
2022-03-02,Uttar Pradesh,187,4,164,10936080,26080601,41.93
2022-03-03,Uttar Pradesh,0,0,0,10972267,26080601,42.07
2022-03-04,Uttar Pradesh,0,0,0,10976695,26080601,42.09
2022-03-05,Uttar Pradesh,535,11,470,10992009,26080601,42.15
2022-03-06,Uttar Pradesh,0,0,0,11031120,26080601,42.3
2022-03-07,Uttar Pradesh,0,0,0,11048943,26080601,42.36
2022-03-08,Uttar Pradesh,0,0,0,11089632,26080601,42.52
2022-03-09,Uttar Pradesh,440,9,387,11115000,26080601,42.62
2022-03-10,Uttar Pradesh,0,0,0,11153803,26080601,42.77
2022-03-11,Uttar Pradesh,0,0,0,11180191,26080601,42.87
2022-03-12,Uttar Pradesh,774,16,680,11216909,26080601,43.01
2022-03-13,Uttar Pradesh,0,0,0,11238483,26080601,43.09
2022-03-14,Uttar Pradesh,0,0,0,11250372,26080601,43.14
2022-03-15,Uttar Pradesh,0,0,0,11294478,26080601,43.31
2022-03-16,Uttar Pradesh,0,0,0,11315314,26080601,43.39
2022-03-17,Uttar Pradesh,0,0,0,11315778,26080601,43.39
2022-03-18,Uttar Pradesh,0,0,0,11335075,26080601,43.46
2022-03-19,Uttar Pradesh,295,6,259,11355620,26080601,43.54
2022-03-20,Uttar Pradesh,0,0,0,11367671,26080601,43.59
2022-03-21,Uttar Pradesh,378,8,332,11411555,26080601,43.75
2022-03-22,Uttar Pradesh,327,7,287,11436139,26080601,43.85
2022-03-23,Uttar Pradesh,153,3,134,11454656,26080601,43.92
2022-03-24,Uttar Pradesh,38,1,33,11489532,26080601,44.05
2022-03-25,Uttar Pradesh,83,2,73,11521529,26080601,44.18
2022-03-26,Uttar Pradesh,427,9,375,11545465,26080601,44.27
2022-03-27,Uttar Pradesh,0,0,0,11594211,26080601,44.46
2022-03-28,Uttar Pradesh,218,4,192,11642934,26080601,44.64
2022-03-29,Uttar Pradesh,0,0,0,11666737,26080601,44.73
2022-03-30,Uttar Pradesh,248,5,218,11702174,26080601,44.87
2022-03-31,Uttar Pradesh,0,0,0,11704775,26080601,44.88
2022-04-01,Uttar Pradesh,212,4,186,11726909,26080601,44.96
2022-04-02,Uttar Pradesh,0,0,0,11748990,26080601,45.05
2022-04-03,Uttar Pradesh,0,0,0,11769187,26080601,45.13
2022-04-04,Uttar Pradesh,0,0,0,11811236,26080601,45.29
2022-04-05,Uttar Pradesh,431,9,379,11840416,26080601,45.4
2022-04-06,Uttar Pradesh,161,3,142,11863977,26080601,45.49
2022-04-07,Uttar Pradesh,159,3,140,11885565,26080601,45.57
2022-04-08,Uttar Pradesh,258,5,227,11916499,26080601,45.69
2022-04-09,Uttar Pradesh,0,0,0,11927595,26080601,45.73
2022-04-10,Uttar Pradesh,183,4,161,11939890,26080601,45.78
2022-04-11,Uttar Pradesh,0,0,0,11965942,26080601,45.88
2022-04-12,Uttar Pradesh,0,0,0,11981900,26080601,45.94
2022-04-13,Uttar Pradesh,0,0,0,12015535,26080601,46.07
2022-04-14,Uttar Pradesh,0,0,0,12060611,26080601,46.24
2022-04-15,Uttar Pradesh,0,0,0,12078533,26080601,46.31
2022-04-16,Uttar Pradesh,0,0,0,12107417,26080601,46.42
2022-04-17,Uttar Pradesh,0,0,0,12121583,26080601,46.48
2022-04-18,Uttar Pradesh,0,0,0,12161253,26080601,46.63
2022-04-19,Uttar Pradesh,47,1,41,12172122,26080601,46.67
2022-04-20,Uttar Pradesh,0,0,0,12198226,26080601,46.77
2022-04-21,Uttar Pradesh,125,3,110,12216367,26080601,46.84
2022-04-22,Uttar Pradesh,0,0,0,12254609,26080601,46.99
2022-04-23,Uttar Pradesh,59,1,52,12266827,26080601,47.03
2022-04-24,Uttar Pradesh,0,0,0,12276883,26080601,47.07
2022-04-25,Uttar Pradesh,315,6,277,12315037,26080601,47.22
2022-04-26,Uttar Pradesh,287,6,252,12342884,26080601,47.33
2022-04-27,Uttar Pradesh,0,0,0,12374819,26080601,47.45
2022-04-28,Uttar Pradesh,158,3,139,12414523,26080601,47.6
2022-04-29,Uttar Pradesh,434,9,381,12428869,26080601,47.66
2022-04-30,Uttar Pradesh,0,0,0,12440932,26080601,47.7
2022-05-01,Uttar Pradesh,0,0,0,12490523,26080601,47.89
2022-05-02,Uttar Pradesh,221,4,194,12496094,26080601,47.91
2022-05-03,Uttar Pradesh,0,0,0,12528377,26080601,48.04
2022-05-04,Uttar Pradesh,0,0,0,12547820,26080601,48.11
2022-05-05,Uttar Pradesh,0,0,0,12554943,26080601,48.14
2022-05-06,Uttar Pradesh,224,5,197,12602607,26080601,48.32
2022-05-07,Uttar Pradesh,0,0,0,12644073,26080601,48.48
2022-05-08,Uttar Pradesh,0,0,0,12655174,26080601,48.52
2022-05-09,Uttar Pradesh,0,0,0,12692859,26080601,48.67
2022-05-10,Uttar Pradesh,345,7,303,12731246,26080601,48.82
2022-05-11,Uttar Pradesh,0,0,0,12756247,26080601,48.91
2022-05-12,Uttar Pradesh,0,0,0,12804056,26080601,49.09
2022-05-13,Uttar Pradesh,0,0,0,12815729,26080601,49.14
2022-05-14,Uttar Pradesh,208,4,183,12819365,26080601,49.15
2022-05-15,Uttar Pradesh,230,5,202,12859908,26080601,49.31
2022-05-16,Uttar Pradesh,375,8,330,12877781,26080601,49.38
2022-05-17,Uttar Pradesh,0,0,0,12884006,26080601,49.4
2022-05-18,Uttar Pradesh,0,0,0,12932438,26080601,49.59
2022-05-19,Uttar Pradesh,728,15,640,12953339,26080601,49.67
2022-05-20,Uttar Pradesh,0,0,0,12996613,26080601,49.83
2022-05-21,Uttar Pradesh,0,0,0,13037479,26080601,49.99
2022-05-22,Uttar Pradesh,0,0,0,13052652,26080601,50.05
2022-05-23,Uttar Pradesh,159,3,140,13092724,26080601,50.2
2022-05-24,Uttar Pradesh,154,3,135,13116201,26080601,50.29
2022-05-25,Uttar Pradesh,0,0,0,13147695,26080601,50.41
2022-05-26,Uttar Pradesh,0,0,0,13162021,26080601,50.47
2022-05-27,Uttar Pradesh,0,0,0,13162408,26080601,50.47
2022-05-28,Uttar Pradesh,0,0,0,13171930,26080601,50.5
2022-05-29,Uttar Pradesh,0,0,0,13188586,26080601,50.57
2022-05-30,Uttar Pradesh,542,11,476,13215940,26080601,50.67
2022-05-31,Uttar Pradesh,0,0,0,13258599,26080601,50.84
2022-06-01,Uttar Pradesh,0,0,0,13267443,26080601,50.87
2022-06-02,Uttar Pradesh,0,0,0,13303511,26080601,51.01
2022-06-03,Uttar Pradesh,0,0,0,13340980,26080601,51.15
2022-06-04,Uttar Pradesh,130,3,114,13381509,26080601,51.31
2022-06-05,Uttar Pradesh,0,0,0,13422246,26080601,51.46
2022-06-06,Uttar Pradesh,342,7,301,13425395,26080601,51.48
2022-06-07,Uttar Pradesh,179,4,157,13436282,26080601,51.52
2022-06-08,Uttar Pradesh,0,0,0,13483320,26080601,51.7
2022-06-09,Uttar Pradesh,0,0,0,13514936,26080601,51.82
2022-06-10,Uttar Pradesh,325,7,286,13526388,26080601,51.86
2022-06-11,Uttar Pradesh,0,0,0,13576195,26080601,52.05
2022-06-12,Uttar Pradesh,0,0,0,13592809,26080601,52.12
2022-06-13,Uttar Pradesh,306,6,269,13607238,26080601,52.17
2022-06-14,Uttar Pradesh,0,0,0,13649267,26080601,52.33
2022-06-15,Uttar Pradesh,261,5,229,13697295,26080601,52.52
2022-06-16,Uttar Pradesh,0,0,0,13717605,26080601,52.6
2022-06-17,Uttar Pradesh,0,0,0,13749878,26080601,52.72
2022-06-18,Uttar Pradesh,348,7,306,13782031,26080601,52.84
2022-06-19,Uttar Pradesh,2,0,2,13793324,26080601,52.89
2022-06-20,Uttar Pradesh,179,4,157,13820942,26080601,52.99
2022-06-21,Uttar Pradesh,0,0,0,13823724,26080601,53.0
2022-06-22,Uttar Pradesh,104,2,91,13867027,26080601,53.17
2022-06-23,Uttar Pradesh,1,0,1,13908436,26080601,53.33
2022-06-24,Uttar Pradesh,73,1,64,13916242,26080601,53.36
2022-06-25,Uttar Pradesh,612,12,538,13946674,26080601,53.48
2022-06-26,Uttar Pradesh,391,8,344,13951563,26080601,53.49
2022-06-27,Uttar Pradesh,238,5,209,13955943,26080601,53.51
2022-06-28,Uttar Pradesh,241,5,212,13987560,26080601,53.63
2022-06-29,Uttar Pradesh,0,0,0,14027408,26080601,53.78
2022-06-30,Uttar Pradesh,0,0,0,14069640,26080601,53.95
2022-07-01,Uttar Pradesh,0,0,0,14086222,26080601,54.01
2022-07-02,Uttar Pradesh,0,0,0,14132377,26080601,54.19
2022-07-03,Uttar Pradesh,0,0,0,14159362,26080601,54.29
2022-07-04,Uttar Pradesh,0,0,0,14179358,26080601,54.37
2022-07-05,Uttar Pradesh,0,0,0,14196598,26080601,54.43
2022-07-06,Uttar Pradesh,0,0,0,14233340,26080601,54.57
2022-07-07,Uttar Pradesh,0,0,0,14251867,26080601,54.65
2022-07-08,Uttar Pradesh,0,0,0,14271406,26080601,54.72
2022-07-09,Uttar Pradesh,458,9,403,14290796,26080601,54.79
2022-07-10,Uttar Pradesh,0,0,0,14306739,26080601,54.86
2022-07-11,Uttar Pradesh,335,7,294,14326614,26080601,54.93
2022-07-12,Uttar Pradesh,0,0,0,14327824,26080601,54.94
2022-07-13,Uttar Pradesh,0,0,0,14371546,26080601,55.1
2022-07-14,Uttar Pradesh,0,0,0,14384051,26080601,55.15
2022-07-15,Uttar Pradesh,0,0,0,14406416,26080601,55.24
2022-07-16,Uttar Pradesh,543,11,477,14414924,26080601,55.27
2022-07-17,Uttar Pradesh,0,0,0,14441747,26080601,55.37
2022-07-18,Uttar Pradesh,0,0,0,14455177,26080601,55.43
2022-07-19,Uttar Pradesh,146,3,128,14463663,26080601,55.46
2022-07-20,Uttar Pradesh,0,0,0,14478099,26080601,55.51
2022-07-21,Uttar Pradesh,45,1,40,14523336,26080601,55.69
2022-07-22,Uttar Pradesh,0,0,0,14566281,26080601,55.85
2022-07-23,Uttar Pradesh,0,0,0,14605778,26080601,56.0
2022-07-24,Uttar Pradesh,0,0,0,14615946,26080601,56.04
2022-07-25,Uttar Pradesh,240,5,211,14648438,26080601,56.17
2022-07-26,Uttar Pradesh,0,0,0,14689402,26080601,56.32
2022-07-27,Uttar Pradesh,0,0,0,14721892,26080601,56.45
2022-07-28,Uttar Pradesh,49,1,43,14764859,26080601,56.61
2022-07-29,Uttar Pradesh,24,0,21,14774911,26080601,56.65
2022-07-30,Uttar Pradesh,172,3,151,14798099,26080601,56.74
2022-07-31,Uttar Pradesh,0,0,0,14814621,26080601,56.8
2022-08-01,Uttar Pradesh,0,0,0,14850846,26080601,56.94
2022-08-02,Uttar Pradesh,127,3,112,14857237,26080601,56.97
2022-08-03,Uttar Pradesh,0,0,0,14873167,26080601,57.03
2022-08-04,Uttar Pradesh,266,5,234,14908289,26080601,57.16
2022-08-05,Uttar Pradesh,5,0,4,14909177,26080601,57.17
2022-08-06,Uttar Pradesh,0,0,0,14921963,26080601,57.21
2022-08-07,Uttar Pradesh,0,0,0,14957445,26080601,57.35
2022-08-08,Uttar Pradesh,0,0,0,14969417,26080601,57.4
2022-08-09,Uttar Pradesh,0,0,0,14999737,26080601,57.51
2022-08-10,Uttar Pradesh,226,5,199,15019759,26080601,57.59
2022-08-11,Uttar Pradesh,0,0,0,15042827,26080601,57.68
2022-08-12,Uttar Pradesh,91,2,80,15060733,26080601,57.75
2022-08-13,Uttar Pradesh,0,0,0,15105667,26080601,57.92
2022-08-14,Uttar Pradesh,0,0,0,15141709,26080601,58.06
2022-08-15,Uttar Pradesh,395,8,347,15178071,26080601,58.2
2022-08-16,Uttar Pradesh,0,0,0,15217649,26080601,58.35
2022-08-17,Uttar Pradesh,0,0,0,15238928,26080601,58.43
2022-08-18,Uttar Pradesh,0,0,0,15244092,26080601,58.45
2022-08-19,Uttar Pradesh,0,0,0,15246760,26080601,58.46
2022-08-20,Uttar Pradesh,423,9,372,15270866,26080601,58.55
2022-08-21,Uttar Pradesh,0,0,0,15314670,26080601,58.72
2022-08-22,Uttar Pradesh,0,0,0,15338814,26080601,58.81
2022-08-23,Uttar Pradesh,0,0,0,15388046,26080601,59.0
2022-08-24,Uttar Pradesh,0,0,0,15414219,26080601,59.1
2022-08-25,Uttar Pradesh,79,2,69,15445945,26080601,59.22
2022-08-26,Uttar Pradesh,0,0,0,15449826,26080601,59.24
2022-08-27,Uttar Pradesh,0,0,0,15488236,26080601,59.39
2022-08-28,Uttar Pradesh,87,2,76,15532687,26080601,59.56
2022-08-29,Uttar Pradesh,39,1,34,15557988,26080601,59.65
2022-08-30,Uttar Pradesh,102,2,90,15603215,26080601,59.83
2022-08-31,Uttar Pradesh,0,0,0,15615047,26080601,59.87
2022-09-01,Uttar Pradesh,87,2,76,15639508,26080601,59.97
2022-09-02,Uttar Pradesh,0,0,0,15685111,26080601,60.14
2022-09-03,Uttar Pradesh,214,4,188,15715293,26080601,60.26
2022-09-04,Uttar Pradesh,0,0,0,15749710,26080601,60.39
2022-09-05,Uttar Pradesh,0,0,0,15769872,26080601,60.47
2022-09-06,Uttar Pradesh,30,1,26,15797300,26080601,60.57
2022-09-07,Uttar Pradesh,405,8,356,15815878,26080601,60.64
2022-09-08,Uttar Pradesh,26,1,23,15849982,26080601,60.77
2022-09-09,Uttar Pradesh,56,1,49,15852771,26080601,60.78
2022-09-10,Uttar Pradesh,113,2,99,15878364,26080601,60.88
2022-09-11,Uttar Pradesh,376,8,330,15924855,26080601,61.06
2022-09-12,Uttar Pradesh,0,0,0,15927774,26080601,61.07
2022-09-13,Uttar Pradesh,0,0,0,15950329,26080601,61.16
2022-09-14,Uttar Pradesh,0,0,0,15983351,26080601,61.28
2022-09-15,Uttar Pradesh,199,4,175,15987578,26080601,61.3
2022-09-16,Uttar Pradesh,67,1,59,15987838,26080601,61.3
2022-09-17,Uttar Pradesh,0,0,0,15996095,26080601,61.33
2022-09-18,Uttar Pradesh,0,0,0,16007112,26080601,61.38
2022-09-19,Uttar Pradesh,54,1,47,16051044,26080601,61.54
2022-09-20,Uttar Pradesh,63,1,55,16058842,26080601,61.57
2022-09-21,Uttar Pradesh,144,3,127,16090865,26080601,61.7
2022-09-22,Uttar Pradesh,0,0,0,16107871,26080601,61.76
2022-09-23,Uttar Pradesh,0,0,0,16134648,26080601,61.86
2022-09-24,Uttar Pradesh,0,0,0,16180063,26080601,62.04
2022-09-25,Uttar Pradesh,0,0,0,16222976,26080601,62.2
2022-09-26,Uttar Pradesh,0,0,0,16226961,26080601,62.22
2022-09-27,Uttar Pradesh,471,10,414,16231414,26080601,62.24
2022-09-28,Uttar Pradesh,0,0,0,16249284,26080601,62.3
2022-09-29,Uttar Pradesh,141,3,124,16289721,26080601,62.46
2022-09-30,Uttar Pradesh,272,6,239,16327699,26080601,62.6
2022-10-01,Uttar Pradesh,296,6,260,16358619,26080601,62.72
2022-10-02,Uttar Pradesh,83,2,73,16401773,26080601,62.89
2022-10-03,Uttar Pradesh,396,8,348,16410885,26080601,62.92
2022-10-04,Uttar Pradesh,535,11,470,16447691,26080601,63.06
2022-10-05,Uttar Pradesh,0,0,0,16496157,26080601,63.25
2022-10-06,Uttar Pradesh,134,3,118,16544417,26080601,63.44
2022-10-07,Uttar Pradesh,383,8,337,16579979,26080601,63.57
2022-10-08,Uttar Pradesh,0,0,0,16614774,26080601,63.71
2022-10-09,Uttar Pradesh,0,0,0,16625958,26080601,63.75
2022-10-10,Uttar Pradesh,0,0,0,16663198,26080601,63.89
2022-10-11,Uttar Pradesh,138,3,121,16675563,26080601,63.94
2022-10-12,Uttar Pradesh,0,0,0,16696666,26080601,64.02
2022-10-13,Uttar Pradesh,431,9,379,16702514,26080601,64.04
2022-10-14,Uttar Pradesh,160,3,141,16717616,26080601,64.1
2022-10-15,Uttar Pradesh,177,4,156,16721409,26080601,64.11
2022-10-16,Uttar Pradesh,0,0,0,16744502,26080601,64.2
2022-10-17,Uttar Pradesh,0,0,0,16748117,26080601,64.22
2022-10-18,Uttar Pradesh,447,9,393,16786512,26080601,64.36
2022-10-19,Uttar Pradesh,0,0,0,16819298,26080601,64.49
2022-10-20,Uttar Pradesh,0,0,0,16851811,26080601,64.61
2022-10-21,Uttar Pradesh,66,1,58,16886971,26080601,64.75
2022-10-22,Uttar Pradesh,204,4,179,16925565,26080601,64.9
2022-10-23,Uttar Pradesh,159,3,140,16959348,26080601,65.03
2022-10-24,Uttar Pradesh,0,0,0,16990727,26080601,65.15
2022-10-25,Uttar Pradesh,341,7,300,16999857,26080601,65.18
2022-10-26,Uttar Pradesh,0,0,0,17036512,26080601,65.32
2022-10-27,Uttar Pradesh,162,3,142,17060862,26080601,65.42
2022-10-28,Uttar Pradesh,41,1,36,17068645,26080601,65.45
2022-10-29,Uttar Pradesh,0,0,0,17092681,26080601,65.54
2022-10-30,Uttar Pradesh,0,0,0,17108863,26080601,65.6
2022-10-31,Uttar Pradesh,0,0,0,17118812,26080601,65.64
2022-11-01,Uttar Pradesh,10,0,9,17146871,26080601,65.75
2022-11-02,Uttar Pradesh,0,0,0,17191608,26080601,65.92
2022-11-03,Uttar Pradesh,220,4,193,17192435,26080601,65.92
2022-11-04,Uttar Pradesh,0,0,0,17199180,26080601,65.95
2022-11-05,Uttar Pradesh,470,10,413,17244794,26080601,66.12
2022-11-06,Uttar Pradesh,0,0,0,17279339,26080601,66.25
2022-11-07,Uttar Pradesh,276,6,243,17291313,26080601,66.3
2022-11-08,Uttar Pradesh,289,6,254,17309772,26080601,66.37
2022-11-09,Uttar Pradesh,50,1,44,17314197,26080601,66.39
2022-11-10,Uttar Pradesh,23,0,20,17356376,26080601,66.55
2022-11-11,Uttar Pradesh,0,0,0,17389588,26080601,66.68
2022-11-12,Uttar Pradesh,0,0,0,17401197,26080601,66.72
2022-11-13,Uttar Pradesh,66,1,58,17410883,26080601,66.76
2022-11-14,Uttar Pradesh,0,0,0,17445440,26080601,66.89
2022-11-15,Uttar Pradesh,355,7,312,17473536,26080601,67.0
2022-11-16,Uttar Pradesh,0,0,0,17510986,26080601,67.14
2022-11-17,Uttar Pradesh,0,0,0,17523434,26080601,67.19
2022-11-18,Uttar Pradesh,0,0,0,17573155,26080601,67.38
2022-11-19,Uttar Pradesh,193,4,170,17581452,26080601,67.41
2022-11-20,Uttar Pradesh,166,3,146,17590369,26080601,67.45
2022-11-21,Uttar Pradesh,293,6,258,17627118,26080601,67.59
2022-11-22,Uttar Pradesh,310,6,272,17655358,26080601,67.7
2022-11-23,Uttar Pradesh,237,5,208,17674776,26080601,67.77
2022-11-24,Uttar Pradesh,249,5,219,17711592,26080601,67.91
2022-11-25,Uttar Pradesh,183,4,161,17740313,26080601,68.02
2022-11-26,Uttar Pradesh,229,5,201,17760457,26080601,68.1
2022-11-27,Uttar Pradesh,0,0,0,17771263,26080601,68.14
2022-11-28,Uttar Pradesh,0,0,0,17807126,26080601,68.28
2022-11-29,Uttar Pradesh,0,0,0,17834746,26080601,68.38
2022-11-30,Uttar Pradesh,381,8,335,17879458,26080601,68.55
2022-12-01,Uttar Pradesh,0,0,0,17900519,26080601,68.64
2022-12-02,Uttar Pradesh,0,0,0,17913790,26080601,68.69
2022-12-03,Uttar Pradesh,2,0,2,17916351,26080601,68.7
2022-12-04,Uttar Pradesh,0,0,0,17929897,26080601,68.75
2022-12-05,Uttar Pradesh,114,2,100,17966231,26080601,68.89
2022-12-06,Uttar Pradesh,0,0,0,17980578,26080601,68.94
2022-12-07,Uttar Pradesh,0,0,0,18008196,26080601,69.05
2022-12-08,Uttar Pradesh,60,1,53,18018937,26080601,69.09
2022-12-09,Uttar Pradesh,0,0,0,18065303,26080601,69.27
2022-12-10,Uttar Pradesh,390,8,343,18110395,26080601,69.44
2022-12-11,Uttar Pradesh,14,0,12,18150792,26080601,69.59
2022-12-12,Uttar Pradesh,340,7,299,18187455,26080601,69.74
2022-12-13,Uttar Pradesh,107,2,94,18216010,26080601,69.85
2022-12-14,Uttar Pradesh,0,0,0,18216422,26080601,69.85
2022-12-15,Uttar Pradesh,0,0,0,18218574,26080601,69.85
2022-12-16,Uttar Pradesh,279,6,245,18240746,26080601,69.94
2022-12-17,Uttar Pradesh,132,3,116,18278341,26080601,70.08
2022-12-18,Uttar Pradesh,625,13,549,18284845,26080601,70.11
2022-12-19,Uttar Pradesh,249,5,219,18312297,26080601,70.21
2022-12-20,Uttar Pradesh,0,0,0,18360022,26080601,70.4
2022-12-21,Uttar Pradesh,87,2,76,18401773,26080601,70.56
2022-12-22,Uttar Pradesh,127,3,112,18429359,26080601,70.66
2022-12-23,Uttar Pradesh,349,7,307,18458246,26080601,70.77
2022-12-24,Uttar Pradesh,397,8,349,18461375,26080601,70.79
2022-12-25,Uttar Pradesh,0,0,0,18461476,26080601,70.79
2022-12-26,Uttar Pradesh,0,0,0,18477268,26080601,70.85
2022-12-27,Uttar Pradesh,0,0,0,18518013,26080601,71.0
2022-12-28,Uttar Pradesh,0,0,0,18518309,26080601,71.0
2022-12-29,Uttar Pradesh,0,0,0,18558272,26080601,71.16
2022-12-30,Uttar Pradesh,451,9,396,18571146,26080601,71.21
2022-12-31,Uttar Pradesh,456,9,401,18576116,26080601,71.23
