Date,Ticker,Open,High,Low,Close,Volume,Return
2022-01-03,RELIANCE,2436.64,2464.58,2408.47,2444.19,886312,1.8245
2022-01-04,RELIANCE,2410.94,2444.88,2370.75,2405.17,1464920,-1.6095
2022-01-05,RELIANCE,2424.57,2442.5,2393.62,2424.51,3052920,0.801
2022-01-06,RELIANCE,2472.44,2490.92,2447.53,2479.27,3409666,2.2336
2022-01-07,RELIANCE,2407.74,2470.98,2361.48,2434.86,2732084,-1.8077
2022-01-10,RELIANCE,2374.97,2386.52,2341.57,2377.68,2659518,-2.3763
2022-01-11,RELIANCE,2331.17,2336.18,2299.06,2334.34,1393695,-1.8394
2022-01-12,RELIANCE,2416.77,2440.82,2379.6,2412.92,4267794,3.3107
2022-01-13,RELIANCE,2413.17,2414.81,2365.27,2387.56,1543869,-1.0568
2022-01-14,RELIANCE,2344.99,2382.08,2307.41,2337.45,902092,-2.1208
2022-01-17,RELIANCE,2363.98,2410.19,2325.4,2353.86,1183475,0.6994
2022-01-18,RELIANCE,2238.71,2284.67,2198.94,2242.13,647253,-4.8629
2022-01-19,RELIANCE,2190.34,2211.39,2147.46,2204.82,4984663,-1.6783
2022-01-20,RELIANCE,2259.41,2304.74,2237.58,2262.56,2168826,2.5853
2022-01-21,RELIANCE,2216.71,2229.85,2190.07,2224.88,4072949,-1.6797
2022-01-24,RELIANCE,2214.79,2231.05,2201.93,2215.34,2634628,-0.4294
2022-01-25,RELIANCE,2222.49,2231.75,2184.91,2228.0,4628622,0.5694
2022-01-26,RELIANCE,2221.94,2277.61,2190.36,2240.74,3378054,0.5704
2022-01-27,RELIANCE,2234.32,2244.32,2179.22,2220.25,1593838,-0.9185
2022-01-28,RELIANCE,2241.51,2272.92,2214.39,2243.09,1013222,1.0235
2022-01-31,RELIANCE,2299.37,2338.31,2266.78,2303.17,1270195,2.6432
2022-02-01,RELIANCE,2248.0,2277.7,2243.72,2260.48,3142815,-1.871
2022-02-02,RELIANCE,2236.42,2277.14,2209.29,2241.75,629493,-0.832
2022-02-03,RELIANCE,2228.75,2252.99,2211.95,2238.41,4158657,-0.1493
2022-02-04,RELIANCE,2254.16,2274.42,2231.25,2267.69,1789320,1.2997
2022-02-07,RELIANCE,2271.8,2292.69,2255.13,2269.95,4592972,0.0996
2022-02-08,RELIANCE,2260.36,2297.86,2247.37,2265.67,1040404,-0.1889
2022-02-09,RELIANCE,2212.49,2214.24,2168.06,2204.24,4548921,-2.7489
2022-02-10,RELIANCE,2156.71,2195.44,2132.66,2160.6,4436864,-1.9995
2022-02-11,RELIANCE,2170.22,2181.32,2157.99,2168.97,2833116,0.3868
2022-02-14,RELIANCE,2150.79,2180.1,2116.9,2149.87,2649857,-0.8849
2022-02-15,RELIANCE,2141.64,2146.52,2134.33,2137.52,4546611,-0.5758
2022-02-16,RELIANCE,2127.01,2152.64,2114.54,2136.0,4168729,-0.0714
2022-02-17,RELIANCE,2238.87,2259.69,2213.86,2228.85,2919246,4.255
2022-02-18,RELIANCE,2196.82,2230.57,2189.02,2209.86,1994764,-0.8555
2022-02-21,RELIANCE,2267.11,2279.5,2228.43,2266.63,830112,2.5365
2022-02-22,RELIANCE,2307.81,2346.38,2276.71,2321.8,4682793,2.4049
2022-02-23,RELIANCE,2355.16,2369.65,2323.58,2356.58,4881523,1.4868
2022-02-24,RELIANCE,2332.18,2339.94,2294.31,2321.83,4422640,-1.4854
2022-02-25,RELIANCE,2334.97,2341.2,2310.89,2328.51,511723,0.2869
2022-02-28,RELIANCE,2325.36,2366.98,2282.63,2313.12,2431341,-0.6629
2022-03-01,RELIANCE,2395.86,2405.76,2360.57,2399.49,1786068,3.6659
2022-03-02,RELIANCE,2429.25,2448.45,2392.22,2418.26,2450891,0.7792
2022-03-03,RELIANCE,2401.62,2422.11,2379.01,2409.96,708710,-0.3437
2022-03-04,RELIANCE,2483.94,2520.32,2472.83,2489.65,2934686,3.2529
2022-03-07,RELIANCE,2476.5,2493.62,2470.73,2474.89,2946505,-0.5945
2022-03-08,RELIANCE,2511.21,2525.59,2498.52,2500.58,1615353,1.0329
2022-03-09,RELIANCE,2526.48,2582.51,2490.39,2533.41,3053444,1.3043
2022-03-10,RELIANCE,2559.19,2610.21,2532.54,2550.32,2952074,0.6653
2022-03-11,RELIANCE,2549.41,2556.17,2510.38,2546.46,3370688,-0.1515
2022-03-14,RELIANCE,2590.53,2626.43,2559.91,2586.18,1554491,1.5475
2022-03-15,RELIANCE,2547.11,2603.57,2524.34,2558.04,1131620,-1.0939
2022-03-16,RELIANCE,2605.86,2661.58,2573.08,2610.88,1959852,2.0447
2022-03-17,RELIANCE,2597.51,2614.22,2587.99,2598.73,578405,-0.4665
2022-03-18,RELIANCE,2667.63,2709.48,2610.95,2663.13,3632743,2.448
2022-03-21,RELIANCE,2703.89,2732.64,2686.03,2714.85,1695569,1.9233
2022-03-22,RELIANCE,2725.2,2777.02,2683.28,2742.92,1932327,1.0288
2022-03-23,RELIANCE,2710.35,2767.67,2696.92,2739.57,731731,-0.1224
2022-03-24,RELIANCE,2806.03,2845.73,2769.44,2795.6,2858749,2.0248
2022-03-25,RELIANCE,2838.96,2890.78,2797.4,2825.62,658781,1.068
2022-03-28,RELIANCE,2640.93,2673.75,2624.73,2667.74,2635425,-5.7498
2022-03-29,RELIANCE,2630.81,2642.53,2611.47,2629.81,1687773,-1.4319
2022-03-30,RELIANCE,2633.89,2669.78,2610.96,2638.87,3331998,0.3437
2022-03-31,RELIANCE,2669.39,2688.46,2608.87,2653.25,4994758,0.5435
2022-04-01,RELIANCE,2685.48,2718.3,2658.63,2688.31,3037357,1.3129
2022-04-04,RELIANCE,2772.96,2816.37,2760.52,2765.42,4115256,2.8279
2022-04-05,RELIANCE,2789.95,2835.01,2777.86,2795.89,1389331,1.096
2022-04-06,RELIANCE,2684.76,2735.32,2631.82,2694.02,2127877,-3.7118
2022-04-07,RELIANCE,2715.08,2723.83,2699.84,2704.7,4172690,0.3958
2022-04-08,RELIANCE,2780.56,2782.25,2729.82,2765.65,2192424,2.2284
2022-04-11,RELIANCE,2754.73,2820.65,2743.1,2772.32,4657566,0.2409
2022-04-12,RELIANCE,2799.5,2824.79,2759.56,2783.6,4684311,0.4062
2022-04-13,RELIANCE,2746.6,2795.14,2726.99,2760.05,3858372,-0.8496
2022-04-14,RELIANCE,2775.99,2812.84,2721.74,2808.74,3478904,1.7486
2022-04-15,RELIANCE,2792.21,2831.73,2761.27,2792.06,2043174,-0.5957
2022-04-18,RELIANCE,2830.3,2836.06,2809.03,2823.14,4266356,1.1071
2022-04-19,RELIANCE,2824.57,2890.96,2790.47,2846.14,4947165,0.8114
2022-04-20,RELIANCE,2821.81,2853.52,2817.78,2850.06,4390038,0.1376
2022-04-21,RELIANCE,2869.04,2880.94,2815.87,2876.15,2058941,0.9114
2022-04-22,RELIANCE,2878.69,2907.6,2858.87,2887.77,1261809,0.403
2022-04-25,RELIANCE,2976.36,2988.98,2903.89,2956.11,4614962,2.3392
2022-04-26,RELIANCE,2993.72,3052.66,2945.09,2993.54,572485,1.2581
2022-04-27,RELIANCE,3062.52,3090.16,3039.91,3051.31,4086328,1.9115
2022-04-28,RELIANCE,3014.0,3042.26,2952.9,3010.85,1707152,-1.335
2022-04-29,RELIANCE,2990.84,2993.62,2908.71,2967.57,3960674,-1.4479
2022-05-02,RELIANCE,2958.85,3001.31,2911.2,2972.11,3174846,0.1529
2022-05-03,RELIANCE,3012.35,3017.53,2985.15,3013.68,1020416,1.389
2022-05-04,RELIANCE,3019.98,3082.1,2979.36,3043.86,4588440,0.9966
2022-05-05,RELIANCE,3016.37,3075.58,2999.33,3004.18,4710538,-1.3123
2022-05-06,RELIANCE,3064.88,3085.09,2991.76,3047.91,1888761,1.445
2022-05-09,RELIANCE,3028.02,3076.95,3001.49,3014.86,1214533,-1.0901
2022-05-10,RELIANCE,3050.97,3111.82,3007.24,3052.87,4325578,1.2529
2022-05-11,RELIANCE,3047.03,3129.32,2998.18,3069.89,2469039,0.5558
2022-05-12,RELIANCE,3057.37,3104.33,2998.09,3058.7,3479847,-0.3652
2022-05-13,RELIANCE,3020.27,3083.27,2970.51,3030.54,4210704,-0.9248
2022-05-16,RELIANCE,3053.05,3074.51,2989.31,3039.03,3445309,0.2797
2022-05-17,RELIANCE,3038.3,3080.35,2995.43,3044.79,2636492,0.1895
2022-05-18,RELIANCE,2982.47,3028.8,2948.07,2989.17,3723284,-1.8438
2022-05-19,RELIANCE,3055.81,3069.09,3020.42,3022.95,870240,1.1237
2022-05-20,RELIANCE,3100.12,3119.55,3027.71,3087.78,2801899,2.122
2022-05-23,RELIANCE,3154.12,3176.92,3109.07,3137.24,3223224,1.589
2022-05-24,RELIANCE,3148.26,3160.49,3098.09,3156.34,3531179,0.6071
2022-05-25,RELIANCE,3114.9,3160.73,3091.4,3132.13,1492064,-0.7699
2022-05-26,RELIANCE,3157.42,3206.89,3112.02,3140.67,4069744,0.2721
2022-05-27,RELIANCE,3157.88,3198.92,3105.51,3134.5,1981564,-0.1966
2022-05-30,RELIANCE,3122.56,3182.07,3060.73,3142.78,3152233,0.2637
2022-05-31,RELIANCE,3189.21,3236.23,3175.73,3197.48,3675097,1.7256
2022-06-01,RELIANCE,3177.95,3193.98,3146.06,3192.55,676494,-0.1544
2022-06-02,RELIANCE,3097.36,3097.57,3080.36,3089.92,4794298,-3.2672
2022-06-03,RELIANCE,3153.0,3163.67,3104.98,3135.97,2797680,1.4792
2022-06-06,RELIANCE,3153.92,3217.45,3119.48,3159.73,537109,0.755
2022-06-07,RELIANCE,3163.66,3223.87,3155.01,3169.54,3186393,0.3098
2022-06-08,RELIANCE,3074.11,3140.3,3031.18,3104.48,1666356,-2.0739
2022-06-09,RELIANCE,3044.95,3083.13,2994.52,3059.54,4439100,-1.4582
2022-06-10,RELIANCE,3044.38,3103.05,2972.29,3021.61,1243115,-1.2477
2022-06-13,RELIANCE,2998.59,3002.55,2947.6,2991.22,523523,-1.0107
2022-06-14,RELIANCE,2979.87,2985.66,2957.78,2966.14,3766141,-0.8422
2022-06-15,RELIANCE,2899.57,2940.95,2863.53,2904.87,718574,-2.0871
2022-06-16,RELIANCE,3016.67,3053.87,2974.53,3020.79,1396027,3.913
2022-06-17,RELIANCE,3105.11,3166.05,3057.67,3104.82,2155728,2.7438
2022-06-20,RELIANCE,3126.66,3176.85,3077.31,3121.6,4422490,0.5389
2022-06-21,RELIANCE,3142.43,3201.4,3081.71,3120.96,4113352,-0.0206
2022-06-22,RELIANCE,3215.71,3273.14,3168.91,3226.56,3206633,3.3278
2022-06-23,RELIANCE,3321.29,3385.2,3264.68,3323.59,2679452,2.9628
2022-06-24,RELIANCE,3267.92,3326.0,3230.71,3280.93,3522339,-1.2919
2022-06-27,RELIANCE,3264.46,3331.57,3254.98,3296.91,1873644,0.4858
2022-06-28,RELIANCE,3302.54,3340.85,3233.77,3287.42,4483673,-0.2883
2022-06-29,RELIANCE,3301.42,3360.93,3229.56,3272.82,3619649,-0.4448
2022-06-30,RELIANCE,3276.89,3283.75,3219.57,3264.4,3132011,-0.2578
2022-07-01,RELIANCE,3264.43,3301.34,3241.48,3260.67,2769630,-0.1142
2022-07-04,RELIANCE,3304.72,3330.64,3264.57,3274.37,3338972,0.4193
2022-07-05,RELIANCE,3296.01,3339.71,3237.12,3288.47,3081728,0.4295
2022-07-06,RELIANCE,3389.61,3430.54,3372.72,3376.06,3576221,2.6287
2022-07-07,RELIANCE,3331.06,3357.68,3301.92,3328.71,2427498,-1.4124
2022-07-08,RELIANCE,3393.48,3440.27,3354.02,3388.51,1841345,1.7805
2022-07-11,RELIANCE,3322.69,3360.54,3321.53,3324.9,3762739,-1.895
2022-07-12,RELIANCE,3354.34,3366.92,3300.55,3340.44,1874756,0.4663
2022-07-13,RELIANCE,3386.55,3448.58,3378.45,3405.13,570129,1.918
2022-07-14,RELIANCE,3448.77,3450.62,3424.94,3441.56,827539,1.0643
2022-07-15,RELIANCE,3408.78,3479.73,3341.05,3423.39,507560,-0.5295
2022-07-18,RELIANCE,3451.13,3513.7,3403.78,3442.36,2852670,0.5526
2022-07-19,RELIANCE,3590.16,3595.76,3478.99,3547.69,3572735,3.0141
2022-07-20,RELIANCE,3523.8,3541.9,3476.92,3511.51,1794214,-1.0251
2022-07-21,RELIANCE,3569.76,3578.81,3491.9,3548.93,619961,1.0598
2022-07-22,RELIANCE,3628.86,3684.88,3609.82,3612.56,3389742,1.7772
2022-07-25,RELIANCE,3547.12,3593.95,3526.45,3588.85,2017348,-0.6584
2022-07-26,RELIANCE,3701.77,3744.29,3680.8,3704.21,4087333,3.1637
2022-07-27,RELIANCE,3855.2,3885.14,3841.22,3846.59,2148484,3.7718
2022-07-28,RELIANCE,3883.67,3983.6,3809.72,3924.66,3424640,2.0093
2022-07-29,RELIANCE,3998.78,4055.65,3958.42,4004.47,3262146,2.0131
2022-08-01,RELIANCE,3881.79,3925.6,3835.76,3883.33,1776317,-3.0717
2022-08-02,RELIANCE,3770.25,3831.81,3731.0,3793.61,3975931,-2.3377
2022-08-03,RELIANCE,3770.99,3848.1,3752.24,3789.36,4172905,-0.112
2022-08-04,RELIANCE,3771.31,3807.3,3677.0,3746.26,4198202,-1.144
2022-08-05,RELIANCE,3722.36,3822.04,3672.55,3790.22,1932799,1.1666
2022-08-08,RELIANCE,3607.19,3609.01,3593.39,3602.3,1760695,-5.0852
2022-08-09,RELIANCE,3665.34,3685.03,3610.49,3644.14,1802220,1.1549
2022-08-10,RELIANCE,3633.59,3660.97,3633.49,3634.09,1230376,-0.2763
2022-08-11,RELIANCE,3625.61,3667.58,3551.67,3600.26,4457225,-0.9352
2022-08-12,RELIANCE,3719.48,3777.63,3680.53,3727.45,4913600,3.4719
2022-08-15,RELIANCE,3691.54,3779.72,3624.78,3708.32,4217794,-0.5145
2022-08-16,RELIANCE,3603.23,3623.34,3534.96,3603.4,696856,-2.8702
2022-08-17,RELIANCE,3627.68,3674.19,3620.55,3634.61,4750236,0.8625
2022-08-18,RELIANCE,3650.7,3716.52,3644.16,3661.16,4162165,0.7279
2022-08-19,RELIANCE,3647.89,3673.86,3582.29,3651.18,805693,-0.2731
2022-08-22,RELIANCE,3795.46,3852.35,3756.59,3810.55,590567,4.2723
2022-08-23,RELIANCE,3810.49,3858.55,3774.69,3826.52,1625998,0.4182
2022-08-24,RELIANCE,3876.75,3929.59,3832.49,3898.62,2683025,1.8666
2022-08-25,RELIANCE,3931.09,3936.02,3886.33,3922.92,2084646,0.6215
2022-08-26,RELIANCE,3995.22,4017.23,3946.14,4015.28,3386717,2.327
2022-08-29,RELIANCE,3968.24,4016.62,3892.91,3993.03,3622182,-0.5556
2022-08-30,RELIANCE,3897.86,3990.4,3850.62,3918.9,2649722,-1.8742
2022-08-31,RELIANCE,3978.96,3994.3,3949.38,3974.87,2204612,1.4183
2022-09-01,RELIANCE,4011.32,4016.38,3980.88,3997.94,3041176,0.5787
2022-09-02,RELIANCE,4072.44,4122.95,3978.81,4057.2,968163,1.4714
2022-09-05,RELIANCE,4018.32,4095.36,3967.51,4014.02,614145,-1.0701
2022-09-06,RELIANCE,4061.33,4065.97,4004.58,4050.48,4072284,0.9043
2022-09-07,RELIANCE,3936.4,3996.18,3933.77,3937.48,1194004,-2.8297
2022-09-08,RELIANCE,3914.07,3922.57,3833.45,3905.18,4921401,-0.8236
2022-09-09,RELIANCE,3865.99,3876.46,3821.27,3857.5,2989837,-1.2284
2022-09-12,RELIANCE,3879.45,3966.55,3801.88,3893.65,2873646,0.9327
2022-09-13,RELIANCE,3840.64,3915.56,3827.74,3861.4,4224690,-0.8316
2022-09-14,RELIANCE,3794.14,3836.58,3744.08,3768.66,1432329,-2.4311
2022-09-15,RELIANCE,3734.14,3746.44,3716.12,3731.8,2967909,-0.9828
2022-09-16,RELIANCE,3793.58,3835.99,3745.13,3773.73,2599148,1.1173
2022-09-19,RELIANCE,3763.35,3788.87,3689.84,3784.16,2747672,0.2759
2022-09-20,RELIANCE,3727.67,3764.71,3696.74,3735.24,4657229,-1.3011
2022-09-21,RELIANCE,3767.5,3847.06,3705.18,3793.61,4946818,1.5506
2022-09-22,RELIANCE,3916.2,3960.72,3844.62,3903.59,2326248,2.8577
2022-09-23,RELIANCE,3957.36,4023.16,3933.78,3969.56,2254207,1.6759
2022-09-26,RELIANCE,3799.03,3818.41,3754.96,3809.58,1708407,-4.1135
2022-09-27,RELIANCE,3864.84,3923.48,3762.21,3827.41,2234658,0.4669
2022-09-28,RELIANCE,3831.9,3905.19,3772.48,3819.18,2444340,-0.2153
2022-09-29,RELIANCE,3695.28,3762.35,3663.72,3683.24,833091,-3.6243
2022-09-30,RELIANCE,3578.47,3606.44,3516.7,3600.11,1543106,-2.2827
2022-10-03,RELIANCE,3619.79,3660.93,3579.53,3653.73,4024311,1.4783
2022-10-04,RELIANCE,3685.22,3723.06,3595.54,3667.43,3723583,0.3742
2022-10-05,RELIANCE,3633.06,3712.73,3585.43,3674.22,804737,0.1851
2022-10-06,RELIANCE,3623.82,3695.21,3591.29,3632.93,4515179,-1.1302
2022-10-07,RELIANCE,3690.84,3733.22,3658.66,3705.88,1112700,1.9881
2022-10-10,RELIANCE,3609.42,3663.51,3545.89,3626.2,1229361,-2.1736
2022-10-11,RELIANCE,3562.26,3584.67,3492.4,3570.13,755409,-1.5583
2022-10-12,RELIANCE,3532.44,3618.42,3503.45,3551.19,1200311,-0.532
2022-10-13,RELIANCE,3435.35,3464.73,3424.15,3456.37,1365729,-2.7063
2022-10-14,RELIANCE,3407.65,3469.27,3400.6,3403.31,4513893,-1.547
2022-10-17,RELIANCE,3488.86,3551.01,3447.98,3470.36,2475013,1.9508
2022-10-18,RELIANCE,3389.7,3422.84,3366.51,3419.38,1376037,-1.4797
2022-10-19,RELIANCE,3472.56,3526.42,3439.62,3469.17,688992,1.4456
2022-10-20,RELIANCE,3519.96,3543.72,3500.27,3510.45,1610150,1.1829
2022-10-21,RELIANCE,3509.04,3524.81,3466.73,3501.23,2351488,-0.2632
2022-10-24,RELIANCE,3410.52,3441.78,3346.18,3414.3,2481373,-2.5141
2022-10-25,RELIANCE,3409.36,3482.76,3393.5,3419.57,2664743,0.1541
2022-10-26,RELIANCE,3305.89,3332.26,3248.29,3293.4,1400331,-3.7595
2022-10-27,RELIANCE,3268.97,3284.83,3261.02,3263.5,998590,-0.912
2022-10-28,RELIANCE,3248.07,3313.53,3206.25,3279.13,2680154,0.4779
2022-10-31,RELIANCE,3328.51,3359.49,3266.09,3332.19,748112,1.6052
2022-11-01,RELIANCE,3325.35,3326.62,3305.66,3324.43,4510091,-0.2331
2022-11-02,RELIANCE,3271.57,3301.82,3218.17,3289.56,1914772,-1.0543
2022-11-03,RELIANCE,3246.42,3251.49,3241.06,3250.37,3439321,-1.1984
2022-11-04,RELIANCE,3232.3,3266.06,3201.28,3224.38,3427403,-0.8029
2022-11-07,RELIANCE,3248.62,3303.95,3248.18,3262.11,672672,1.1634
2022-11-08,RELIANCE,3287.87,3335.11,3260.72,3284.05,3232143,0.6702
2022-11-09,RELIANCE,3267.81,3297.71,3247.56,3284.06,3337959,0.0004
2022-11-10,RELIANCE,3302.3,3376.34,3256.54,3322.84,1069751,1.1741
2022-11-11,RELIANCE,3334.44,3361.85,3304.62,3324.21,3113399,0.041
2022-11-14,RELIANCE,3265.64,3268.85,3193.14,3246.58,913604,-2.3627
2022-11-15,RELIANCE,3164.77,3242.68,3146.33,3183.62,2583133,-1.9586
2022-11-16,RELIANCE,3234.91,3279.78,3205.19,3219.57,1340995,1.123
2022-11-17,RELIANCE,3141.97,3177.53,3110.9,3142.18,1971435,-2.4332
2022-11-18,RELIANCE,3087.4,3124.46,3046.87,3121.95,4434612,-0.6458
2022-11-21,RELIANCE,3094.43,3117.66,3039.43,3116.79,4542874,-0.1655
2022-11-22,RELIANCE,3069.88,3104.56,3010.78,3060.58,4692477,-1.82
2022-11-23,RELIANCE,2947.13,3023.48,2916.21,2971.25,4818611,-2.9619
2022-11-24,RELIANCE,2901.25,2947.93,2844.48,2910.25,2847238,-2.0746
2022-11-25,RELIANCE,2816.95,2818.41,2800.25,2818.1,4378901,-3.2175
2022-11-28,RELIANCE,2856.82,2893.28,2793.46,2850.44,4560226,1.1409
2022-11-29,RELIANCE,2874.7,2894.75,2849.93,2872.05,1744228,0.7555
2022-11-30,RELIANCE,2856.41,2863.38,2819.31,2834.18,1091300,-1.3273
2022-12-01,RELIANCE,2755.1,2811.29,2734.01,2766.38,2282372,-2.4212
2022-12-02,RELIANCE,2827.6,2860.2,2793.09,2826.2,3457544,2.1393
2022-12-05,RELIANCE,2856.28,2897.66,2822.82,2849.83,1033571,0.8326
2022-12-06,RELIANCE,2829.32,2838.66,2816.45,2819.28,3419409,-1.0779
2022-12-07,RELIANCE,2896.47,2903.2,2860.81,2881.32,1965383,2.1768
2022-12-08,RELIANCE,2883.35,2919.36,2854.99,2889.63,2521980,0.2877
2022-12-09,RELIANCE,2916.85,2947.64,2868.81,2907.38,2216793,0.6124
2022-12-12,RELIANCE,2841.28,2887.73,2787.13,2854.5,3820066,-1.8356
2022-12-13,RELIANCE,2777.68,2820.12,2724.57,2778.76,1984407,-2.6892
2022-12-14,RELIANCE,2709.18,2745.13,2674.62,2702.41,2637464,-2.7861
2022-12-15,RELIANCE,2820.47,2858.61,2774.83,2806.78,3343643,3.7895
2022-12-16,RELIANCE,2774.27,2783.98,2727.76,2766.38,4354113,-1.4496
2022-12-19,RELIANCE,2771.99,2795.17,2724.45,2770.74,2560471,0.1573
2022-12-20,RELIANCE,2793.76,2828.41,2752.12,2794.87,1111329,0.8673
2022-12-21,RELIANCE,2802.61,2831.68,2754.67,2794.94,3019831,0.0025
2022-12-22,RELIANCE,2818.83,2835.98,2763.37,2788.31,577926,-0.2377
2022-12-23,RELIANCE,2792.46,2845.19,2732.25,2780.57,3485967,-0.2778
2022-12-26,RELIANCE,2811.17,2819.06,2768.64,2805.82,2201539,0.9039
2022-12-27,RELIANCE,2736.04,2808.6,2727.33,2754.9,3408156,-1.8316
2022-12-28,RELIANCE,2722.69,2777.0,2690.1,2734.23,1078747,-0.753
2022-12-29,RELIANCE,2619.97,2655.51,2603.69,2624.22,2742528,-4.1067
2022-12-30,RELIANCE,2550.24,2556.74,2528.38,2538.69,1306085,-3.3135
2023-01-02,RELIANCE,2469.43,2509.04,2437.39,2481.05,2989648,-2.2965
2023-01-03,RELIANCE,2528.58,2533.03,2488.11,2520.48,714890,1.5767
2023-01-04,RELIANCE,2510.65,2557.44,2461.24,2509.15,2849842,-0.4509
2023-01-05,RELIANCE,2546.37,2560.91,2492.23,2541.86,2437717,1.2953
2023-01-06,RELIANCE,2557.79,2581.01,2536.88,2560.55,1068138,0.7328
2023-01-09,RELIANCE,2565.92,2606.37,2556.76,2573.6,3817553,0.5082
2023-01-10,RELIANCE,2518.92,2532.2,2511.85,2531.25,4266347,-1.6594
2023-01-11,RELIANCE,2543.43,2571.0,2486.27,2535.68,3005017,0.1749
2023-01-12,RELIANCE,2547.36,2584.77,2527.19,2548.34,2842042,0.4981
2023-01-13,RELIANCE,2638.08,2663.36,2620.0,2652.37,2105081,4.0012
2023-01-16,RELIANCE,2639.9,2648.03,2604.2,2636.96,1740257,-0.5828
2023-01-17,RELIANCE,2718.76,2745.28,2669.95,2673.01,552689,1.358
2023-01-18,RELIANCE,2665.44,2696.76,2630.96,2668.12,2656277,-0.183
2023-01-19,RELIANCE,2657.46,2680.8,2589.5,2635.66,2790787,-1.2241
2023-01-20,RELIANCE,2643.69,2694.15,2605.4,2678.31,640341,1.6052
2023-01-23,RELIANCE,2768.43,2794.91,2745.32,2772.18,1974676,3.4449
2023-01-24,RELIANCE,2799.7,2817.19,2779.93,2786.4,3025428,0.5116
2023-01-25,RELIANCE,2753.67,2767.42,2740.17,2753.45,1574932,-1.1895
2023-01-26,RELIANCE,2768.91,2804.06,2754.21,2777.83,3166648,0.8815
2023-01-27,RELIANCE,2792.59,2815.06,2771.09,2792.96,2531954,0.543
2023-01-30,RELIANCE,2922.13,2947.57,2900.05,2907.8,4684609,4.0297
2023-01-31,RELIANCE,2979.68,2979.7,2914.15,2948.09,1265302,1.3759
2023-02-01,RELIANCE,2915.57,2955.96,2878.87,2900.12,666465,-1.6405
2023-02-02,RELIANCE,2961.13,2971.4,2931.73,2968.62,1947275,2.3344
2023-02-03,RELIANCE,3008.04,3024.0,2990.89,3011.55,4101475,1.4356
2023-02-06,RELIANCE,3060.45,3113.14,3032.67,3063.91,4667791,1.7237
2023-02-07,RELIANCE,3076.38,3150.59,3032.53,3089.78,3333048,0.8408
2023-02-08,RELIANCE,3145.18,3210.04,3139.63,3147.62,3248839,1.8549
2023-02-09,RELIANCE,3169.61,3211.55,3137.28,3173.96,3758726,0.8331
2023-02-10,RELIANCE,3141.75,3177.12,3102.9,3160.72,4953888,-0.4179
2023-02-13,RELIANCE,3182.92,3236.06,3127.31,3169.64,4740283,0.2816
2023-02-14,RELIANCE,3170.95,3212.19,3105.89,3164.29,3325463,-0.1687
2023-02-15,RELIANCE,3174.86,3247.89,3125.26,3185.07,2082671,0.6545
2023-02-16,RELIANCE,3193.26,3228.33,3143.74,3190.9,936395,0.183
2023-02-17,RELIANCE,3158.85,3207.56,3104.01,3174.16,1248869,-0.5262
2023-02-20,RELIANCE,3156.32,3167.83,3098.6,3165.06,3496174,-0.2869
2023-02-21,RELIANCE,3177.01,3189.36,3112.97,3166.12,819014,0.0335
2023-02-22,RELIANCE,3074.68,3115.69,3029.79,3067.46,4396423,-3.1659
2023-02-23,RELIANCE,3117.77,3187.92,3065.2,3125.79,2650553,1.884
2023-02-24,RELIANCE,3151.59,3181.57,3126.15,3146.69,4607179,0.6663
2023-02-27,RELIANCE,3112.33,3115.3,3053.07,3113.49,4375599,-1.0607
2023-02-28,RELIANCE,3132.36,3173.21,3121.49,3148.06,2995361,1.1042
2023-03-01,RELIANCE,3118.04,3128.53,3103.74,3120.65,2425488,-0.8746
2023-03-02,RELIANCE,3100.15,3159.66,3083.66,3093.47,1040577,-0.8747
2023-03-03,RELIANCE,3120.42,3129.24,3067.23,3115.65,4837216,0.7143
2023-03-06,RELIANCE,3171.13,3205.74,3143.58,3198.2,3393800,2.6151
2023-03-07,RELIANCE,3218.31,3247.77,3168.17,3215.64,2372301,0.5438
2023-03-08,RELIANCE,3172.71,3207.1,3139.95,3172.31,1143387,-1.3566
2023-03-09,RELIANCE,3123.61,3198.79,3098.42,3153.55,4347500,-0.5933
2023-03-10,RELIANCE,3190.45,3226.97,3133.25,3203.39,752163,1.5683
2023-03-13,RELIANCE,3236.01,3294.07,3200.18,3228.08,3508203,0.7677
2023-03-14,RELIANCE,3308.38,3347.99,3244.99,3285.63,1452756,1.767
2023-03-15,RELIANCE,3283.15,3313.43,3226.77,3310.3,3344457,0.7482
2023-03-16,RELIANCE,3374.34,3376.64,3343.62,3357.9,936649,1.4275
2023-03-17,RELIANCE,3450.44,3515.85,3422.65,3483.19,4116592,3.6634
2023-03-20,RELIANCE,3424.55,3454.65,3390.93,3400.79,2504307,-2.3942
2023-03-21,RELIANCE,3548.56,3584.94,3510.04,3552.8,2451654,4.3729
2023-03-22,RELIANCE,3601.72,3618.78,3544.85,3614.64,4747612,1.7257
2023-03-23,RELIANCE,3797.77,3801.81,3786.87,3791.05,1331971,4.7649
2023-03-24,RELIANCE,3708.1,3730.56,3703.62,3726.03,3471781,-1.7299
2023-03-27,RELIANCE,3762.95,3818.19,3697.63,3753.27,3062560,0.7284
2023-03-28,RELIANCE,3763.23,3810.86,3709.82,3765.56,3625141,0.3269
2023-03-29,RELIANCE,3754.54,3837.9,3724.34,3827.46,3447570,1.6304
2023-03-30,RELIANCE,3845.85,3894.79,3818.1,3861.5,4116222,0.8856
2023-03-31,RELIANCE,3891.72,3965.11,3866.07,3888.0,2088046,0.6839
2023-04-03,RELIANCE,3965.51,3970.99,3939.6,3944.47,1576549,1.4421
2023-04-04,RELIANCE,3945.0,3959.92,3898.02,3938.47,3552755,-0.1523
2023-04-05,RELIANCE,3924.14,3954.72,3855.54,3903.63,3075871,-0.8885
2023-04-06,RELIANCE,3919.59,3955.76,3851.75,3937.19,4606785,0.8558
2023-04-07,RELIANCE,3916.42,3928.84,3859.93,3902.22,3708210,-0.8921
2023-04-10,RELIANCE,3909.47,3985.57,3883.13,3894.97,1566255,-0.186
2023-04-11,RELIANCE,3765.79,3854.95,3742.58,3796.75,1868259,-2.554
2023-04-12,RELIANCE,3823.0,3878.75,3742.4,3802.1,3612071,0.1407
2023-04-13,RELIANCE,3746.69,3816.55,3694.32,3740.57,2244056,-1.6316
2023-04-14,RELIANCE,3734.58,3753.83,3676.98,3739.84,3656028,-0.0194
2023-04-17,RELIANCE,3663.43,3734.2,3633.14,3668.91,2169680,-1.9148
2023-04-18,RELIANCE,3650.06,3741.21,3645.13,3669.1,4138079,0.0052
2023-04-19,RELIANCE,3742.27,3786.15,3663.94,3730.5,3624737,1.6595
2023-04-20,RELIANCE,3697.76,3764.55,3666.39,3692.18,2127351,-1.0325
2023-04-21,RELIANCE,3642.71,3702.17,3626.07,3632.12,2409183,-1.6399
2023-04-24,RELIANCE,3686.52,3709.95,3641.81,3685.06,3315600,1.447
2023-04-25,RELIANCE,3751.5,3776.43,3691.88,3747.64,1610771,1.6839
2023-04-26,RELIANCE,3772.27,3828.92,3736.2,3777.86,3489387,0.8031
2023-04-27,RELIANCE,3768.01,3809.62,3701.82,3747.84,1995208,-0.7978
2023-04-28,RELIANCE,3718.32,3746.95,3676.14,3707.08,4679935,-1.0934
2023-05-01,RELIANCE,3689.69,3693.16,3626.51,3686.5,3081199,-0.5567
2023-05-02,RELIANCE,3681.57,3685.74,3623.86,3684.05,4043582,-0.0665
2023-05-03,RELIANCE,3541.24,3579.82,3490.24,3572.82,2976537,-3.0658
2023-05-04,RELIANCE,3476.71,3539.94,3475.32,3511.55,1375369,-1.7297
2023-05-05,RELIANCE,3586.33,3594.92,3549.3,3592.95,3521936,2.2916
2023-05-08,RELIANCE,3630.72,3641.48,3551.17,3607.83,3315418,0.4134
2023-05-09,RELIANCE,3676.87,3761.32,3658.87,3689.88,1167565,2.2486
2023-05-10,RELIANCE,3746.95,3793.34,3727.53,3759.46,4809803,1.8682
2023-05-11,RELIANCE,3721.69,3809.68,3654.38,3739.87,891844,-0.5224
2023-05-12,RELIANCE,3697.39,3735.53,3635.14,3721.4,2202200,-0.4952
2023-05-15,RELIANCE,3770.91,3815.39,3696.39,3788.22,1058359,1.7798
2023-05-16,RELIANCE,3847.2,3898.84,3803.63,3841.85,3943796,1.4056
2023-05-17,RELIANCE,3902.68,3989.76,3892.99,3912.3,2434585,1.8173
2023-05-18,RELIANCE,3902.41,3967.68,3901.76,3912.92,2926438,0.0156
2023-05-19,RELIANCE,3912.25,3995.36,3857.0,3924.54,4549922,0.2966
2023-05-22,RELIANCE,3912.72,3916.57,3844.26,3908.09,2470140,-0.42
2023-05-23,RELIANCE,3913.52,3937.3,3872.44,3905.89,2723871,-0.0562
2023-05-24,RELIANCE,3823.46,3927.67,3790.9,3859.53,3066188,-1.1942
2023-05-25,RELIANCE,3841.22,3896.23,3776.67,3855.88,4669173,-0.0946
2023-05-26,RELIANCE,3844.61,3859.39,3830.3,3846.33,2413079,-0.248
2023-05-29,RELIANCE,3824.6,3837.59,3811.38,3816.22,1622613,-0.7857
2023-05-30,RELIANCE,3874.98,3933.78,3797.71,3872.51,1931127,1.4641
2023-05-31,RELIANCE,3792.49,3804.47,3735.98,3776.95,2964583,-2.4984
2023-06-01,RELIANCE,3774.65,3839.32,3716.34,3801.48,3925033,0.6474
2023-06-02,RELIANCE,3748.2,3761.79,3669.01,3740.43,4361616,-1.619
2023-06-05,RELIANCE,3723.05,3738.56,3625.52,3685.26,2897077,-1.4861
2023-06-06,RELIANCE,3637.37,3666.27,3602.49,3636.5,2651920,-1.3319
2023-06-07,RELIANCE,3670.54,3679.21,3621.36,3668.92,4706911,0.8875
2023-06-08,RELIANCE,3533.37,3579.96,3479.66,3524.22,3522354,-4.0237
2023-06-09,RELIANCE,3526.71,3548.1,3461.43,3536.35,539334,0.3437
2023-06-12,RELIANCE,3523.9,3593.92,3513.96,3540.66,3440845,0.1218
2023-06-13,RELIANCE,3481.77,3518.07,3432.33,3480.76,3962077,-1.7063
2023-06-14,RELIANCE,3464.7,3517.8,3404.91,3493.59,3974540,0.368
2023-06-15,RELIANCE,3426.26,3468.35,3394.94,3419.49,1208019,-2.1439
2023-06-16,RELIANCE,3427.82,3455.76,3369.75,3418.17,2792483,-0.0388
2023-06-19,RELIANCE,3316.58,3348.91,3300.01,3343.39,3925458,-2.2118
2023-06-20,RELIANCE,3473.31,3494.78,3464.37,3470.48,4706574,3.7306
2023-06-21,RELIANCE,3522.3,3563.12,3520.51,3526.12,4416041,1.5905
2023-06-22,RELIANCE,3569.4,3576.84,3505.66,3543.21,4051240,0.4836
2023-06-23,RELIANCE,3507.03,3558.4,3480.61,3484.21,4028266,-1.6793
2023-06-26,RELIANCE,3482.95,3507.78,3427.26,3468.36,2084470,-0.456
2023-06-27,RELIANCE,3476.07,3490.3,3429.2,3455.15,3172289,-0.3815
2023-06-28,RELIANCE,3465.28,3472.18,3464.8,3471.62,655664,0.4754
2023-06-29,RELIANCE,3502.56,3508.51,3482.17,3498.01,1052189,0.7574
2023-06-30,RELIANCE,3509.17,3530.28,3457.34,3513.6,1640114,0.4448
2023-07-03,RELIANCE,3519.1,3562.69,3492.44,3536.73,4821763,0.6562
2023-07-04,RELIANCE,3528.81,3539.63,3476.16,3527.35,1618079,-0.2657
2023-07-05,RELIANCE,3549.1,3589.28,3491.25,3550.58,1968573,0.6564
2023-07-06,RELIANCE,3507.89,3525.1,3451.98,3511.45,4130009,-1.1083
2023-07-07,RELIANCE,3445.22,3512.04,3399.02,3446.24,627034,-1.8743
2023-07-10,RELIANCE,3565.31,3605.58,3511.0,3564.23,1280917,3.3662
2023-07-11,RELIANCE,3608.4,3665.89,3551.51,3592.45,508455,0.7888
2023-07-12,RELIANCE,3701.79,3743.97,3667.39,3712.64,3196141,3.291
2023-07-13,RELIANCE,3672.16,3710.95,3667.63,3695.81,3823804,-0.4545
2023-07-14,RELIANCE,3874.34,3909.18,3785.95,3861.25,4685083,4.3793
2023-07-17,RELIANCE,3884.91,3916.94,3803.33,3868.34,4248576,0.1833
2023-07-18,RELIANCE,3957.61,4006.97,3897.45,3950.54,3768530,2.1027
2023-07-19,RELIANCE,3931.94,4026.48,3881.29,3954.46,4113672,0.0991
2023-07-20,RELIANCE,3965.19,3986.63,3919.45,3967.8,4638278,0.3369
2023-07-21,RELIANCE,3966.81,3974.47,3953.69,3961.17,3015673,-0.1674
2023-07-24,RELIANCE,3906.77,3983.95,3881.82,3927.75,1069687,-0.847
2023-07-25,RELIANCE,3983.99,3999.3,3956.93,3999.27,3343474,1.8044
2023-07-26,RELIANCE,3997.3,4063.81,3933.85,4000.23,1900960,0.024
2023-07-27,RELIANCE,4086.13,4145.61,4012.95,4062.1,4580648,1.5348
2023-07-28,RELIANCE,4135.03,4203.32,4097.49,4130.38,2889637,1.6668
2023-07-31,RELIANCE,4226.44,4246.26,4198.71,4238.57,3486320,2.5858
2023-08-01,RELIANCE,4268.23,4289.95,4195.34,4272.54,2820308,0.7981
2023-08-02,RELIANCE,4145.71,4205.46,4080.57,4159.57,2080352,-2.6797
2023-08-03,RELIANCE,4128.79,4164.4,4061.65,4137.31,4607412,-0.5364
2023-08-04,RELIANCE,4152.03,4222.27,4104.38,4137.09,4776811,-0.0054
2023-08-07,RELIANCE,4099.93,4177.62,4060.64,4139.67,4533003,0.0623
2023-08-08,RELIANCE,4268.67,4305.33,4192.16,4240.78,4845120,2.4131
2023-08-09,RELIANCE,4377.54,4393.71,4313.53,4330.14,576522,2.0852
2023-08-10,RELIANCE,4324.1,4372.71,4289.28,4320.59,3325513,-0.2208
2023-08-11,RELIANCE,4496.81,4546.82,4452.64,4515.58,2392392,4.4142
2023-08-14,RELIANCE,4515.22,4555.9,4428.92,4489.11,3047450,-0.5879
2023-08-15,RELIANCE,4475.53,4499.81,4429.14,4469.32,2539480,-0.4418
2023-08-16,RELIANCE,4372.52,4437.43,4359.0,4384.05,4715848,-1.9263
2023-08-17,RELIANCE,4243.7,4335.9,4207.62,4264.43,4185526,-2.7665
2023-08-18,RELIANCE,4167.99,4178.19,4123.7,4176.47,4001332,-2.0841
2023-08-21,RELIANCE,4259.16,4278.83,4199.68,4255.07,3459936,1.8644
2023-08-22,RELIANCE,4333.28,4391.98,4240.3,4313.96,1034224,1.3747
2023-08-23,RELIANCE,4253.63,4313.75,4227.85,4247.6,1309303,-1.5504
2023-08-24,RELIANCE,4266.61,4291.72,4209.29,4256.94,4811760,0.2198
2023-08-25,RELIANCE,4313.71,4345.65,4277.7,4320.92,699573,1.4916
2023-08-28,RELIANCE,4185.11,4247.62,4110.04,4167.29,3759649,-3.6201
2023-08-29,RELIANCE,4299.65,4352.16,4224.46,4304.09,3130004,3.23
2023-08-30,RELIANCE,4428.5,4462.95,4346.3,4388.17,3825557,1.9346
2023-08-31,RELIANCE,4439.9,4459.38,4364.94,4454.44,4950843,1.4989
2023-09-01,RELIANCE,4562.69,4622.28,4553.51,4553.7,2304198,2.2037
2023-09-04,RELIANCE,4439.22,4465.23,4311.04,4391.15,3160761,-3.6348
2023-09-05,RELIANCE,4398.45,4449.22,4306.66,4375.66,538008,-0.3534
2023-09-06,RELIANCE,4494.38,4559.31,4465.71,4477.69,2075465,2.3051
2023-09-07,RELIANCE,4485.56,4527.12,4418.42,4478.92,1722793,0.0273
2023-09-08,RELIANCE,4542.21,4565.22,4494.31,4541.01,4204587,1.3768
2023-09-11,RELIANCE,4658.75,4682.77,4568.3,4662.8,1990004,2.6467
2023-09-12,RELIANCE,4710.85,4790.72,4682.18,4724.12,1870982,1.3065
2023-09-13,RELIANCE,4668.02,4788.02,4611.16,4704.14,2551493,-0.4239
2023-09-14,RELIANCE,4770.27,4863.77,4705.32,4755.04,3113722,1.0763
2023-09-15,RELIANCE,4580.5,4690.15,4560.24,4616.0,3655999,-2.9678
2023-09-18,RELIANCE,4673.96,4730.3,4582.97,4658.78,4876012,0.9226
2023-09-19,RELIANCE,4716.66,4805.62,4646.56,4723.96,2527733,1.3893
2023-09-20,RELIANCE,4716.07,4775.64,4664.75,4738.71,3244200,0.3117
2023-09-21,RELIANCE,4874.78,4960.79,4749.36,4840.76,2174580,2.1308
2023-09-22,RELIANCE,4831.78,4908.93,4742.23,4867.05,3147674,0.5415
2023-09-25,RELIANCE,4865.63,4940.02,4786.03,4881.89,1616554,0.3045
2023-09-26,RELIANCE,5033.16,5064.76,5017.82,5047.61,1577789,3.3382
2023-09-27,RELIANCE,4967.02,5016.42,4874.55,4963.31,3958246,-1.6841
2023-09-28,RELIANCE,5075.7,5126.07,5044.65,5091.29,3508852,2.5458
2023-09-29,RELIANCE,5253.25,5291.76,5155.68,5215.14,4043766,2.4033
2023-10-02,RELIANCE,5260.89,5360.59,5158.33,5297.21,3758856,1.5615
2023-10-03,RELIANCE,5368.35,5463.03,5236.58,5260.88,2134445,-0.6881
2023-10-04,RELIANCE,5267.52,5383.03,5246.48,5295.55,4019690,0.6569
2023-10-05,RELIANCE,5298.7,5335.68,5132.56,5221.53,1479027,-1.4077
2023-10-06,RELIANCE,5199.29,5275.6,5169.68,5171.03,526567,-0.9718
2023-10-09,RELIANCE,5182.5,5242.15,5164.44,5185.36,1490212,0.2766
2023-10-10,RELIANCE,5111.36,5146.97,5072.15,5105.58,3589304,-1.5505
2023-10-11,RELIANCE,5076.58,5178.58,5001.62,5086.21,3482670,-0.38
2023-10-12,RELIANCE,4996.97,5013.08,4940.38,4988.31,3812411,-1.9436
2023-10-13,RELIANCE,5030.69,5130.61,4991.12,5049.3,3976594,1.2153
2023-10-16,RELIANCE,5220.62,5242.78,5106.59,5202.18,1487507,2.9827
2023-10-17,RELIANCE,5419.11,5515.84,5332.33,5414.18,4032429,3.9945
2023-10-18,RELIANCE,5290.21,5393.22,5223.26,5316.52,2620067,-1.8203
2023-10-19,RELIANCE,5248.34,5297.14,5201.54,5237.15,4417993,-1.5041
2023-10-20,RELIANCE,5244.1,5252.21,5144.62,5234.54,598974,-0.05
2023-10-23,RELIANCE,5295.66,5333.87,5268.86,5314.72,3895115,1.5202
2023-10-24,RELIANCE,5296.7,5325.56,5196.49,5308.05,3602057,-0.1256
2023-10-25,RELIANCE,5428.05,5510.72,5385.97,5414.17,2686700,1.9796
2023-10-26,RELIANCE,5509.58,5578.13,5389.82,5479.7,4416889,1.203
2023-10-27,RELIANCE,5317.32,5344.27,5220.1,5321.11,1703133,-2.9369
2023-10-30,RELIANCE,5364.34,5403.79,5315.31,5339.5,2160413,0.345
2023-10-31,RELIANCE,5265.09,5297.66,5210.53,5234.55,2182023,-1.9851
2023-11-01,RELIANCE,5228.11,5296.34,5186.1,5194.27,2660083,-0.7725
2023-11-02,RELIANCE,5179.3,5213.52,5133.24,5168.52,1776789,-0.4969
2023-11-03,RELIANCE,5227.08,5331.47,5174.78,5250.75,3557850,1.5785
2023-11-06,RELIANCE,5284.23,5357.68,5251.75,5260.79,947708,0.1909
2023-11-07,RELIANCE,5224.57,5254.95,5209.28,5229.57,649318,-0.5952
2023-11-08,RELIANCE,5457.66,5493.01,5397.91,5443.87,1147556,4.0161
2023-11-09,RELIANCE,5353.15,5429.05,5333.87,5370.04,2503778,-1.3655
2023-11-10,RELIANCE,5394.81,5509.3,5311.35,5411.05,557126,0.7607
2023-11-13,RELIANCE,5470.45,5501.95,5435.17,5489.71,3351023,1.4432
2023-11-14,RELIANCE,5483.08,5559.23,5478.0,5519.64,1385326,0.5439
2023-11-15,RELIANCE,5428.24,5509.46,5411.47,5444.21,3899239,-1.376
2023-11-16,RELIANCE,5337.18,5399.71,5304.38,5364.88,4258441,-1.4679
2023-11-17,RELIANCE,5453.6,5485.18,5422.35,5438.2,4329430,1.3574
2023-11-20,RELIANCE,5525.23,5602.8,5501.41,5554.81,2917072,2.1215
2023-11-21,RELIANCE,5544.29,5584.34,5521.38,5562.91,2891087,0.1457
2023-11-22,RELIANCE,5445.67,5511.39,5399.98,5445.58,2252487,-2.1317
2023-11-23,RELIANCE,5509.13,5605.9,5402.43,5459.65,1099407,0.2581
2023-11-24,RELIANCE,5604.57,5726.47,5534.78,5624.03,1568238,2.9663
2023-11-27,RELIANCE,5498.08,5588.54,5398.09,5536.34,1622515,-1.5714
2023-11-28,RELIANCE,5481.79,5550.37,5406.35,5517.98,3154402,-0.3322
2023-11-29,RELIANCE,5513.16,5579.33,5491.26,5536.99,581270,0.3438
2023-11-30,RELIANCE,5641.46,5685.9,5590.78,5660.05,4880263,2.1982
2023-12-01,RELIANCE,5684.55,5752.6,5537.8,5619.79,1030871,-0.7139
2023-12-04,RELIANCE,5710.03,5725.42,5619.47,5682.56,2065856,1.1108
2023-12-05,RELIANCE,5831.4,5877.77,5811.65,5840.6,1999461,2.7432
2023-12-06,RELIANCE,5753.32,5772.95,5610.73,5700.51,4313793,-2.4278
2023-12-07,RELIANCE,5563.8,5603.81,5541.92,5580.89,3321355,-2.1207
2023-12-08,RELIANCE,5573.35,5659.83,5534.97,5584.83,4726286,0.0705
2023-12-11,RELIANCE,5684.44,5811.0,5601.03,5697.87,4597795,2.0038
2023-12-12,RELIANCE,5775.33,5853.35,5634.44,5745.83,4041188,0.8382
2023-12-13,RELIANCE,5869.51,5900.23,5764.99,5871.56,1163727,2.1646
2023-12-14,RELIANCE,5751.04,5797.93,5597.31,5708.02,3161462,-2.8248
2023-12-15,RELIANCE,5769.91,5842.37,5711.73,5757.42,3192838,0.8616
2023-12-18,RELIANCE,5507.83,5603.38,5435.12,5482.91,1859154,-4.8852
2023-12-19,RELIANCE,5577.78,5709.3,5559.61,5628.89,669703,2.6276
2023-12-20,RELIANCE,5715.44,5781.17,5661.41,5764.41,650232,2.379
2023-12-21,RELIANCE,5696.29,5813.52,5607.37,5744.14,2231318,-0.3522
2023-12-22,RELIANCE,5511.6,5545.2,5504.0,5523.42,3814649,-3.9183
2023-12-25,RELIANCE,5473.42,5557.15,5438.49,5515.86,1256182,-0.137
2023-12-26,RELIANCE,5676.27,5785.8,5536.86,5641.29,4801849,2.2485
2023-12-27,RELIANCE,5691.39,5798.71,5670.61,5697.06,1788601,0.9838
2023-12-28,RELIANCE,5922.1,5952.52,5868.86,5903.94,3601387,3.5669
2023-12-29,RELIANCE,5872.07,5972.33,5762.25,5886.56,721215,-0.2949
2024-01-01,RELIANCE,6145.47,6185.97,6078.03,6120.23,663000,3.8929
2024-01-02,RELIANCE,5857.4,5916.45,5760.06,5915.52,2776223,-3.402
2024-01-03,RELIANCE,5847.69,5948.57,5814.12,5849.12,1127506,-1.1288
2024-01-04,RELIANCE,5742.24,5836.7,5698.46,5727.9,3360168,-2.0942
2024-01-05,RELIANCE,5835.11,5869.44,5796.33,5818.1,2268298,1.5624
2024-01-08,RELIANCE,5697.05,5794.22,5689.91,5706.11,1539114,-1.9436
2024-01-09,RELIANCE,5774.41,5827.91,5726.44,5824.24,4951799,2.0491
2024-01-10,RELIANCE,5940.5,6004.63,5826.28,5910.62,2285241,1.4721
2024-01-11,RELIANCE,5932.22,6060.57,5872.26,5943.88,882031,0.5612
2024-01-12,RELIANCE,5936.71,6039.55,5888.34,5945.79,1134055,0.0321
2024-01-15,RELIANCE,5912.77,5980.83,5823.97,5847.88,1930475,-1.6604
2024-01-16,RELIANCE,5928.22,5971.59,5844.35,5925.36,2744320,1.3162
2024-01-17,RELIANCE,5869.67,5971.49,5839.99,5884.94,2983464,-0.6844
2024-01-18,RELIANCE,5962.96,6096.93,5959.14,5980.27,2508770,1.6069
2024-01-19,RELIANCE,6177.35,6201.09,6038.71,6157.49,1003811,2.9204
2024-01-22,RELIANCE,6111.87,6143.13,5996.66,6137.05,1664189,-0.3324
2024-01-23,RELIANCE,6314.85,6362.5,6271.72,6298.74,1029225,2.6004
2024-01-24,RELIANCE,6369.33,6435.17,6304.22,6334.45,2823882,0.5654
2024-01-25,RELIANCE,6414.35,6448.65,6339.93,6417.18,809134,1.2976
2024-01-26,RELIANCE,6311.3,6389.13,6226.6,6280.28,3987271,-2.1564
2024-01-29,RELIANCE,6214.86,6255.03,6104.51,6217.0,2762515,-1.0128
2024-01-30,RELIANCE,6132.0,6273.98,6079.64,6153.15,1785561,-1.0324
2024-01-31,RELIANCE,6265.54,6351.66,6248.52,6318.13,1789337,2.646
2024-02-01,RELIANCE,6301.03,6402.22,6223.58,6292.37,675991,-0.4085
2024-02-02,RELIANCE,6387.61,6510.84,6363.72,6378.17,677758,1.3542
2024-02-05,RELIANCE,6415.0,6479.09,6326.58,6383.67,3459077,0.0863
2024-02-06,RELIANCE,6385.09,6410.53,6283.56,6356.96,2758209,-0.4193
2024-02-07,RELIANCE,6268.69,6380.32,6087.24,6204.55,1068781,-2.4267
2024-02-08,RELIANCE,5990.89,6056.69,5955.74,6008.34,3787027,-3.2134
2024-02-09,RELIANCE,5995.8,6061.05,5907.41,5985.15,4859107,-0.3868
2024-02-12,RELIANCE,5947.78,5974.15,5947.76,5968.3,3509784,-0.2819
2024-02-13,RELIANCE,5915.13,5956.31,5785.13,5887.75,4481780,-1.3588
2024-02-14,RELIANCE,5888.9,5982.11,5851.56,5916.32,3579379,0.4842
2024-02-15,RELIANCE,6170.93,6256.45,6113.28,6142.86,4659130,3.7576
2024-02-16,RELIANCE,6300.97,6444.57,6288.05,6324.26,2977845,2.9102
2024-02-19,RELIANCE,6360.74,6434.97,6236.95,6336.46,4161557,0.1927
2024-02-20,RELIANCE,6390.97,6425.66,6345.46,6352.65,4015565,0.2552
2024-02-21,RELIANCE,6385.97,6507.7,6307.06,6435.98,1997951,1.3032
2024-02-22,RELIANCE,6430.67,6483.46,6390.09,6474.28,780713,0.5932
2024-02-23,RELIANCE,6567.12,6586.57,6466.12,6559.41,2399952,1.3064
2024-02-26,RELIANCE,6606.05,6652.54,6474.29,6601.81,1358210,0.6443
2024-02-27,RELIANCE,6613.12,6625.74,6576.76,6622.79,4419152,0.3173
2024-02-28,RELIANCE,6539.6,6565.08,6458.54,6555.21,3664867,-1.0257
2024-02-29,RELIANCE,6578.09,6607.31,6529.34,6606.34,4517558,0.777
2024-03-01,RELIANCE,6361.18,6384.31,6285.96,6350.67,2010845,-3.947
2024-03-04,RELIANCE,6358.16,6494.46,6347.57,6388.97,2949466,0.6013
2024-03-05,RELIANCE,6174.58,6217.98,6138.11,6163.3,1574811,-3.596
2024-03-06,RELIANCE,6182.76,6312.48,6084.55,6200.57,2647440,0.6028
2024-03-07,RELIANCE,6087.0,6207.86,6045.01,6099.9,621708,-1.6369
2024-03-08,RELIANCE,6287.62,6396.2,6249.5,6249.63,2079803,2.425
2024-03-11,RELIANCE,6297.41,6324.1,6227.28,6267.5,4408151,0.2856
2024-03-12,RELIANCE,6244.25,6318.5,6160.61,6275.53,3269226,0.1279
2024-03-13,RELIANCE,6301.82,6388.73,6179.36,6329.44,4270885,0.8554
2024-03-14,RELIANCE,6263.82,6317.89,6132.97,6239.55,3951281,-1.4303
2024-03-15,RELIANCE,6329.1,6384.99,6233.3,6374.81,772124,2.1445
2024-03-18,RELIANCE,6509.95,6541.06,6342.85,6462.97,2657947,1.3735
2024-03-19,RELIANCE,6411.56,6491.09,6322.73,6407.23,1869756,-0.8662
2024-03-20,RELIANCE,6275.99,6379.35,6210.82,6294.19,1032923,-1.7801
2024-03-21,RELIANCE,6254.84,6300.45,6187.01,6254.51,1465490,-0.6324
2024-03-22,RELIANCE,6287.39,6324.74,6126.96,6244.89,544201,-0.1538
2024-03-25,RELIANCE,6061.31,6198.41,6061.05,6126.6,1430531,-1.9125
2024-03-26,RELIANCE,6110.05,6191.12,6016.16,6078.85,3530579,-0.7823
2024-03-27,RELIANCE,6052.81,6138.88,5924.32,6016.87,1661360,-1.0248
2024-03-28,RELIANCE,5987.79,6094.68,5983.22,5997.41,3766134,-0.324
2024-03-29,RELIANCE,5976.73,6048.68,5878.33,5978.86,1836669,-0.3097
2024-04-01,RELIANCE,6038.16,6083.91,5932.19,6034.04,744158,0.9186
2024-04-02,RELIANCE,6062.0,6104.18,5976.6,6039.85,3679362,0.0962
2024-04-03,RELIANCE,6063.95,6090.33,5963.43,6086.15,1245240,0.7637
2024-04-04,RELIANCE,6115.48,6166.85,6098.03,6115.92,4864331,0.4879
2024-04-05,RELIANCE,6093.89,6202.88,5978.96,6096.94,2434455,-0.3108
2024-04-08,RELIANCE,6195.87,6273.65,6168.88,6174.91,704472,1.2707
2024-04-09,RELIANCE,5958.33,6029.0,5875.3,5879.68,1569704,-4.8992
2024-04-10,RELIANCE,5822.72,5870.33,5761.7,5844.16,1953011,-0.6058
2024-04-11,RELIANCE,5789.04,5858.05,5701.66,5786.76,2740272,-0.9872
2024-04-12,RELIANCE,5779.45,5822.46,5698.54,5801.52,3503386,0.2549
2024-04-15,RELIANCE,5723.93,5777.09,5660.94,5737.95,1928794,-1.1018
2024-04-16,RELIANCE,5766.06,5865.01,5675.69,5797.24,1876665,1.028
2024-04-17,RELIANCE,5830.82,5881.11,5759.95,5875.78,4674014,1.3456
2024-04-18,RELIANCE,5767.41,5803.33,5636.01,5733.5,1360064,-2.4512
2024-04-19,RELIANCE,5769.17,5779.39,5745.58,5758.92,3796380,0.4423
2024-04-22,RELIANCE,5632.52,5650.99,5519.4,5629.91,1255212,-2.2656
2024-04-23,RELIANCE,5656.18,5721.01,5556.55,5681.0,1679369,0.9034
2024-04-24,RELIANCE,5633.63,5713.84,5532.76,5635.75,3190750,-0.7998
2024-04-25,RELIANCE,5524.85,5586.7,5484.67,5556.97,939065,-1.4076
2024-04-26,RELIANCE,5389.91,5392.81,5287.84,5390.65,1179747,-3.0388
2024-04-29,RELIANCE,5392.85,5435.89,5368.63,5383.86,4336574,-0.1259
2024-04-30,RELIANCE,5260.61,5298.23,5252.41,5274.91,934462,-2.0444
2024-05-01,RELIANCE,5118.53,5217.95,5077.71,5137.97,1145468,-2.6304
2024-05-02,RELIANCE,5144.57,5242.04,5048.56,5157.26,3873621,0.3747
2024-05-03,RELIANCE,5271.52,5342.26,5148.5,5250.13,2617651,1.7846
2024-05-06,RELIANCE,5294.99,5359.9,5237.44,5289.65,2046924,0.7501
2024-05-07,RELIANCE,5115.77,5232.57,5038.84,5157.21,4203211,-2.5358
2024-05-08,RELIANCE,5165.2,5204.04,5091.18,5146.58,4525419,-0.2062
2024-05-09,RELIANCE,5226.26,5294.32,5200.27,5212.1,1030475,1.265
2024-05-10,RELIANCE,5206.27,5249.97,5133.46,5201.4,2733768,-0.2055
2024-05-13,RELIANCE,5277.13,5322.49,5218.69,5234.06,4660779,0.626
2024-05-14,RELIANCE,5195.72,5277.69,5126.92,5195.11,1093030,-0.7471
2024-05-15,RELIANCE,5172.44,5254.27,5136.5,5161.32,2350979,-0.6525
2024-05-16,RELIANCE,5114.42,5155.38,5075.57,5102.44,1367429,-1.1473
2024-05-17,RELIANCE,5183.67,5280.83,5091.36,5161.03,1166125,1.1416
2024-05-20,RELIANCE,5220.39,5282.82,5171.85,5226.21,4466612,1.2552
2024-05-21,RELIANCE,5159.63,5226.75,5073.95,5176.32,3424288,-0.9593
2024-05-22,RELIANCE,5274.77,5327.68,5177.81,5249.23,1065035,1.3988
2024-05-23,RELIANCE,5141.74,5221.89,5087.97,5118.17,2027377,-2.5286
2024-05-24,RELIANCE,5137.0,5236.41,5025.13,5104.47,1919874,-0.268
2024-05-27,RELIANCE,4993.94,5062.86,4977.14,4983.59,4654224,-2.3966
2024-05-28,RELIANCE,4844.76,4918.38,4773.56,4885.03,1865392,-1.9973
2024-05-29,RELIANCE,4772.23,4821.56,4731.57,4768.32,1003194,-2.4182
2024-05-30,RELIANCE,4715.05,4744.02,4685.77,4714.26,4944763,-1.1403
2024-05-31,RELIANCE,4798.36,4861.1,4719.2,4769.05,784796,1.1556
2024-06-03,RELIANCE,4789.44,4885.16,4677.8,4764.23,4884938,-0.1011
2024-06-04,RELIANCE,4730.76,4812.59,4692.09,4716.31,1952166,-1.011
2024-06-05,RELIANCE,4654.73,4747.95,4561.69,4703.48,3614310,-0.2723
2024-06-06,RELIANCE,4515.69,4565.42,4462.5,4534.39,2944538,-3.6613
2024-06-07,RELIANCE,4574.78,4624.63,4551.72,4583.13,1559806,1.0693
2024-06-10,RELIANCE,4395.65,4431.02,4334.9,4403.17,2952513,-4.0057
2024-06-11,RELIANCE,4352.84,4439.17,4285.24,4349.21,1306762,-1.233
2024-06-12,RELIANCE,4376.93,4394.61,4298.59,4344.78,2772576,-0.102
2024-06-13,RELIANCE,4398.59,4469.82,4370.07,4381.51,770427,0.842
2024-06-14,RELIANCE,4381.94,4438.64,4310.5,4402.16,1552343,0.4702
2024-06-17,RELIANCE,4381.77,4457.35,4310.77,4400.0,775856,-0.0491
2024-06-18,RELIANCE,4498.01,4602.17,4429.17,4518.77,3314975,2.6635
2024-06-19,RELIANCE,4684.8,4743.05,4613.99,4687.54,4733649,3.6667
2024-06-20,RELIANCE,4708.9,4766.99,4654.24,4690.01,692374,0.0527
2024-06-21,RELIANCE,4706.01,4709.4,4637.29,4683.44,3215821,-0.1402
2024-06-24,RELIANCE,4663.07,4683.9,4601.39,4671.86,2767173,-0.2475
2024-06-25,RELIANCE,4621.93,4672.59,4606.61,4622.62,1392375,-1.0596
2024-06-26,RELIANCE,4694.84,4729.64,4599.6,4655.86,3618083,0.7165
2024-06-27,RELIANCE,4730.18,4823.62,4719.76,4765.56,4015949,2.3288
2024-06-28,RELIANCE,4573.03,4608.18,4481.2,4558.49,4676353,-4.4423
2024-07-01,RELIANCE,4558.46,4574.41,4535.52,4546.41,843876,-0.2654
2024-07-02,RELIANCE,4664.82,4746.19,4592.75,4671.75,1307721,2.7195
2024-07-03,RELIANCE,4706.37,4786.37,4685.48,4706.81,2850752,0.7477
2024-07-04,RELIANCE,4753.86,4845.9,4655.81,4743.89,3965151,0.7848
2024-07-05,RELIANCE,4604.2,4629.5,4543.61,4610.99,1381015,-2.8416
2024-07-08,RELIANCE,4656.61,4700.6,4616.45,4671.5,2098039,1.3038
2024-07-09,RELIANCE,4742.07,4785.76,4737.93,4759.03,2518822,1.8564
2024-07-10,RELIANCE,4822.59,4912.3,4720.08,4778.1,3469738,0.3999
2024-07-11,RELIANCE,4713.54,4780.38,4677.9,4723.94,1530810,-1.14
2024-07-12,RELIANCE,4768.45,4856.42,4687.59,4763.65,1830734,0.8371
2024-07-15,RELIANCE,4695.72,4779.33,4603.2,4677.35,1114254,-1.8281
2024-07-16,RELIANCE,4576.85,4604.17,4513.96,4581.7,1451218,-2.0663
2024-07-17,RELIANCE,4651.02,4690.82,4625.28,4650.19,4670844,1.4838
2024-07-18,RELIANCE,4756.65,4796.0,4728.31,4744.72,3874893,2.0125
2024-07-19,RELIANCE,4663.73,4729.2,4617.37,4683.59,4639670,-1.2967
2024-07-22,RELIANCE,4552.96,4679.76,4511.77,4588.21,4728294,-2.0576
2024-07-23,RELIANCE,4501.58,4533.79,4440.99,4518.08,2719810,-1.5401
2024-07-24,RELIANCE,4575.2,4645.88,4487.66,4536.0,1263161,0.3958
2024-07-25,RELIANCE,4430.93,4463.94,4387.07,4443.71,4037881,-2.0556
2024-07-26,RELIANCE,4552.39,4619.71,4505.67,4549.42,4940140,2.3509
2024-07-29,RELIANCE,4483.39,4531.61,4438.18,4513.31,1407892,-0.7968
2024-07-30,RELIANCE,4575.48,4623.72,4465.7,4544.98,3948810,0.6993
2024-07-31,RELIANCE,4479.63,4546.3,4464.32,4486.38,2286339,-1.2978
2024-08-01,RELIANCE,4525.29,4574.78,4523.59,4535.61,4673909,1.0912
2024-08-02,RELIANCE,4589.07,4680.87,4568.71,4592.13,1514941,1.2386
2024-08-05,RELIANCE,4513.31,4577.0,4429.64,4457.3,3454412,-2.9801
2024-08-06,RELIANCE,4414.59,4428.48,4350.92,4404.87,876941,-1.1834
2024-08-07,RELIANCE,4390.78,4426.93,4316.78,4394.22,4681161,-0.2419
2024-08-08,RELIANCE,4291.86,4381.97,4230.65,4354.62,2407436,-0.9053
2024-08-09,RELIANCE,4455.19,4481.52,4336.89,4425.25,2713218,1.6088
2024-08-12,RELIANCE,4364.47,4398.23,4364.41,4379.69,3852070,-1.0349
2024-08-13,RELIANCE,4419.26,4454.66,4402.45,4438.18,1536669,1.3267
2024-08-14,RELIANCE,4461.77,4556.81,4453.99,4478.86,3851627,0.9124
2024-08-15,RELIANCE,4504.71,4593.84,4412.6,4471.95,1020277,-0.1543
2024-08-16,RELIANCE,4534.11,4549.58,4495.39,4535.07,2495244,1.4014
2024-08-19,RELIANCE,4379.43,4482.85,4352.16,4413.01,2004496,-2.7283
2024-08-20,RELIANCE,4405.37,4429.94,4377.83,4409.88,2508443,-0.071
2024-08-21,RELIANCE,4332.5,4395.98,4255.12,4350.58,3091990,-1.3536
2024-08-22,RELIANCE,4351.77,4368.92,4337.4,4343.96,3213057,-0.1524
2024-08-23,RELIANCE,4300.81,4332.5,4273.85,4309.13,1434307,-0.8049
2024-08-26,RELIANCE,4281.65,4350.96,4238.84,4315.51,4699011,0.148
2024-08-27,RELIANCE,4316.2,4378.86,4280.67,4317.98,3470688,0.0571
2024-08-28,RELIANCE,4329.28,4371.56,4269.75,4330.51,1175274,0.2898
2024-08-29,RELIANCE,4318.93,4416.58,4266.46,4346.17,1200864,0.3611
2024-08-30,RELIANCE,4349.96,4401.5,4280.32,4393.02,2322107,1.072
2024-09-02,RELIANCE,4302.39,4351.6,4223.78,4296.32,4872900,-2.2257
2024-09-03,RELIANCE,4331.54,4346.88,4296.89,4337.63,4575564,0.9569
2024-09-04,RELIANCE,4218.26,4232.76,4145.2,4222.81,1582071,-2.6827
2024-09-05,RELIANCE,4032.25,4057.16,3966.47,4017.27,2969177,-4.9899
2024-09-06,RELIANCE,4123.76,4172.87,4052.8,4164.12,1979054,3.5904
2024-09-09,RELIANCE,4097.22,4160.76,4057.86,4095.98,4068049,-1.6499
2024-09-10,RELIANCE,4078.17,4119.56,4062.63,4064.71,3835909,-0.7665
2024-09-11,RELIANCE,3928.59,3982.87,3876.89,3932.18,2581837,-3.3147
2024-09-12,RELIANCE,3874.08,3906.1,3799.23,3901.71,2074041,-0.778
2024-09-13,RELIANCE,3904.88,3935.44,3832.23,3917.83,4644732,0.4122
2024-09-16,RELIANCE,3927.67,3977.76,3915.73,3936.56,2380949,0.477
2024-09-17,RELIANCE,3823.09,3859.83,3785.66,3853.51,4506192,-2.1322
2024-09-18,RELIANCE,3831.49,3843.8,3757.63,3824.39,634570,-0.7586
2024-09-19,RELIANCE,3851.46,3853.15,3819.32,3851.4,2506775,0.7038
2024-09-20,RELIANCE,3857.08,3940.06,3817.11,3869.52,2950718,0.4694
2024-09-23,RELIANCE,3899.13,3932.76,3802.6,3880.02,522547,0.2709
2024-09-24,RELIANCE,3924.79,3938.61,3886.91,3935.06,781783,1.4088
2024-09-25,RELIANCE,3957.99,3994.45,3913.99,3928.92,3047722,-0.1562
2024-09-26,RELIANCE,4024.82,4101.78,4021.71,4030.24,3867834,2.546
2024-09-27,RELIANCE,3991.49,4025.87,3954.66,4010.63,1417639,-0.4877
2024-09-30,RELIANCE,4043.93,4082.04,4002.31,4062.71,4545722,1.2901
2024-10-01,RELIANCE,4119.98,4200.91,4042.33,4118.1,1582499,1.3542
2024-10-02,RELIANCE,3978.56,4068.29,3915.54,3999.97,730886,-2.9105
2024-10-03,RELIANCE,4036.37,4080.65,4028.39,4033.46,2433826,0.8336
2024-10-04,RELIANCE,3980.86,4003.68,3915.82,3988.84,996026,-1.1123
2024-10-07,RELIANCE,3910.33,3935.83,3904.9,3918.63,2524950,-1.7759
2024-10-08,RELIANCE,3889.55,3957.39,3888.46,3890.36,661900,-0.724
2024-10-09,RELIANCE,3922.87,3975.87,3860.56,3903.26,4372967,0.331
2024-10-10,RELIANCE,3786.06,3823.01,3745.94,3796.37,3387034,-2.7768
2024-10-11,RELIANCE,3803.22,3805.2,3775.68,3799.72,640799,0.0884
2024-10-14,RELIANCE,3794.8,3805.12,3751.51,3786.39,4641131,-0.3516
2024-10-15,RELIANCE,3836.01,3915.64,3765.4,3859.35,1827859,1.9087
2024-10-16,RELIANCE,3827.09,3876.75,3765.48,3817.12,2774103,-1.1004
2024-10-17,RELIANCE,3917.22,3945.32,3874.59,3901.31,3345432,2.1817
2024-10-18,RELIANCE,3949.12,3995.88,3856.73,3930.14,2317179,0.7362
2024-10-21,RELIANCE,3907.56,3988.68,3894.82,3929.34,3298914,-0.0203
2024-10-22,RELIANCE,4001.18,4073.86,3987.16,4022.07,1219754,2.3326
2024-10-23,RELIANCE,4164.23,4185.32,4144.83,4165.36,1929950,3.5006
2024-10-24,RELIANCE,4148.96,4230.27,4129.67,4151.27,3547583,-0.339
2024-10-25,RELIANCE,4098.37,4100.3,4092.15,4097.97,1300750,-1.2922
2024-10-28,RELIANCE,4124.02,4177.35,4098.48,4131.39,1923604,0.8122
2024-10-29,RELIANCE,4032.26,4050.27,3984.32,4028.52,1746572,-2.5215
2024-10-30,RELIANCE,3886.57,3992.56,3869.26,3936.85,1065036,-2.3019
2024-10-31,RELIANCE,4045.44,4090.89,4023.55,4032.17,4515507,2.3924
2024-11-01,RELIANCE,4105.51,4121.58,4022.5,4075.52,4924890,1.0693
2024-11-04,RELIANCE,4003.55,4055.27,3969.92,4014.65,1682880,-1.5047
2024-11-05,RELIANCE,4253.72,4297.93,4193.89,4249.42,4339907,5.6831
2024-11-06,RELIANCE,4181.51,4216.66,4126.09,4146.66,2712885,-2.4478
2024-11-07,RELIANCE,4195.55,4199.09,4131.42,4194.85,1570228,1.1555
2024-11-08,RELIANCE,4143.11,4160.25,4056.31,4136.79,4740413,-1.3937
2024-11-11,RELIANCE,4312.63,4396.19,4250.95,4273.27,1081590,3.2459
2024-11-12,RELIANCE,4277.44,4293.56,4180.18,4234.32,1032881,-0.9157
2024-11-13,RELIANCE,4192.02,4253.04,4127.88,4214.37,2346929,-0.4723
2024-11-14,RELIANCE,4072.61,4105.0,4028.36,4081.0,4418307,-3.2158
2024-11-15,RELIANCE,4257.53,4321.97,4213.91,4238.59,1846601,3.7888
2022-01-03,TCS,3184.24,3237.42,3165.63,3182.54,3845190,-0.5472
2022-01-04,TCS,3231.26,3302.15,3196.36,3256.97,2857680,2.312
2022-01-05,TCS,3190.59,3264.87,3181.39,3215.99,1048416,-1.2663
2022-01-06,TCS,3108.31,3124.35,3068.2,3110.59,3224685,-3.3324
2022-01-07,TCS,3038.6,3118.23,2992.27,3059.65,2210440,-1.6511
2022-01-10,TCS,3181.38,3227.22,3148.71,3195.07,670398,4.3308
2022-01-11,TCS,3125.38,3141.8,3096.69,3124.7,1279329,-2.2271
2022-01-12,TCS,3236.21,3265.63,3203.8,3215.75,902012,2.8724
2022-01-13,TCS,3234.69,3287.95,3174.11,3234.54,1847942,0.5823
2022-01-14,TCS,3219.67,3286.61,3180.63,3241.72,1289066,0.2217
2022-01-17,TCS,3174.89,3213.86,3123.13,3204.08,4363587,-1.1678
2022-01-18,TCS,3161.05,3188.78,3157.63,3159.16,1789886,-1.4119
2022-01-19,TCS,3178.73,3236.92,3162.75,3188.76,2388827,0.9326
2022-01-20,TCS,3259.65,3304.89,3226.33,3257.76,3843891,2.1408
2022-01-21,TCS,3265.65,3281.38,3230.63,3268.99,988697,0.3441
2022-01-24,TCS,3307.73,3358.05,3280.94,3308.89,2098024,1.2133
2022-01-25,TCS,3307.17,3351.81,3265.25,3287.42,1395273,-0.6509
2022-01-26,TCS,3422.69,3439.42,3374.09,3404.76,2829780,3.5069
2022-01-27,TCS,3425.11,3446.18,3393.78,3418.8,4296400,0.4117
2022-01-28,TCS,3517.1,3562.54,3514.28,3532.91,2956028,3.2831
2022-01-31,TCS,3470.22,3526.7,3422.14,3479.81,2345718,-1.5143
2022-02-01,TCS,3491.63,3558.07,3424.69,3478.35,887288,-0.042
2022-02-02,TCS,3562.59,3633.47,3517.53,3539.56,4711906,1.7444
2022-02-03,TCS,3526.08,3597.59,3457.96,3548.68,2586031,0.2572
2022-02-04,TCS,3606.61,3636.36,3508.62,3579.27,3025511,0.8584
2022-02-07,TCS,3511.02,3529.59,3471.1,3524.77,2758619,-1.5344
2022-02-08,TCS,3514.74,3556.42,3447.39,3503.02,2781859,-0.6188
2022-02-09,TCS,3503.73,3537.49,3417.64,3455.34,952258,-1.3705
2022-02-10,TCS,3424.21,3497.95,3406.33,3451.65,2552793,-0.1068
2022-02-11,TCS,3450.99,3517.56,3437.47,3442.29,2390845,-0.2714
2022-02-14,TCS,3408.94,3425.69,3385.46,3414.3,3980553,-0.8165
2022-02-15,TCS,3457.77,3483.4,3437.27,3450.06,2425425,1.0418
2022-02-16,TCS,3382.27,3431.87,3319.89,3392.77,4260673,-1.6743
2022-02-17,TCS,3238.42,3302.07,3175.52,3279.07,3449416,-3.4087
2022-02-18,TCS,3237.95,3261.64,3203.51,3250.2,1071721,-0.8845
2022-02-21,TCS,3370.93,3411.28,3327.18,3365.09,4475939,3.4738
2022-02-22,TCS,3416.57,3419.26,3330.52,3393.67,2337866,0.8458
2022-02-23,TCS,3355.83,3381.13,3298.97,3349.04,3674597,-1.324
2022-02-24,TCS,3398.83,3464.95,3363.05,3373.98,1772460,0.7421
2022-02-25,TCS,3359.45,3399.97,3295.49,3367.76,3881586,-0.1846
2022-02-28,TCS,3379.98,3396.61,3341.36,3389.73,4547223,0.6502
2022-03-01,TCS,3444.76,3502.24,3437.44,3438.86,625061,1.4392
2022-03-02,TCS,3444.09,3462.92,3430.58,3450.56,3806189,0.3396
2022-03-03,TCS,3477.67,3495.12,3403.15,3458.26,3869850,0.2229
2022-03-04,TCS,3517.66,3610.75,3508.68,3542.56,1815469,2.4084
2022-03-07,TCS,3589.77,3645.42,3513.5,3574.35,2284713,0.8935
2022-03-08,TCS,3608.25,3631.48,3530.19,3586.59,2337679,0.3417
2022-03-09,TCS,3596.64,3643.2,3587.56,3590.09,2511484,0.0975
2022-03-10,TCS,3575.04,3609.92,3535.24,3558.8,2386430,-0.8754
2022-03-11,TCS,3478.3,3551.92,3443.04,3489.63,4567047,-1.9629
2022-03-14,TCS,3513.65,3567.85,3508.31,3528.32,4693159,1.1026
2022-03-15,TCS,3608.55,3656.24,3560.45,3602.21,4747460,2.0725
2022-03-16,TCS,3614.94,3638.86,3544.06,3628.04,2631575,0.7145
2022-03-17,TCS,3667.64,3685.97,3618.18,3662.14,3632171,0.9355
2022-03-18,TCS,3617.05,3618.97,3575.95,3611.61,582925,-1.3894
2022-03-21,TCS,3577.19,3620.49,3515.17,3578.39,582051,-0.9239
2022-03-22,TCS,3511.75,3551.26,3439.19,3506.8,3785384,-2.0209
2022-03-23,TCS,3504.97,3526.54,3430.91,3493.88,3487659,-0.3692
2022-03-24,TCS,3548.57,3566.82,3545.94,3550.34,934445,1.6031
2022-03-25,TCS,3503.62,3543.82,3496.64,3512.0,3484623,-1.0859
2022-03-28,TCS,3523.29,3530.6,3465.67,3508.86,3338329,-0.0895
2022-03-29,TCS,3554.43,3615.07,3533.49,3549.58,3858173,1.1539
2022-03-30,TCS,3628.11,3688.48,3582.22,3619.95,2810749,1.963
2022-03-31,TCS,3537.13,3579.3,3467.71,3526.86,3924174,-2.6053
2022-04-01,TCS,3503.71,3566.89,3435.4,3501.11,3932190,-0.7327
2022-04-04,TCS,3455.08,3503.5,3432.03,3461.03,3175087,-1.1512
2022-04-05,TCS,3403.32,3447.37,3345.55,3413.85,2975649,-1.3727
2022-04-06,TCS,3392.51,3434.74,3358.32,3394.01,4088381,-0.5827
2022-04-07,TCS,3298.8,3304.44,3247.53,3290.87,1288552,-3.086
2022-04-08,TCS,3281.2,3295.48,3264.35,3272.56,4923352,-0.5582
2022-04-11,TCS,3277.73,3314.33,3271.22,3275.37,4522827,0.086
2022-04-12,TCS,3227.8,3235.05,3171.84,3222.13,2902216,-1.639
2022-04-13,TCS,3180.68,3250.13,3142.61,3198.35,4564976,-0.7407
2022-04-14,TCS,3192.88,3211.2,3140.27,3200.31,3748721,0.0613
2022-04-15,TCS,3218.17,3245.1,3199.98,3207.41,2393076,0.2217
2022-04-18,TCS,3112.54,3155.85,3101.84,3125.56,2443107,-2.5851
2022-04-19,TCS,3163.96,3173.95,3157.74,3161.72,3242381,1.1504
2022-04-20,TCS,3200.36,3215.86,3157.94,3199.54,1628032,1.1889
2022-04-21,TCS,3160.9,3193.34,3121.99,3162.7,2985898,-1.1579
2022-04-22,TCS,3260.77,3267.73,3222.08,3249.74,2349893,2.7147
2022-04-25,TCS,3278.23,3290.5,3265.65,3274.51,2904069,0.7593
2022-04-26,TCS,3272.14,3293.37,3270.58,3291.85,2325560,0.528
2022-04-27,TCS,3337.61,3371.42,3311.78,3329.02,905898,1.1229
2022-04-28,TCS,3267.13,3329.3,3266.94,3275.43,3725104,-1.6228
2022-04-29,TCS,3235.72,3310.77,3174.32,3257.94,2722913,-0.5355
2022-05-02,TCS,3303.49,3326.94,3280.08,3291.28,1382817,1.0182
2022-05-03,TCS,3231.24,3295.2,3214.08,3250.51,1513167,-1.2465
2022-05-04,TCS,3227.47,3297.21,3175.92,3233.2,2822148,-0.5339
2022-05-05,TCS,3270.21,3297.91,3200.44,3265.42,4090315,0.9916
2022-05-06,TCS,3281.43,3342.63,3240.71,3282.64,1646401,0.5258
2022-05-09,TCS,3274.47,3335.87,3257.88,3284.72,4319600,0.0635
2022-05-10,TCS,3272.65,3300.63,3243.01,3289.0,4087824,0.1301
2022-05-11,TCS,3268.32,3309.94,3264.42,3280.79,584087,-0.2498
2022-05-12,TCS,3308.94,3388.79,3301.72,3326.86,1119891,1.3944
2022-05-13,TCS,3438.85,3452.56,3390.05,3441.03,3815306,3.3741
2022-05-16,TCS,3448.78,3462.2,3391.57,3458.21,2984887,0.4983
2022-05-17,TCS,3506.6,3549.82,3487.66,3530.94,1016809,2.0812
2022-05-18,TCS,3502.34,3507.75,3450.61,3507.41,4958545,-0.6687
2022-05-19,TCS,3459.25,3479.23,3414.94,3470.41,544331,-1.0605
2022-05-20,TCS,3432.54,3461.81,3393.0,3427.95,2314773,-1.2311
2022-05-23,TCS,3385.08,3436.83,3359.41,3378.96,561558,-1.4394
2022-05-24,TCS,3386.71,3401.19,3297.85,3364.14,4580076,-0.4397
2022-05-25,TCS,3424.25,3482.44,3396.27,3413.2,2597032,1.4478
2022-05-26,TCS,3450.57,3538.0,3436.17,3469.45,3295903,1.6347
2022-05-27,TCS,3404.9,3474.26,3397.42,3442.31,4163507,-0.7854
2022-05-30,TCS,3399.53,3493.51,3354.72,3425.54,1677498,-0.4883
2022-05-31,TCS,3417.85,3466.05,3356.24,3426.45,1901317,0.0267
2022-06-01,TCS,3412.68,3444.49,3403.53,3440.34,3329466,0.4046
2022-06-02,TCS,3463.13,3481.52,3455.9,3473.83,4660831,0.9687
2022-06-03,TCS,3453.31,3488.74,3390.3,3452.76,1341691,-0.6086
2022-06-06,TCS,3433.04,3506.21,3387.69,3442.73,2395103,-0.2907
2022-06-07,TCS,3524.13,3531.07,3451.02,3519.23,1693887,2.1975
2022-06-08,TCS,3493.96,3544.7,3444.33,3504.62,1348946,-0.4157
2022-06-09,TCS,3460.36,3529.94,3406.95,3473.59,1393473,-0.8894
2022-06-10,TCS,3499.52,3568.32,3437.84,3469.88,2565853,-0.1069
2022-06-13,TCS,3474.69,3538.38,3458.13,3475.27,996947,0.155
2022-06-14,TCS,3393.55,3400.75,3353.05,3391.65,3321319,-2.4354
2022-06-15,TCS,3382.89,3388.09,3344.54,3368.67,1328189,-0.6799
2022-06-16,TCS,3407.28,3421.27,3360.53,3392.4,2775677,0.7019
2022-06-17,TCS,3497.6,3523.63,3461.53,3504.02,1550861,3.2372
2022-06-20,TCS,3493.71,3554.21,3473.69,3475.53,2482998,-0.8162
2022-06-21,TCS,3511.48,3564.8,3468.75,3519.38,1162502,1.2538
2022-06-22,TCS,3548.49,3615.36,3505.23,3530.55,1348049,0.3167
2022-06-23,TCS,3575.57,3627.91,3517.5,3597.77,1980485,1.886
2022-06-24,TCS,3557.92,3592.62,3553.92,3563.39,3647032,-0.9602
2022-06-27,TCS,3631.97,3652.28,3587.58,3627.93,2407901,1.7951
2022-06-28,TCS,3718.05,3750.58,3684.63,3711.35,2076788,2.2733
2022-06-29,TCS,3783.25,3859.37,3776.19,3799.27,3089524,2.3414
2022-06-30,TCS,3856.15,3942.39,3824.25,3888.21,4867600,2.3139
2022-07-01,TCS,3910.25,3972.01,3869.34,3901.27,4142700,0.3354
2022-07-04,TCS,3935.06,4004.58,3875.78,3939.14,2302849,0.9659
2022-07-05,TCS,3906.31,3914.29,3894.43,3913.95,2794440,-0.6413
2022-07-06,TCS,3809.58,3827.66,3715.58,3778.33,1497013,-3.5267
2022-07-07,TCS,3789.4,3844.62,3785.77,3794.96,3781125,0.4394
2022-07-08,TCS,3776.55,3820.13,3737.6,3786.34,4368413,-0.2276
2022-07-11,TCS,3811.67,3855.32,3762.19,3846.29,4374005,1.5709
2022-07-12,TCS,3879.75,3905.93,3878.64,3900.87,1439096,1.4092
2022-07-13,TCS,3853.09,3925.78,3830.98,3836.29,3869970,-1.6695
2022-07-14,TCS,3969.33,4051.38,3947.62,3983.78,1256519,3.7727
2022-07-15,TCS,4022.4,4048.07,3979.21,4009.8,543742,0.651
2022-07-18,TCS,3904.04,3979.67,3876.98,3929.43,3733308,-2.0247
2022-07-19,TCS,3842.54,3870.64,3767.89,3859.31,2412939,-1.8006
2022-07-20,TCS,3711.59,3738.34,3699.2,3728.27,1841673,-3.4544
2022-07-21,TCS,3784.24,3809.49,3707.98,3775.24,2771567,1.2518
2022-07-22,TCS,3740.7,3765.73,3670.03,3744.67,2378068,-0.813
2022-07-25,TCS,3675.24,3768.16,3662.33,3695.76,1593272,-1.3146
2022-07-26,TCS,3672.05,3673.84,3603.46,3658.98,2529735,-1.0003
2022-07-27,TCS,3651.52,3691.49,3569.8,3642.51,660045,-0.451
2022-07-28,TCS,3683.58,3746.51,3659.09,3677.32,4025974,0.9511
2022-07-29,TCS,3588.19,3590.05,3546.88,3582.9,4716264,-2.6011
2022-08-01,TCS,3508.11,3562.17,3454.87,3523.15,3084322,-1.6817
2022-08-02,TCS,3572.87,3600.03,3498.35,3550.53,3294691,0.7741
2022-08-03,TCS,3516.22,3533.19,3457.63,3518.0,3836242,-0.9205
2022-08-04,TCS,3556.75,3573.49,3527.25,3551.99,2685866,0.9617
2022-08-05,TCS,3531.64,3589.16,3516.38,3524.89,4943722,-0.7659
2022-08-08,TCS,3598.83,3649.51,3550.15,3615.92,1799634,2.5497
2022-08-09,TCS,3663.51,3666.87,3604.45,3629.1,3699336,0.3639
2022-08-10,TCS,3701.62,3732.39,3653.79,3702.12,1767908,1.992
2022-08-11,TCS,3734.66,3795.66,3698.68,3734.03,1754842,0.8584
2022-08-12,TCS,3762.1,3821.83,3727.59,3769.87,2449045,0.9552
2022-08-15,TCS,3747.3,3818.87,3660.19,3725.88,3951271,-1.1739
2022-08-16,TCS,3819.9,3878.96,3748.62,3797.26,2336598,1.8978
2022-08-17,TCS,3814.56,3827.6,3763.93,3811.54,4324649,0.3752
2022-08-18,TCS,3727.42,3759.96,3655.04,3754.94,2223792,-1.4961
2022-08-19,TCS,3628.39,3664.97,3608.82,3631.38,2438577,-3.346
2022-08-22,TCS,3639.43,3673.0,3589.31,3640.61,2841185,0.2539
2022-08-23,TCS,3722.21,3771.5,3695.74,3730.63,3467912,2.4426
2022-08-24,TCS,3659.89,3727.38,3616.05,3677.98,2462422,-1.4214
2022-08-25,TCS,3595.95,3642.55,3537.19,3624.11,2706782,-1.4753
2022-08-26,TCS,3633.44,3705.26,3540.34,3606.9,777392,-0.476
2022-08-29,TCS,3685.74,3722.21,3640.75,3672.12,1073980,1.792
2022-08-30,TCS,3567.46,3618.47,3507.49,3566.84,1131082,-2.9089
2022-08-31,TCS,3519.52,3559.83,3495.93,3530.99,3779620,-1.0103
2022-09-01,TCS,3481.92,3529.59,3429.72,3475.67,2157175,-1.5792
2022-09-02,TCS,3511.7,3580.77,3446.54,3508.12,2496411,0.9294
2022-09-05,TCS,3494.14,3511.92,3446.24,3501.17,2919450,-0.1983
2022-09-06,TCS,3489.64,3520.06,3433.69,3482.85,2058852,-0.5245
2022-09-07,TCS,3482.77,3531.32,3415.68,3473.87,1062763,-0.2581
2022-09-08,TCS,3530.92,3591.43,3501.06,3518.82,2604813,1.2857
2022-09-09,TCS,3567.7,3629.29,3514.41,3583.62,2048708,1.8246
2022-09-12,TCS,3651.8,3668.69,3597.47,3643.94,3119226,1.6694
2022-09-13,TCS,3700.41,3748.16,3638.59,3678.75,3330962,0.9507
2022-09-14,TCS,3767.82,3814.75,3688.87,3762.24,3905907,2.2442
2022-09-15,TCS,3748.63,3751.9,3677.1,3707.69,2812982,-1.4606
2022-09-16,TCS,3728.52,3777.18,3711.0,3731.88,4589113,0.6503
2022-09-19,TCS,3842.66,3917.23,3778.16,3875.95,4993965,3.7877
2022-09-20,TCS,3748.85,3786.62,3734.97,3764.83,3579138,-2.9088
2022-09-21,TCS,3721.41,3751.75,3665.94,3733.9,4692389,-0.8248
2022-09-22,TCS,3683.89,3740.47,3605.43,3673.63,4974316,-1.6273
2022-09-23,TCS,3707.1,3711.92,3631.09,3691.75,4258976,0.492
2022-09-26,TCS,3781.37,3802.89,3730.95,3778.8,1208696,2.3305
2022-09-27,TCS,3818.16,3871.69,3742.19,3812.58,3526808,0.89
2022-09-28,TCS,3836.88,3852.93,3763.32,3800.49,1194511,-0.3177
2022-09-29,TCS,3819.03,3843.98,3813.25,3834.96,1824556,0.9031
2022-09-30,TCS,3816.98,3893.43,3760.88,3818.37,4056948,-0.4336
2022-10-03,TCS,3822.75,3874.76,3767.94,3831.41,2933689,0.3409
2022-10-04,TCS,3847.97,3891.49,3781.37,3870.69,3350811,1.0198
2022-10-05,TCS,3941.65,3994.23,3909.64,3981.97,2286440,2.8345
2022-10-06,TCS,4037.92,4038.49,4000.27,4011.91,4379515,0.7491
2022-10-07,TCS,4011.73,4087.5,4003.49,4027.12,2063836,0.3783
2022-10-10,TCS,4156.46,4191.43,4127.75,4161.67,3555248,3.2866
2022-10-11,TCS,4043.35,4059.08,3970.67,4034.66,3980584,-3.0995
2022-10-12,TCS,4005.95,4102.76,3964.18,4029.93,556681,-0.1172
2022-10-13,TCS,3966.99,4039.09,3953.47,3983.61,4307863,-1.1561
2022-10-14,TCS,3969.2,4033.98,3950.01,3969.64,3527131,-0.3515
2022-10-17,TCS,4000.6,4061.97,3972.72,4009.39,1384857,0.9964
2022-10-18,TCS,4048.02,4148.71,4009.14,4074.01,1452444,1.5991
2022-10-19,TCS,4053.71,4081.64,3973.59,4041.44,813202,-0.8026
2022-10-20,TCS,4076.69,4098.95,3995.78,4086.17,2511224,1.1006
2022-10-21,TCS,4031.87,4032.4,3980.82,4029.11,753657,-1.4062
2022-10-24,TCS,3949.71,3952.38,3917.85,3948.59,3611805,-2.0188
2022-10-25,TCS,3973.42,4041.28,3939.75,3954.25,828758,0.1434
2022-10-26,TCS,3948.59,3997.15,3901.35,3941.63,3453295,-0.3197
2022-10-27,TCS,4020.56,4041.66,3971.26,4037.98,3794760,2.4149
2022-10-28,TCS,4203.4,4212.37,4151.79,4179.11,2221427,3.4355
2022-10-31,TCS,4130.06,4197.53,4103.31,4139.86,2073298,-0.9437
2022-11-01,TCS,4006.43,4053.76,3940.04,4022.8,3708799,-2.8684
2022-11-02,TCS,3918.0,3997.91,3866.28,3936.94,4560041,-2.1575
2022-11-03,TCS,3840.28,3958.6,3805.7,3885.81,4748703,-1.3071
2022-11-04,TCS,3888.03,3958.86,3844.66,3899.89,3298681,0.3617
2022-11-07,TCS,3892.5,3906.63,3845.58,3884.79,1538474,-0.3879
2022-11-08,TCS,3782.56,3857.98,3769.37,3808.49,2081871,-1.9836
2022-11-09,TCS,3953.57,4000.64,3851.84,3920.08,1037460,2.8878
2022-11-10,TCS,3918.66,4030.27,3911.53,3963.06,627012,1.0906
2022-11-11,TCS,4061.44,4093.74,4044.14,4077.41,1107583,2.8444
2022-11-14,TCS,3933.3,4019.75,3889.11,3962.77,3971536,-2.8517
2022-11-15,TCS,4064.08,4112.83,4008.2,4045.51,2559249,2.0663
2022-11-16,TCS,4050.25,4088.94,3989.01,4037.08,3050126,-0.2084
2022-11-17,TCS,4007.72,4036.42,3934.0,4013.06,1842073,-0.5969
2022-11-18,TCS,3987.28,4017.91,3964.47,4015.82,770984,0.0689
2022-11-21,TCS,3948.52,4036.32,3936.62,3972.32,2603639,-1.0892
2022-11-22,TCS,3969.39,3977.92,3954.82,3964.43,2452144,-0.1988
2022-11-23,TCS,4012.52,4056.52,4007.78,4026.13,879543,1.5443
2022-11-24,TCS,3891.84,3941.54,3830.29,3902.81,3485972,-3.1108
2022-11-25,TCS,3997.17,4025.01,3960.59,3998.64,1611195,2.4257
2022-11-28,TCS,4016.73,4078.36,3996.18,4025.03,2774383,0.6578
2022-11-29,TCS,3983.98,4045.55,3930.27,4019.14,2062239,-0.1463
2022-11-30,TCS,4053.83,4123.13,3990.8,4080.99,930183,1.527
2022-12-01,TCS,4079.22,4113.86,4002.76,4106.04,4702290,0.6121
2022-12-02,TCS,4061.03,4111.28,4028.59,4075.86,3321605,-0.7379
2022-12-05,TCS,4028.79,4075.77,3971.45,4026.98,1836670,-1.2066
2022-12-06,TCS,4127.01,4198.14,4103.67,4126.0,1525109,2.4293
2022-12-07,TCS,4054.63,4069.36,3960.95,4030.72,716905,-2.3364
2022-12-08,TCS,3990.97,4046.46,3918.44,4019.24,3992304,-0.2851
2022-12-09,TCS,3936.76,3957.17,3881.19,3930.74,1899643,-2.2267
2022-12-12,TCS,3947.14,3974.82,3895.12,3962.72,1488755,0.8105
2022-12-13,TCS,3996.86,4027.68,3905.55,3957.76,4715974,-0.1253
2022-12-14,TCS,3878.53,3951.08,3832.64,3880.59,4994299,-1.9692
2022-12-15,TCS,3817.4,3856.71,3783.9,3828.15,2422565,-1.3604
2022-12-16,TCS,3837.28,3858.17,3775.28,3832.02,3195761,0.1011
2022-12-19,TCS,3854.49,3928.35,3775.48,3850.7,4183560,0.4861
2022-12-20,TCS,3727.2,3787.73,3671.61,3734.3,3226877,-3.0695
2022-12-21,TCS,3704.46,3731.85,3670.63,3693.49,1702679,-1.0987
2022-12-22,TCS,3732.07,3788.0,3667.03,3704.1,3925665,0.2867
2022-12-23,TCS,3794.97,3843.44,3732.52,3777.63,1111004,1.9657
2022-12-26,TCS,3827.0,3895.33,3820.7,3829.85,2961773,1.3728
2022-12-27,TCS,3837.0,3845.52,3765.79,3803.21,2734951,-0.6979
2022-12-28,TCS,3874.97,3916.81,3857.73,3865.66,3173315,1.6286
2022-12-29,TCS,3826.26,3901.4,3787.19,3847.37,3657920,-0.4741
2022-12-30,TCS,3661.99,3735.06,3654.62,3660.98,768354,-4.9658
2023-01-02,TCS,3743.43,3792.59,3716.37,3747.49,4303416,2.3354
2023-01-03,TCS,3765.94,3786.79,3694.05,3776.16,1867387,0.7622
2023-01-04,TCS,3794.63,3868.37,3788.11,3788.68,1584676,0.3309
2023-01-05,TCS,3754.7,3825.09,3734.11,3790.31,2897481,0.0432
2023-01-06,TCS,3840.4,3877.9,3781.53,3809.86,4939934,0.5143
2023-01-09,TCS,3823.11,3842.47,3766.47,3811.45,4256371,0.0417
2023-01-10,TCS,3760.06,3856.75,3687.45,3795.0,2701583,-0.4326
2023-01-11,TCS,3767.95,3807.83,3708.61,3756.67,3145803,-1.015
2023-01-12,TCS,3770.77,3844.22,3695.17,3762.43,2760291,0.1531
2023-01-13,TCS,3738.05,3776.85,3698.8,3710.86,3577449,-1.38
2023-01-16,TCS,3676.16,3689.43,3623.7,3644.74,4363452,-1.798
2023-01-17,TCS,3696.25,3753.2,3596.65,3661.61,1134406,0.4617
2023-01-18,TCS,3715.42,3731.58,3715.04,3720.59,2332876,1.598
2023-01-19,TCS,3684.53,3705.41,3641.25,3674.59,3055666,-1.2439
2023-01-20,TCS,3630.54,3707.66,3597.66,3639.28,3908212,-0.9656
2023-01-23,TCS,3560.26,3629.78,3475.88,3542.93,930787,-2.6834
2023-01-24,TCS,3432.64,3524.04,3401.8,3470.14,3054440,-2.0759
2023-01-25,TCS,3379.21,3414.97,3317.96,3400.9,3986463,-2.0154
2023-01-26,TCS,3447.87,3506.64,3407.51,3455.37,1109325,1.5888
2023-01-27,TCS,3360.69,3401.64,3340.53,3361.7,1273720,-2.7482
2023-01-30,TCS,3390.27,3420.57,3377.46,3387.5,648201,0.7647
2023-01-31,TCS,3395.67,3425.97,3341.09,3374.17,4326362,-0.3943
2023-02-01,TCS,3396.96,3438.91,3395.76,3408.03,4703915,0.9985
2023-02-02,TCS,3450.82,3495.65,3427.69,3473.26,2611216,1.8959
2023-02-03,TCS,3465.91,3510.01,3429.65,3472.64,4399214,-0.0179
2023-02-06,TCS,3526.55,3539.85,3487.17,3537.27,3175787,1.844
2023-02-07,TCS,3637.2,3698.92,3594.96,3627.17,4925964,2.5098
2023-02-08,TCS,3735.53,3802.55,3635.79,3707.26,988183,2.1842
2023-02-09,TCS,3695.03,3723.91,3657.83,3668.71,3533840,-1.0455
2023-02-10,TCS,3575.34,3643.17,3485.03,3555.97,3760063,-3.1211
2023-02-13,TCS,3539.83,3605.04,3490.88,3549.94,3405772,-0.1698
2023-02-14,TCS,3558.27,3621.54,3499.56,3561.15,2725406,0.3154
2023-02-15,TCS,3459.94,3521.61,3408.81,3452.61,1438399,-3.0954
2023-02-16,TCS,3443.7,3480.55,3428.9,3457.02,1262327,0.1277
2023-02-17,TCS,3307.36,3372.54,3257.71,3318.6,3390349,-4.0864
2023-02-20,TCS,3409.1,3418.99,3345.0,3402.73,3107716,2.5033
2023-02-21,TCS,3406.45,3496.87,3355.22,3429.85,2697826,0.7939
2023-02-22,TCS,3404.77,3445.3,3327.08,3386.27,675789,-1.2787
2023-02-23,TCS,3387.34,3441.28,3383.04,3394.16,2198002,0.2327
2023-02-24,TCS,3418.01,3438.95,3343.21,3408.79,4404297,0.4303
2023-02-27,TCS,3439.82,3442.01,3371.72,3436.26,3571038,0.8027
2023-02-28,TCS,3462.69,3473.99,3379.38,3441.11,3919248,0.141
2023-03-01,TCS,3457.4,3504.52,3413.32,3494.59,882474,1.542
2023-03-02,TCS,3447.03,3477.53,3367.43,3425.44,2536259,-1.9986
2023-03-03,TCS,3440.56,3460.69,3378.02,3419.39,2767500,-0.1767
2023-03-06,TCS,3524.55,3591.13,3484.96,3519.61,4003528,2.8887
2023-03-07,TCS,3510.03,3569.1,3435.72,3500.9,3911512,-0.5328
2023-03-08,TCS,3525.99,3564.06,3500.91,3515.51,936386,0.4162
2023-03-09,TCS,3445.41,3520.01,3386.73,3461.01,4234913,-1.5624
2023-03-10,TCS,3584.57,3626.52,3552.03,3583.6,680852,3.481
2023-03-13,TCS,3617.1,3683.66,3580.05,3601.08,2705068,0.4865
2023-03-14,TCS,3498.79,3582.95,3463.36,3530.34,1614592,-1.9839
2023-03-15,TCS,3602.01,3654.98,3547.75,3593.55,2086634,1.7746
2023-03-16,TCS,3534.97,3554.4,3520.51,3533.43,2420162,-1.6872
2023-03-17,TCS,3584.58,3641.54,3519.69,3573.37,3075666,1.1241
2023-03-20,TCS,3610.73,3689.97,3582.23,3633.84,646470,1.678
2023-03-21,TCS,3740.77,3760.81,3688.12,3754.73,1077121,3.2727
2023-03-22,TCS,3743.02,3773.69,3731.25,3769.33,3602008,0.3881
2023-03-23,TCS,3746.87,3839.92,3742.67,3773.41,911654,0.1082
2023-03-24,TCS,3669.28,3741.11,3642.29,3654.09,1599405,-3.213
2023-03-27,TCS,3617.9,3672.46,3604.83,3628.58,4186117,-0.7007
2023-03-28,TCS,3576.54,3600.68,3522.07,3588.43,1455833,-1.1128
2023-03-29,TCS,3598.65,3628.97,3543.88,3579.14,1069252,-0.2592
2023-03-30,TCS,3544.44,3552.04,3490.28,3550.54,2654379,-0.8021
2023-03-31,TCS,3613.9,3673.29,3542.83,3596.57,2377707,1.2879
2023-04-03,TCS,3546.87,3572.94,3529.47,3565.58,1062879,-0.8653
2023-04-04,TCS,3587.67,3617.98,3522.31,3593.89,2352856,0.7909
2023-04-05,TCS,3572.08,3628.71,3517.14,3588.33,4318411,-0.1548
2023-04-06,TCS,3563.55,3613.31,3547.75,3553.82,4923785,-0.9664
2023-04-07,TCS,3510.89,3578.29,3470.7,3514.53,795360,-1.1117
2023-04-10,TCS,3541.61,3571.49,3499.58,3528.71,3673307,0.4028
2023-04-11,TCS,3610.8,3624.59,3574.88,3608.04,3595623,2.2232
2023-04-12,TCS,3532.46,3574.93,3506.52,3567.16,3949436,-1.1393
2023-04-13,TCS,3566.24,3617.98,3530.84,3570.95,3958330,0.1061
2023-04-14,TCS,3572.15,3609.06,3546.74,3599.78,3514617,0.8041
2023-04-17,TCS,3605.96,3653.43,3566.4,3599.72,4416333,-0.0017
2023-04-18,TCS,3510.52,3542.56,3462.67,3500.81,1726320,-2.7863
2023-04-19,TCS,3540.42,3569.92,3477.24,3528.8,1074881,0.7964
2023-04-20,TCS,3443.68,3463.78,3433.25,3445.8,2125061,-2.3802
2023-04-21,TCS,3338.03,3426.19,3329.11,3365.49,1380791,-2.3581
2023-04-24,TCS,3300.41,3347.68,3264.12,3296.95,1324590,-2.0575
2023-04-25,TCS,3296.11,3330.7,3258.17,3289.41,698949,-0.2289
2023-04-26,TCS,3237.1,3267.52,3200.6,3240.06,2939616,-1.5118
2023-04-27,TCS,3168.8,3191.64,3128.59,3167.44,4207678,-2.2667
2023-04-28,TCS,3157.62,3213.16,3140.31,3187.72,850600,0.638
2023-05-01,TCS,3188.35,3242.79,3146.01,3187.3,3471911,-0.0131
2023-05-02,TCS,3225.39,3254.34,3193.41,3227.14,4567396,1.2423
2023-05-03,TCS,3171.3,3190.93,3139.85,3190.65,2658714,-1.1372
2023-05-04,TCS,3196.78,3255.81,3150.49,3188.36,1384022,-0.0717
2023-05-05,TCS,3222.43,3268.72,3182.98,3230.42,3526917,1.3105
2023-05-08,TCS,3167.82,3178.31,3125.15,3164.19,1460750,-2.0714
2023-05-09,TCS,3139.46,3147.4,3079.79,3131.81,1084263,-1.0285
2023-05-10,TCS,3188.15,3212.16,3151.12,3182.91,2680600,1.6185
2023-05-11,TCS,3163.51,3223.86,3103.97,3184.87,565085,0.0613
2023-05-12,TCS,3172.05,3237.85,3112.01,3178.16,1938999,-0.2109
2023-05-15,TCS,3210.98,3214.47,3155.84,3177.15,4028982,-0.0317
2023-05-16,TCS,3263.52,3286.54,3183.78,3240.9,1249443,1.9868
2023-05-17,TCS,3254.15,3270.89,3213.34,3240.63,2822730,-0.0085
2023-05-18,TCS,3248.41,3275.78,3180.75,3243.96,4935467,0.1029
2023-05-19,TCS,3228.04,3295.46,3168.17,3244.07,1481830,0.0032
2023-05-22,TCS,3159.65,3172.24,3131.88,3162.22,1758409,-2.5555
2023-05-23,TCS,3181.97,3248.33,3159.73,3188.71,3658423,0.8342
2023-05-24,TCS,3146.7,3164.17,3103.52,3148.03,3827855,-1.2838
2023-05-25,TCS,3063.7,3132.47,3041.18,3086.02,2693222,-1.9895
2023-05-26,TCS,3016.2,3054.78,2962.23,3001.88,3767363,-2.7643
2023-05-29,TCS,2890.4,2961.85,2866.04,2929.75,3339687,-2.432
2023-05-30,TCS,2838.24,2886.14,2797.76,2826.13,1600600,-3.6009
2023-05-31,TCS,2793.17,2827.09,2759.93,2780.99,4203761,-1.6101
2023-06-01,TCS,2794.69,2838.42,2718.53,2762.55,1749595,-0.6654
2023-06-02,TCS,2807.19,2843.82,2773.42,2810.7,3547057,1.728
2023-06-05,TCS,2806.96,2854.83,2768.6,2814.27,2906069,0.1272
2023-06-06,TCS,2828.26,2830.95,2780.15,2826.56,2912044,0.4356
2023-06-07,TCS,2893.96,2931.3,2839.93,2885.88,4374630,2.077
2023-06-08,TCS,2756.77,2807.05,2728.68,2758.01,4578804,-4.532
2023-06-09,TCS,2759.76,2812.29,2745.73,2776.18,3827906,0.6567
2023-06-12,TCS,2798.84,2844.64,2770.76,2791.04,3187919,0.5338
2023-06-13,TCS,2828.91,2884.99,2797.68,2828.92,1863732,1.3478
2023-06-14,TCS,2735.73,2758.19,2722.67,2749.6,3744298,-2.8441
2023-06-15,TCS,2703.13,2762.84,2660.92,2725.28,694356,-0.8884
2023-06-16,TCS,2718.94,2767.73,2673.47,2685.79,960046,-1.4596
2023-06-19,TCS,2642.75,2644.27,2614.15,2631.8,3233316,-2.0306
2023-06-20,TCS,2739.47,2748.98,2697.25,2731.82,1728443,3.7302
2023-06-21,TCS,2706.45,2721.53,2668.68,2708.01,2640799,-0.8757
2023-06-22,TCS,2758.79,2807.36,2727.61,2749.31,4738802,1.5136
2023-06-23,TCS,2766.73,2835.72,2724.91,2781.36,2047512,1.1591
2023-06-26,TCS,2721.53,2771.25,2669.77,2718.82,2399861,-2.2743
2023-06-27,TCS,2700.15,2725.75,2688.01,2696.88,3407950,-0.8102
2023-06-28,TCS,2686.42,2736.35,2637.21,2700.29,3815932,0.1264
2023-06-29,TCS,2716.82,2723.9,2687.59,2718.24,4782586,0.6627
2023-06-30,TCS,2727.84,2787.01,2703.36,2733.49,1931764,0.5591
2023-07-03,TCS,2801.35,2865.18,2756.76,2812.09,4565713,2.835
2023-07-04,TCS,2846.52,2888.25,2801.88,2854.21,1490000,1.4866
2023-07-05,TCS,2860.61,2893.49,2821.56,2885.23,3495511,1.0811
2023-07-06,TCS,2946.73,3002.57,2907.21,2931.16,859074,1.5793
2023-07-07,TCS,3019.6,3073.7,2980.18,2996.19,4816778,2.1945
2023-07-10,TCS,2953.62,3026.16,2932.33,2967.36,4050665,-0.9668
2023-07-11,TCS,2910.24,2939.8,2861.0,2894.18,2280304,-2.4973
2023-07-12,TCS,2866.62,2887.05,2834.29,2867.08,4551911,-0.9406
2023-07-13,TCS,2805.46,2826.76,2753.61,2805.6,954752,-2.1678
2023-07-14,TCS,2744.76,2790.11,2719.69,2762.65,2139006,-1.5428
2023-07-17,TCS,2760.17,2818.4,2723.37,2767.89,2535205,0.1897
2023-07-18,TCS,2751.63,2758.71,2708.09,2744.31,3468372,-0.8555
2023-07-19,TCS,2760.22,2809.73,2719.83,2773.75,3471760,1.0669
2023-07-20,TCS,2777.75,2839.13,2722.67,2788.09,736960,0.5158
2023-07-21,TCS,2798.13,2820.61,2753.24,2805.25,4106393,0.6136
2023-07-24,TCS,2703.03,2778.76,2700.88,2749.87,1147834,-1.9939
2023-07-25,TCS,2716.8,2759.96,2668.32,2712.34,4720964,-1.3741
2023-07-26,TCS,2639.88,2667.06,2578.87,2631.5,2340388,-3.026
2023-07-27,TCS,2661.16,2689.24,2654.31,2656.32,2827183,0.9389
2023-07-28,TCS,2753.02,2795.23,2707.38,2740.11,2259611,3.1054
2023-07-31,TCS,2742.68,2757.84,2709.8,2748.78,2178786,0.3161
2023-08-01,TCS,2786.42,2826.26,2732.42,2761.41,2525836,0.4583
2023-08-02,TCS,2727.27,2788.9,2679.53,2738.84,1767495,-0.8205
2023-08-03,TCS,2727.12,2735.75,2682.71,2730.19,4572314,-0.3165
2023-08-04,TCS,2782.77,2790.63,2773.2,2787.28,3230820,2.0695
2023-08-07,TCS,2794.76,2799.65,2786.41,2792.16,2540929,0.1752
2023-08-08,TCS,2818.34,2863.22,2808.95,2821.72,3617440,1.0529
2023-08-09,TCS,2880.44,2904.47,2829.36,2881.93,761511,2.1113
2023-08-10,TCS,2924.04,2961.25,2918.29,2934.0,3345798,1.7907
2023-08-11,TCS,2929.96,2979.17,2892.09,2936.4,1262928,0.0817
2023-08-14,TCS,2909.39,2973.04,2869.63,2942.26,1378109,0.1993
2023-08-15,TCS,2936.74,2971.99,2912.24,2925.0,3464312,-0.5881
2023-08-16,TCS,2934.26,2999.51,2920.77,2949.33,2507917,0.8283
2023-08-17,TCS,2923.58,2957.22,2874.71,2930.77,1296902,-0.6313
2023-08-18,TCS,2932.5,2999.7,2907.86,2948.12,834236,0.5902
2023-08-21,TCS,3006.94,3038.41,2968.45,2998.4,3243606,1.6913
2023-08-22,TCS,2911.54,2942.93,2888.41,2919.47,2841733,-2.6678
2023-08-23,TCS,2800.2,2849.63,2789.94,2834.83,1569188,-2.942
2023-08-24,TCS,2837.63,2879.08,2808.76,2833.65,1463897,-0.0415
2023-08-25,TCS,2854.3,2900.64,2838.92,2865.0,3841740,1.1002
2023-08-28,TCS,2878.71,2925.58,2861.43,2879.05,4501284,0.489
2023-08-29,TCS,2836.4,2867.42,2813.25,2824.65,4716053,-1.9075
2023-08-30,TCS,2852.31,2916.16,2816.57,2866.47,4136989,1.4695
2023-08-31,TCS,2955.47,2973.22,2938.51,2956.22,1567072,3.0833
2023-09-01,TCS,2905.04,2958.9,2895.42,2916.29,3791541,-1.3599
2023-09-04,TCS,2897.75,2920.54,2836.9,2883.52,2237201,-1.13
2023-09-05,TCS,2886.71,2893.29,2852.34,2885.57,1005852,0.071
2023-09-06,TCS,2880.3,2911.07,2830.83,2880.64,1262975,-0.1712
2023-09-07,TCS,2919.28,2951.09,2873.65,2937.5,2510593,1.9549
2023-09-08,TCS,2962.82,2966.48,2929.8,2951.75,1761394,0.4837
2023-09-11,TCS,2951.78,2973.22,2905.88,2938.89,1310927,-0.4366
2023-09-12,TCS,2901.01,2969.1,2843.74,2912.17,3968690,-0.9135
2023-09-13,TCS,2844.89,2895.76,2822.35,2842.7,696988,-2.4141
2023-09-14,TCS,2915.1,2972.22,2892.63,2906.55,4799299,2.2212
2023-09-15,TCS,2969.34,2971.03,2927.19,2936.77,2311112,1.0342
2023-09-18,TCS,2939.14,2948.12,2878.26,2933.4,1973527,-0.1148
2023-09-19,TCS,2939.38,2953.21,2924.71,2939.39,3533494,0.204
2023-09-20,TCS,2932.93,2978.46,2878.51,2935.21,4631959,-0.1423
2023-09-21,TCS,2852.94,2910.15,2819.17,2854.31,1712922,-2.7949
2023-09-22,TCS,2801.68,2824.45,2758.04,2790.98,4667317,-2.244
2023-09-25,TCS,2770.43,2815.18,2748.26,2782.7,4589370,-0.2968
2023-09-26,TCS,2786.64,2791.57,2751.74,2773.71,4706716,-0.3239
2023-09-27,TCS,2752.62,2808.91,2734.96,2774.0,3279654,0.0106
2023-09-28,TCS,2860.73,2912.22,2809.64,2851.23,564496,2.7461
2023-09-29,TCS,2852.46,2890.07,2797.1,2839.05,1896782,-0.4281
2023-10-02,TCS,2816.76,2853.57,2775.65,2805.45,2834992,-1.1904
2023-10-03,TCS,2812.47,2839.89,2783.46,2808.68,4083410,0.1148
2023-10-04,TCS,2752.85,2777.62,2712.5,2747.42,582074,-2.205
2023-10-05,TCS,2749.58,2775.48,2722.56,2755.1,3119058,0.2789
2023-10-06,TCS,2708.83,2768.83,2664.17,2724.15,3220126,-1.1297
2023-10-09,TCS,2738.21,2773.52,2731.23,2734.8,686117,0.3901
2023-10-10,TCS,2728.68,2745.03,2678.5,2727.74,2787887,-0.2584
2023-10-11,TCS,2734.96,2763.29,2693.83,2722.39,2378173,-0.1964
2023-10-12,TCS,2748.69,2757.0,2720.7,2750.64,2436707,1.0324
2023-10-13,TCS,2786.2,2788.75,2762.21,2783.98,3855477,1.205
2023-10-16,TCS,2881.03,2888.89,2846.27,2876.9,736777,3.283
2023-10-17,TCS,2918.24,2968.87,2897.09,2909.91,3879083,1.1409
2023-10-18,TCS,2913.15,2928.13,2870.56,2899.4,971914,-0.362
2023-10-19,TCS,2857.37,2926.36,2834.61,2871.06,3694241,-0.9822
2023-10-20,TCS,2898.03,2917.64,2870.92,2887.9,1908648,0.585
2023-10-23,TCS,2954.44,2981.34,2941.9,2957.11,2842827,2.3683
2023-10-24,TCS,3008.44,3057.3,2947.21,2998.8,1589036,1.4001
2023-10-25,TCS,2987.64,3001.02,2915.28,2965.71,4925755,-1.1097
2023-10-26,TCS,2956.66,3042.51,2927.97,2988.16,1304749,0.7541
2023-10-27,TCS,3017.91,3057.35,2985.81,2999.7,2348180,0.3852
2023-10-30,TCS,3049.58,3055.18,3022.11,3051.39,4330783,1.7086
2023-10-31,TCS,3053.94,3125.74,2997.4,3067.06,2207317,0.5123
2023-11-01,TCS,3074.23,3098.68,3026.31,3080.97,628190,0.4524
2023-11-02,TCS,3008.59,3038.22,2960.0,3024.19,1403470,-1.86
2023-11-03,TCS,3071.45,3126.63,3020.62,3063.68,1480438,1.2973
2023-11-06,TCS,2981.66,3016.67,2938.48,2997.16,860344,-2.195
2023-11-07,TCS,3020.44,3064.1,2993.38,3002.36,4626651,0.1734
2023-11-08,TCS,2987.22,2989.26,2956.27,2976.92,4224668,-0.8512
2023-11-09,TCS,2952.25,3006.63,2899.83,2948.9,4422683,-0.9456
2023-11-10,TCS,2947.1,3001.78,2936.65,2977.41,2977146,0.9622
2023-11-13,TCS,2958.45,2988.79,2954.01,2978.15,2098590,0.0248
2023-11-14,TCS,2865.97,2923.38,2817.45,2867.12,4351176,-3.7995
2023-11-15,TCS,2858.55,2901.33,2813.91,2858.91,4119858,-0.2866
2023-11-16,TCS,2855.41,2900.73,2833.07,2842.06,3769635,-0.5913
2023-11-17,TCS,2858.44,2929.74,2828.25,2900.69,1185052,2.0419
2023-11-20,TCS,2833.65,2883.61,2831.29,2844.45,4292253,-1.9578
2023-11-21,TCS,2946.2,2963.34,2925.21,2933.92,3381918,3.0971
2023-11-22,TCS,2970.29,3006.14,2955.01,2975.31,3648255,1.4008
2023-11-23,TCS,2956.07,2985.54,2914.44,2962.99,4474330,-0.4148
2023-11-24,TCS,2920.35,2969.11,2902.54,2944.08,1701969,-0.6402
2023-11-27,TCS,2930.47,2930.72,2867.79,2915.04,2623855,-0.9912
2023-11-28,TCS,2923.75,2978.38,2922.37,2930.85,2027068,0.541
2023-11-29,TCS,2910.84,2923.53,2894.76,2895.01,1250960,-1.2306
2023-11-30,TCS,2911.63,2939.21,2873.12,2890.45,2792467,-0.1577
2023-12-01,TCS,2860.19,2897.89,2799.94,2841.48,3104604,-1.7086
2023-12-04,TCS,2874.47,2876.91,2819.76,2874.93,1708620,1.1704
2023-12-05,TCS,2876.62,2903.35,2858.48,2883.61,3866780,0.3012
2023-12-06,TCS,2855.05,2878.06,2823.25,2862.95,1859447,-0.7188
2023-12-07,TCS,2880.83,2888.49,2850.4,2852.76,4395294,-0.3568
2023-12-08,TCS,2819.16,2868.06,2819.09,2822.15,3815648,-1.0786
2023-12-11,TCS,2852.12,2883.02,2836.29,2837.18,2206098,0.5313
2023-12-12,TCS,2788.32,2813.77,2776.2,2781.61,3808090,-1.9781
2023-12-13,TCS,2817.09,2830.37,2767.82,2822.89,1778355,1.4731
2023-12-14,TCS,2828.0,2860.7,2791.72,2831.58,3186502,0.3073
2023-12-15,TCS,2828.81,2843.94,2761.65,2812.17,3585090,-0.6878
2023-12-18,TCS,2840.03,2847.23,2792.18,2839.59,1405944,0.9703
2023-12-19,TCS,2851.67,2888.27,2808.04,2858.16,1624379,0.6518
2023-12-20,TCS,2800.24,2849.92,2780.43,2811.58,1062530,-1.643
2023-12-21,TCS,2876.47,2879.74,2864.18,2871.88,1592495,2.1218
2023-12-22,TCS,2753.12,2763.35,2747.43,2760.25,3644301,-3.9645
2023-12-25,TCS,2817.98,2859.6,2808.23,2809.63,1320644,1.7733
2023-12-26,TCS,2838.81,2850.55,2793.18,2803.15,4486214,-0.231
2023-12-27,TCS,2856.16,2864.94,2847.69,2848.78,2153708,1.6149
2023-12-28,TCS,2942.38,2999.0,2875.96,2916.08,1852942,2.3347
2023-12-29,TCS,2886.71,2907.5,2864.26,2897.07,2476627,-0.6539
2024-01-01,TCS,2890.2,2929.77,2849.92,2880.35,3356055,-0.5787
2024-01-02,TCS,2913.94,2961.43,2868.02,2895.76,3761869,0.5334
2024-01-03,TCS,2864.18,2883.02,2828.43,2844.56,3538103,-1.7838
2024-01-04,TCS,2848.46,2874.84,2823.87,2830.35,984848,-0.5007
2024-01-05,TCS,2812.63,2843.8,2781.89,2812.39,4428863,-0.6365
2024-01-08,TCS,2772.63,2783.75,2712.66,2760.35,2416782,-1.8678
2024-01-09,TCS,2726.58,2756.75,2685.7,2740.53,4372232,-0.7206
2024-01-10,TCS,2796.88,2850.75,2722.89,2774.58,3460273,1.2349
2024-01-11,TCS,2792.46,2821.16,2772.57,2805.81,823664,1.1194
2024-01-12,TCS,2816.26,2862.01,2751.37,2798.71,2952281,-0.2535
2024-01-15,TCS,2816.97,2847.11,2761.85,2802.34,4243313,0.1298
2024-01-16,TCS,2804.04,2840.25,2736.96,2789.57,4045838,-0.4567
2024-01-17,TCS,2740.89,2765.95,2697.26,2712.87,3764978,-2.7882
2024-01-18,TCS,2683.95,2715.53,2626.98,2669.9,4515425,-1.5967
2024-01-19,TCS,2694.0,2741.29,2666.62,2711.99,3035153,1.5644
2024-01-22,TCS,2773.43,2800.16,2741.12,2765.27,1457340,1.9456
2024-01-23,TCS,2702.6,2772.18,2677.43,2728.38,512613,-1.3433
2024-01-24,TCS,2777.24,2827.41,2753.21,2778.5,4588904,1.8205
2024-01-25,TCS,2720.69,2740.39,2672.97,2726.45,3415914,-1.8911
2024-01-26,TCS,2713.42,2720.79,2653.71,2704.8,4484148,-0.7974
2024-01-29,TCS,2689.36,2744.28,2653.7,2700.47,4071001,-0.1601
2024-01-30,TCS,2678.83,2700.9,2668.51,2689.5,2137292,-0.4071
2024-01-31,TCS,2667.34,2713.55,2638.3,2660.68,1255581,-1.0775
2024-02-01,TCS,2682.54,2688.05,2647.91,2666.88,4159941,0.2328
2024-02-02,TCS,2701.06,2705.98,2664.78,2701.02,4349824,1.2723
2024-02-05,TCS,2670.38,2680.08,2636.0,2639.71,2818530,-2.296
2024-02-06,TCS,2641.3,2646.47,2606.75,2645.84,1616397,0.232
2024-02-07,TCS,2696.95,2737.28,2662.72,2687.82,4148768,1.5739
2024-02-08,TCS,2675.48,2696.73,2656.98,2670.93,4278076,-0.6304
2024-02-09,TCS,2643.91,2698.52,2640.55,2648.45,3866078,-0.845
2024-02-12,TCS,2630.56,2649.78,2610.66,2613.43,2869911,-1.3313
2024-02-13,TCS,2687.22,2737.18,2639.27,2699.23,4830812,3.2306
2024-02-14,TCS,2736.63,2803.11,2705.06,2765.33,4755578,2.4191
2024-02-15,TCS,2751.4,2771.02,2721.05,2753.14,1494965,-0.4418
2024-02-16,TCS,2802.86,2856.57,2801.88,2806.46,1907494,1.9185
2024-02-19,TCS,2798.57,2820.84,2740.85,2783.77,3812295,-0.8118
2024-02-20,TCS,2760.33,2808.32,2748.7,2777.69,1193846,-0.219
2024-02-21,TCS,2738.95,2760.76,2710.85,2731.79,562530,-1.6659
2024-02-22,TCS,2658.55,2681.7,2618.89,2653.21,2819047,-2.919
2024-02-23,TCS,2633.72,2636.6,2622.4,2629.48,4647849,-0.8983
2024-02-26,TCS,2626.08,2642.37,2570.82,2612.44,4452323,-0.65
2024-02-27,TCS,2630.82,2681.03,2586.87,2631.12,1395093,0.7125
2024-02-28,TCS,2660.33,2704.57,2632.0,2659.64,1519242,1.0779
2024-02-29,TCS,2661.2,2708.04,2635.81,2655.22,2180444,-0.1663
2024-03-01,TCS,2612.89,2651.5,2599.73,2614.23,4668173,-1.5558
2024-03-04,TCS,2570.12,2621.44,2532.91,2587.63,4293863,-1.0227
2024-03-05,TCS,2649.7,2702.86,2631.65,2655.14,4579885,2.5758
2024-03-06,TCS,2679.34,2711.67,2635.96,2682.81,2649438,1.0366
2024-03-07,TCS,2737.69,2795.71,2697.59,2745.41,851903,2.3065
2024-03-08,TCS,2820.96,2848.9,2801.05,2825.44,3487009,2.8731
2024-03-11,TCS,2799.22,2832.68,2783.91,2796.71,4556223,-1.0219
2024-03-12,TCS,2830.62,2861.24,2810.37,2834.5,2126486,1.3423
2024-03-13,TCS,2806.65,2807.72,2775.58,2794.72,1580351,-1.4135
2024-03-14,TCS,2854.52,2865.87,2787.78,2842.16,2999333,1.6833
2024-03-15,TCS,2846.65,2934.38,2810.94,2880.92,1580620,1.3545
2024-03-18,TCS,2765.97,2819.26,2729.6,2785.94,4304551,-3.3525
2024-03-19,TCS,2771.06,2807.4,2755.35,2804.79,2307330,0.6744
2024-03-20,TCS,2763.65,2820.98,2743.52,2767.44,4516371,-1.3405
2024-03-21,TCS,2748.61,2804.33,2722.98,2753.23,3214517,-0.5147
2024-03-22,TCS,2727.2,2766.04,2671.91,2725.14,2553334,-1.0255
2024-03-25,TCS,2777.5,2793.23,2728.92,2765.85,2545145,1.4827
2024-03-26,TCS,2736.0,2752.73,2727.57,2736.59,3740666,-1.0636
2024-03-27,TCS,2673.88,2728.37,2620.88,2681.96,1601983,-2.0165
2024-03-28,TCS,2648.27,2651.53,2634.0,2648.32,2602490,-1.2621
2024-03-29,TCS,2633.52,2652.57,2600.78,2640.04,4388459,-0.3132
2024-04-01,TCS,2638.59,2667.07,2592.4,2658.22,4728414,0.6864
2024-04-02,TCS,2723.37,2762.39,2677.01,2710.39,694382,1.9434
2024-04-03,TCS,2739.38,2760.29,2682.95,2733.57,3774018,0.8518
2024-04-04,TCS,2780.05,2830.98,2713.24,2760.05,4285995,0.9641
2024-04-05,TCS,2776.42,2838.56,2774.48,2793.7,2440765,1.2116
2024-04-08,TCS,2808.46,2887.08,2769.88,2831.32,1548239,1.3378
2024-04-09,TCS,2865.91,2896.61,2824.6,2879.39,2741517,1.6834
2024-04-10,TCS,3004.02,3032.55,2975.75,2998.04,4555094,4.0381
2024-04-11,TCS,3050.66,3090.92,2982.36,3037.62,1324086,1.3114
2024-04-12,TCS,3056.86,3116.45,3003.59,3052.49,1925068,0.4884
2024-04-15,TCS,3032.94,3053.84,3008.51,3030.76,4734516,-0.7143
2024-04-16,TCS,3059.76,3079.76,3033.15,3046.74,3477063,0.5259
2024-04-17,TCS,3097.31,3143.36,3084.15,3104.45,1647749,1.8762
2024-04-18,TCS,3061.52,3102.25,3032.0,3045.43,3553996,-1.9192
2024-04-19,TCS,3139.16,3151.03,3071.68,3108.31,1316086,2.0437
2024-04-22,TCS,3071.68,3116.16,3032.19,3088.09,3740337,-0.6528
2024-04-23,TCS,3073.66,3100.8,3064.51,3077.57,2534526,-0.3411
2024-04-24,TCS,3082.73,3130.45,3048.91,3104.31,4475248,0.8649
2024-04-25,TCS,3064.32,3087.83,3048.98,3079.18,3767727,-0.8127
2024-04-26,TCS,3108.89,3149.19,3046.3,3102.8,1043296,0.7641
2024-04-29,TCS,3021.36,3058.46,2969.61,3047.04,3572178,-1.8135
2024-04-30,TCS,3078.92,3092.54,3071.8,3090.97,3469865,1.4315
2024-05-01,TCS,3117.95,3148.88,3085.96,3101.61,1645589,0.3436
2024-05-02,TCS,3105.82,3108.22,3043.75,3102.35,2824743,0.0241
2024-05-03,TCS,3128.92,3170.61,3098.32,3116.95,1692276,0.4695
2024-05-06,TCS,3096.73,3153.94,3046.2,3116.89,3826400,-0.0022
2024-05-07,TCS,3140.99,3176.59,3136.76,3139.93,1560365,0.7365
2024-05-08,TCS,3160.0,3166.02,3106.19,3130.47,2337548,-0.3016
2024-05-09,TCS,3106.55,3124.59,3068.36,3116.87,3214525,-0.4354
2024-05-10,TCS,3023.45,3071.18,2999.29,3030.85,713476,-2.7987
2024-05-13,TCS,3107.7,3109.7,3049.69,3098.69,4806958,2.2138
2024-05-14,TCS,3028.79,3049.53,2969.43,3042.47,687945,-1.8308
2024-05-15,TCS,3134.28,3182.15,3091.0,3123.08,4502352,2.6147
2024-05-16,TCS,3083.97,3122.32,3055.37,3111.92,3430937,-0.3577
2024-05-17,TCS,3135.6,3205.56,3091.41,3174.09,2770281,1.978
2024-05-20,TCS,3233.51,3239.88,3179.77,3228.43,2699605,1.6976
2024-05-21,TCS,3263.44,3294.93,3259.54,3279.51,2200260,1.5696
2024-05-22,TCS,3273.64,3340.67,3244.99,3282.93,3739438,0.1043
2024-05-23,TCS,3235.86,3284.61,3189.54,3221.74,2280797,-1.8814
2024-05-24,TCS,3223.36,3235.52,3193.58,3213.33,2868529,-0.2612
2024-05-27,TCS,3178.54,3211.89,3130.28,3198.17,4127969,-0.4732
2024-05-28,TCS,3202.2,3232.54,3137.24,3193.9,3431370,-0.1335
2024-05-29,TCS,3128.01,3172.33,3075.13,3132.71,3427680,-1.9343
2024-05-30,TCS,3125.84,3162.24,3079.79,3119.33,3060406,-0.4281
2024-05-31,TCS,2977.42,2994.67,2930.12,2977.72,685690,-4.6463
2024-06-03,TCS,2942.05,3020.46,2928.36,2964.33,805757,-0.4505
2024-06-04,TCS,2960.6,3020.82,2959.08,2971.2,840402,0.2313
2024-06-05,TCS,2899.74,2973.39,2869.96,2935.14,1722023,-1.2211
2024-06-06,TCS,2926.06,2979.19,2899.38,2923.35,2666096,-0.4022
2024-06-07,TCS,2937.66,2954.94,2880.15,2931.85,1579792,0.2901
2024-06-10,TCS,2970.14,2998.51,2923.26,2980.64,2895450,1.6505
2024-06-11,TCS,3030.52,3051.01,3007.37,3032.27,4439871,1.7174
2024-06-12,TCS,3033.19,3057.82,3032.13,3048.04,4822736,0.5186
2024-06-13,TCS,3066.66,3075.25,3030.76,3047.52,3457935,-0.017
2024-06-14,TCS,3046.09,3121.56,3024.13,3065.81,1134827,0.5983
2024-06-17,TCS,3151.42,3210.47,3108.82,3156.33,3850748,2.9099
2024-06-18,TCS,3162.05,3217.65,3104.93,3182.71,4134587,0.8324
2024-06-19,TCS,3200.72,3243.01,3182.84,3196.97,4029670,0.447
2024-06-20,TCS,3270.19,3285.79,3202.16,3253.3,4529727,1.7466
2024-06-21,TCS,3222.97,3258.27,3176.01,3256.78,520092,0.1069
2024-06-24,TCS,3224.08,3252.56,3190.88,3213.58,2199319,-1.3354
2024-06-25,TCS,3264.66,3308.38,3237.2,3238.24,3156218,0.7647
2024-06-26,TCS,3250.15,3294.34,3245.93,3248.05,1228102,0.3025
2024-06-27,TCS,3226.76,3276.81,3186.8,3237.69,2289374,-0.3198
2024-06-28,TCS,3266.33,3327.42,3210.99,3266.96,1608409,0.9
2024-07-01,TCS,3165.86,3187.81,3125.85,3174.52,1477873,-2.8701
2024-07-02,TCS,3179.04,3195.81,3099.41,3148.13,3482525,-0.8351
2024-07-03,TCS,3118.07,3123.04,3073.88,3105.11,3496802,-1.3759
2024-07-04,TCS,3081.58,3139.29,3051.64,3067.77,814055,-1.2098
2024-07-05,TCS,3094.12,3122.26,3058.7,3061.14,3572946,-0.2164
2024-07-08,TCS,3038.08,3062.49,2968.46,3017.8,4485194,-1.426
2024-07-09,TCS,3098.91,3161.92,3069.52,3100.79,681542,2.7131
2024-07-10,TCS,3124.62,3151.35,3069.45,3124.22,3904751,0.7527
2024-07-11,TCS,3122.1,3143.0,3062.84,3085.69,3662484,-1.241
2024-07-12,TCS,2990.75,3014.38,2974.24,3001.85,4075023,-2.7547
2024-07-15,TCS,2972.29,3001.02,2932.64,2974.85,4835527,-0.9035
2024-07-16,TCS,2945.09,3000.68,2909.49,2960.08,3831455,-0.4975
2024-07-17,TCS,2904.4,2984.63,2863.49,2931.04,2115334,-0.9859
2024-07-18,TCS,3040.22,3065.33,3034.68,3053.65,1079149,4.098
2024-07-19,TCS,2961.99,3015.97,2957.05,2974.78,4571276,-2.6167
2024-07-22,TCS,2968.8,2978.5,2934.9,2978.11,3789014,0.1117
2024-07-23,TCS,2981.91,3029.68,2940.21,2972.81,2507954,-0.1779
2024-07-24,TCS,2961.7,2978.47,2956.19,2961.87,3196354,-0.3686
2024-07-25,TCS,2886.76,2889.02,2847.53,2872.24,2896714,-3.073
2024-07-26,TCS,2873.3,2895.96,2834.75,2871.14,729345,-0.0384
2024-07-29,TCS,2882.88,2934.34,2849.08,2880.3,1642574,0.3186
2024-07-30,TCS,2909.82,2927.64,2898.97,2914.07,1780868,1.1655
2024-07-31,TCS,2966.16,2983.2,2883.05,2937.56,3289541,0.8031
2024-08-01,TCS,2989.94,3006.34,2987.89,2996.28,2403951,1.9792
2024-08-02,TCS,2913.94,2971.15,2884.83,2900.65,2401721,-3.2439
2024-08-05,TCS,2873.54,2915.64,2869.66,2890.63,2943085,-0.346
2024-08-06,TCS,3006.05,3066.77,2989.02,3009.72,4505560,4.0372
2024-08-07,TCS,3092.86,3098.54,3020.15,3062.12,1312374,1.7261
2024-08-08,TCS,3002.88,3029.82,2991.2,2992.63,1011468,-2.2955
2024-08-09,TCS,2976.77,3026.19,2974.46,2997.75,2872516,0.171
2024-08-12,TCS,2933.6,2963.91,2921.52,2948.82,4353082,-1.6459
2024-08-13,TCS,2952.87,2982.24,2927.78,2929.4,4809198,-0.6605
2024-08-14,TCS,3026.89,3048.11,3001.95,3025.55,1996829,3.2295
2024-08-15,TCS,3069.0,3088.39,3054.88,3073.23,2095806,1.5636
2024-08-16,TCS,2988.61,3022.22,2969.35,3000.29,4244884,-2.4019
2024-08-19,TCS,2959.97,3002.34,2910.41,2964.67,1181644,-1.1944
2024-08-20,TCS,2986.57,3014.53,2939.97,2965.6,2130843,0.0313
2024-08-21,TCS,2943.63,2978.15,2942.75,2953.97,2609234,-0.3929
2024-08-22,TCS,2960.77,3020.4,2928.39,2969.7,1831342,0.5312
2024-08-23,TCS,2942.81,2980.77,2927.6,2934.02,2527614,-1.209
2024-08-26,TCS,2902.58,2954.92,2899.14,2917.75,4949055,-0.556
2024-08-27,TCS,2868.68,2894.97,2849.9,2882.15,4627369,-1.2276
2024-08-28,TCS,2866.2,2909.19,2850.51,2866.11,2223288,-0.5582
2024-08-29,TCS,2899.89,2902.03,2892.96,2899.44,2580603,1.1562
2024-08-30,TCS,2902.32,2926.56,2885.0,2914.11,4660671,0.5048
2024-09-02,TCS,2889.28,2913.14,2854.56,2882.46,1594969,-1.0921
2024-09-03,TCS,2939.25,2991.52,2921.29,2936.04,3066304,1.8417
2024-09-04,TCS,2957.86,2989.01,2955.95,2987.33,1510169,1.732
2024-09-05,TCS,2999.84,3026.53,2934.83,2988.18,3353778,0.0282
2024-09-06,TCS,2968.28,2983.89,2929.61,2976.76,655481,-0.3829
2024-09-09,TCS,3075.16,3089.31,3019.53,3062.82,1460358,2.8501
2024-09-10,TCS,3176.22,3201.97,3117.87,3143.53,3836256,2.6011
2024-09-11,TCS,3068.14,3075.21,3032.96,3069.17,3622259,-2.3939
2024-09-12,TCS,3119.23,3181.23,3075.37,3129.32,1705171,1.9409
2024-09-13,TCS,3239.98,3245.35,3194.84,3217.79,1415653,2.7881
2024-09-16,TCS,3239.11,3290.83,3185.25,3252.75,4045769,1.0806
2024-09-17,TCS,3260.07,3270.72,3179.62,3229.51,4910567,-0.7171
2024-09-18,TCS,3205.22,3219.51,3186.81,3212.66,2976454,-0.5231
2024-09-19,TCS,3292.44,3333.36,3270.53,3302.8,3746263,2.767
2024-09-20,TCS,3387.85,3411.26,3335.93,3348.25,3702409,1.3667
2024-09-23,TCS,3384.84,3387.9,3344.74,3378.71,4555838,0.9056
2024-09-24,TCS,3536.7,3541.29,3451.32,3508.25,1414314,3.7625
2024-09-25,TCS,3452.72,3473.84,3413.77,3453.17,3057593,-1.5823
2024-09-26,TCS,3447.52,3503.2,3423.06,3449.2,1197496,-0.1152
2024-09-27,TCS,3410.12,3519.67,3382.14,3460.74,1998182,0.334
2024-09-30,TCS,3467.53,3472.13,3402.29,3450.08,2381685,-0.3085
2024-10-01,TCS,3357.43,3368.96,3316.51,3350.97,4696868,-2.9146
2024-10-02,TCS,3404.35,3429.35,3366.72,3406.25,2105523,1.6362
2024-10-03,TCS,3376.53,3420.43,3325.52,3366.57,617137,-1.1719
2024-10-04,TCS,3327.03,3346.0,3277.25,3326.39,2777658,-1.2006
2024-10-07,TCS,3292.72,3323.01,3251.52,3308.33,2413039,-0.5445
2024-10-08,TCS,3303.13,3341.99,3252.02,3297.15,3867337,-0.3384
2024-10-09,TCS,3288.6,3336.6,3244.78,3291.73,512539,-0.1644
2024-10-10,TCS,3356.28,3389.0,3281.93,3343.89,4589821,1.5719
2024-10-11,TCS,3403.26,3453.6,3353.13,3408.03,3831323,1.9002
2024-10-14,TCS,3386.98,3395.22,3349.96,3394.94,3174395,-0.3849
2024-10-15,TCS,3354.46,3385.67,3294.22,3363.61,4369483,-0.927
2024-10-16,TCS,3342.88,3398.65,3282.68,3357.72,1516376,-0.1755
2024-10-17,TCS,3302.39,3354.15,3279.17,3311.04,2300328,-1.3999
2024-10-18,TCS,3317.68,3330.58,3257.21,3310.53,1829357,-0.0154
2024-10-21,TCS,3249.55,3283.43,3185.69,3261.77,1738331,-1.4838
2024-10-22,TCS,3355.87,3391.0,3341.99,3375.71,4575437,3.4336
2024-10-23,TCS,3397.0,3458.04,3356.78,3383.64,4567353,0.2347
2024-10-24,TCS,3353.34,3375.53,3325.48,3355.66,1443367,-0.8305
2024-10-25,TCS,3407.82,3467.94,3353.33,3394.79,1622840,1.1594
2024-10-28,TCS,3325.85,3388.36,3261.82,3329.52,927168,-1.9413
2024-10-29,TCS,3283.4,3327.44,3263.34,3292.82,1193425,-1.1085
2024-10-30,TCS,3287.31,3373.97,3237.76,3316.22,4645223,0.7081
2024-10-31,TCS,3305.62,3329.5,3254.15,3324.4,1364435,0.2466
2024-11-01,TCS,3366.92,3390.21,3320.04,3381.67,619991,1.708
2024-11-04,TCS,3242.68,3269.06,3200.04,3238.13,4435719,-4.3373
2024-11-05,TCS,3280.0,3327.19,3242.49,3281.78,3870082,1.339
2024-11-06,TCS,3237.67,3317.52,3219.4,3254.35,3704594,-0.8394
2024-11-07,TCS,3150.52,3224.77,3141.87,3194.94,1155226,-1.8424
2024-11-08,TCS,3116.18,3116.64,3088.22,3108.99,585313,-2.727
2024-11-11,TCS,3095.92,3107.16,3068.25,3082.4,3498672,-0.8591
2024-11-12,TCS,3178.02,3205.86,3121.49,3162.77,3000410,2.574
2024-11-13,TCS,3197.66,3257.5,3143.09,3213.16,1338968,1.5806
2024-11-14,TCS,3316.22,3355.12,3288.81,3299.28,2541668,2.645
2024-11-15,TCS,3303.59,3361.47,3250.81,3294.26,4537172,-0.1521
2022-01-03,INFY,1475.41,1489.95,1453.76,1482.48,4681813,-1.1748
2022-01-04,INFY,1501.98,1530.82,1497.89,1506.45,3062272,1.6042
2022-01-05,INFY,1534.94,1563.38,1496.71,1525.92,1997926,1.2839
2022-01-06,INFY,1555.71,1576.25,1525.78,1558.46,1655796,2.1101
2022-01-07,INFY,1525.28,1537.9,1517.38,1530.43,3571799,-1.815
2022-01-10,INFY,1550.26,1572.12,1514.86,1545.24,1031960,0.9627
2022-01-11,INFY,1548.76,1557.88,1532.49,1546.23,2139235,0.0643
2022-01-12,INFY,1498.81,1503.69,1482.5,1483.73,636480,-4.126
2022-01-13,INFY,1503.47,1512.05,1478.7,1495.91,3858737,0.8174
2022-01-14,INFY,1514.38,1543.02,1498.43,1529.59,3966706,2.2264
2022-01-17,INFY,1577.78,1584.9,1544.48,1571.46,3846179,2.7003
2022-01-18,INFY,1576.37,1587.01,1559.81,1570.98,4819129,-0.0301
2022-01-19,INFY,1607.0,1619.71,1569.34,1593.77,2697227,1.4402
2022-01-20,INFY,1607.5,1633.36,1582.21,1609.1,3270871,0.9571
2022-01-21,INFY,1597.63,1625.03,1587.81,1588.92,4391578,-1.2622
2022-01-24,INFY,1562.57,1591.17,1541.54,1565.35,3976816,-1.4943
2022-01-25,INFY,1566.82,1572.87,1549.54,1564.55,2573596,-0.0514
2022-01-26,INFY,1550.53,1584.0,1544.26,1558.76,4273121,-0.3708
2022-01-27,INFY,1550.83,1581.57,1537.9,1561.56,3971905,0.18
2022-01-28,INFY,1557.72,1565.13,1524.39,1550.98,4124414,-0.6801
2022-01-31,INFY,1557.08,1568.79,1535.58,1557.06,2691810,0.3912
2022-02-01,INFY,1519.75,1540.11,1500.68,1529.54,1970417,-1.7829
2022-02-02,INFY,1576.54,1590.26,1567.59,1570.15,4005189,2.62
2022-02-03,INFY,1501.94,1548.5,1481.91,1522.77,510581,-3.0638
2022-02-04,INFY,1514.97,1533.65,1491.99,1521.13,4449493,-0.1078
2022-02-07,INFY,1503.74,1517.99,1475.17,1516.33,3326584,-0.3161
2022-02-08,INFY,1522.37,1544.82,1489.14,1513.29,4229695,-0.2003
2022-02-09,INFY,1488.95,1515.67,1486.57,1492.19,4764120,-1.4047
2022-02-10,INFY,1455.35,1472.01,1427.33,1454.78,3787836,-2.5388
2022-02-11,INFY,1463.4,1477.3,1438.03,1461.17,4493859,0.4386
2022-02-14,INFY,1462.42,1485.0,1456.43,1456.53,3376758,-0.3183
2022-02-15,INFY,1471.62,1472.27,1445.62,1466.52,521396,0.6836
2022-02-16,INFY,1432.1,1448.83,1417.71,1426.38,2197876,-2.775
2022-02-17,INFY,1467.11,1497.03,1449.36,1469.06,4568930,2.9482
2022-02-18,INFY,1473.77,1497.18,1459.21,1467.51,1522233,-0.1057
2022-02-21,INFY,1389.41,1401.66,1369.12,1393.97,548864,-5.1408
2022-02-22,INFY,1396.06,1424.55,1390.85,1398.88,2388274,0.3509
2022-02-23,INFY,1377.45,1393.73,1354.46,1388.11,2891301,-0.7723
2022-02-24,INFY,1373.45,1388.48,1360.05,1362.04,2742109,-1.8965
2022-02-25,INFY,1384.37,1408.67,1383.7,1391.28,4336950,2.1244
2022-02-28,INFY,1423.84,1424.81,1410.14,1413.87,1298170,1.6105
2022-03-01,INFY,1426.36,1429.99,1411.59,1422.54,2372177,0.611
2022-03-02,INFY,1426.25,1441.77,1406.11,1424.83,3182285,0.1609
2022-03-03,INFY,1440.18,1445.39,1423.72,1437.54,3577334,0.8882
2022-03-04,INFY,1392.45,1411.65,1379.21,1399.91,4283016,-2.6525
2022-03-07,INFY,1416.18,1436.17,1380.58,1404.9,1546211,0.3559
2022-03-08,INFY,1432.61,1453.15,1416.58,1435.2,4477661,2.1339
2022-03-09,INFY,1468.64,1494.32,1446.41,1461.24,4865586,1.7981
2022-03-10,INFY,1431.91,1462.26,1419.89,1435.81,4956954,-1.756
2022-03-11,INFY,1430.46,1467.48,1402.47,1440.78,698393,0.3455
2022-03-14,INFY,1427.98,1439.19,1407.09,1413.96,2160852,-1.8787
2022-03-15,INFY,1413.89,1421.62,1409.49,1418.16,3345219,0.297
2022-03-16,INFY,1403.8,1422.53,1386.77,1400.57,1805419,-1.2487
2022-03-17,INFY,1359.52,1405.79,1341.09,1380.42,656476,-1.449
2022-03-18,INFY,1388.77,1410.64,1388.17,1389.26,1687185,0.6388
2022-03-21,INFY,1376.79,1395.98,1349.11,1372.64,688158,-1.2038
2022-03-22,INFY,1355.59,1377.35,1346.96,1354.63,3820498,-1.321
2022-03-23,INFY,1362.49,1374.33,1344.9,1363.16,1716440,0.6278
2022-03-24,INFY,1328.25,1343.0,1323.65,1329.65,3485193,-2.4885
2022-03-25,INFY,1328.55,1333.86,1299.72,1322.79,568369,-0.5174
2022-03-28,INFY,1280.72,1306.38,1271.53,1289.06,4066185,-2.583
2022-03-29,INFY,1258.59,1268.86,1253.89,1260.09,1433006,-2.2735
2022-03-30,INFY,1295.02,1301.95,1285.29,1285.8,1576718,2.0202
2022-03-31,INFY,1267.65,1283.52,1259.82,1277.12,1192772,-0.6778
2022-04-01,INFY,1261.34,1274.91,1251.78,1262.02,870723,-1.1893
2022-04-04,INFY,1273.72,1294.62,1272.83,1280.79,4603607,1.4766
2022-04-05,INFY,1318.84,1340.63,1302.23,1316.86,4718865,2.7772
2022-04-06,INFY,1323.12,1347.37,1310.87,1322.9,686506,0.4578
2022-04-07,INFY,1340.1,1354.78,1326.89,1346.46,1724388,1.7652
2022-04-08,INFY,1334.45,1343.31,1330.73,1334.29,3253132,-0.9078
2022-04-11,INFY,1336.37,1343.88,1325.69,1335.93,3048776,0.1224
2022-04-12,INFY,1332.42,1344.57,1306.63,1336.49,3517436,0.0425
2022-04-13,INFY,1341.48,1363.86,1331.89,1344.28,4580037,0.5805
2022-04-14,INFY,1362.48,1384.11,1340.88,1366.91,4194616,1.6699
2022-04-15,INFY,1318.38,1335.66,1315.11,1333.59,1912573,-2.4682
2022-04-18,INFY,1320.04,1335.16,1310.73,1313.95,2153176,-1.4832
2022-04-19,INFY,1311.34,1333.57,1277.51,1303.55,2019075,-0.795
2022-04-20,INFY,1271.39,1284.16,1254.9,1282.61,1317297,-1.6193
2022-04-21,INFY,1295.8,1319.26,1270.89,1288.02,3056210,0.4207
2022-04-22,INFY,1295.77,1302.42,1282.16,1293.17,1048094,0.3995
2022-04-25,INFY,1287.72,1303.34,1268.11,1294.85,1018823,0.1296
2022-04-26,INFY,1285.06,1296.68,1261.2,1286.4,1141381,-0.6546
2022-04-27,INFY,1311.97,1320.36,1309.82,1316.61,3849924,2.3212
2022-04-28,INFY,1327.97,1330.58,1317.31,1321.87,2858071,0.3983
2022-04-29,INFY,1312.84,1325.24,1290.1,1318.89,1871475,-0.2254
2022-05-02,INFY,1334.8,1334.94,1318.69,1320.78,3185596,0.1431
2022-05-03,INFY,1345.75,1361.29,1328.39,1338.0,3729726,1.2954
2022-05-04,INFY,1335.05,1346.89,1332.83,1343.28,4047908,0.3937
2022-05-05,INFY,1334.93,1337.42,1313.28,1324.08,2572345,-1.4391
2022-05-06,INFY,1369.76,1385.19,1352.57,1364.78,4120069,3.0268
2022-05-09,INFY,1374.91,1392.26,1369.96,1375.95,1947179,0.8153
2022-05-10,INFY,1354.23,1372.1,1347.46,1349.67,4292507,-1.9284
2022-05-11,INFY,1315.09,1328.34,1298.11,1309.03,1364830,-3.057
2022-05-12,INFY,1319.83,1348.28,1306.25,1324.85,1218566,1.201
2022-05-13,INFY,1360.35,1363.74,1334.72,1354.69,3919539,2.2274
2022-05-16,INFY,1362.59,1387.02,1342.81,1365.55,3853903,0.7984
2022-05-17,INFY,1385.88,1397.28,1378.33,1380.26,4449195,1.0716
2022-05-18,INFY,1394.78,1420.95,1382.56,1395.73,827266,1.1144
2022-05-19,INFY,1389.23,1402.81,1365.78,1396.26,4563714,0.0381
2022-05-20,INFY,1361.6,1387.41,1341.11,1357.32,4462505,-2.8285
2022-05-23,INFY,1339.15,1364.96,1316.25,1341.69,3015568,-1.1581
2022-05-24,INFY,1361.4,1366.11,1334.48,1360.34,2864113,1.3808
2022-05-25,INFY,1377.19,1389.17,1365.19,1374.38,1182152,1.0263
2022-05-26,INFY,1380.29,1387.0,1366.58,1370.23,3386882,-0.3026
2022-05-27,INFY,1354.96,1361.78,1352.69,1357.92,3956422,-0.9019
2022-05-30,INFY,1356.57,1372.92,1353.14,1362.35,3289043,0.3256
2022-05-31,INFY,1365.98,1380.6,1336.34,1354.83,1500925,-0.5533
2022-06-01,INFY,1353.43,1364.3,1350.17,1353.41,3010904,-0.1052
2022-06-02,INFY,1353.16,1365.86,1327.39,1356.86,1228408,0.2548
2022-06-03,INFY,1341.88,1350.68,1321.8,1339.46,2855074,-1.2913
2022-06-06,INFY,1355.87,1362.58,1329.96,1358.2,4462386,1.3901
2022-06-07,INFY,1353.0,1360.85,1337.75,1354.81,4649481,-0.25
2022-06-08,INFY,1384.08,1398.74,1360.97,1366.5,3737105,0.8589
2022-06-09,INFY,1361.63,1372.74,1357.05,1368.39,2067678,0.1379
2022-06-10,INFY,1395.06,1428.47,1373.63,1405.16,2053498,2.6519
2022-06-13,INFY,1427.31,1448.32,1418.61,1418.61,4004574,0.9529
2022-06-14,INFY,1426.2,1457.17,1401.23,1428.91,562550,0.7229
2022-06-15,INFY,1440.68,1449.81,1437.54,1438.38,2128794,0.6612
2022-06-16,INFY,1495.46,1500.92,1472.68,1490.7,2996389,3.5728
2022-06-17,INFY,1477.0,1492.28,1465.51,1490.03,706504,-0.045
2022-06-20,INFY,1503.16,1513.68,1476.36,1494.64,4115725,0.3086
2022-06-21,INFY,1493.55,1525.34,1470.19,1497.75,2201027,0.2082
2022-06-22,INFY,1462.71,1480.01,1445.71,1448.96,4252779,-3.3122
2022-06-23,INFY,1445.91,1479.52,1418.54,1451.69,1178989,0.1881
2022-06-24,INFY,1488.99,1516.21,1459.82,1477.43,667588,1.7577
2022-06-27,INFY,1503.88,1515.3,1479.47,1490.86,2482628,0.9051
2022-06-28,INFY,1526.37,1543.51,1496.48,1530.11,4830928,2.5988
2022-06-29,INFY,1549.67,1560.44,1524.52,1551.15,869026,1.3655
2022-06-30,INFY,1562.46,1588.13,1557.39,1564.91,1072269,0.8835
2022-07-01,INFY,1601.29,1619.53,1586.4,1589.22,4034512,1.541
2022-07-04,INFY,1601.02,1603.05,1570.06,1599.58,1010110,0.6501
2022-07-05,INFY,1596.69,1626.03,1573.82,1592.45,3158841,-0.4471
2022-07-06,INFY,1588.31,1614.42,1573.59,1589.45,687602,-0.1885
2022-07-07,INFY,1530.41,1558.96,1524.44,1526.8,670369,-4.0212
2022-07-08,INFY,1573.45,1581.3,1552.24,1569.24,2247430,2.7416
2022-07-11,INFY,1559.76,1587.99,1551.29,1564.43,3404844,-0.3071
2022-07-12,INFY,1551.01,1570.67,1531.45,1537.38,3178058,-1.7439
2022-07-13,INFY,1526.74,1532.06,1514.8,1528.3,4795871,-0.5927
2022-07-14,INFY,1583.22,1591.44,1573.99,1575.11,745692,3.0172
2022-07-15,INFY,1567.56,1583.56,1548.81,1577.51,784820,0.1521
2022-07-18,INFY,1590.31,1595.19,1565.2,1584.89,3988319,0.4668
2022-07-19,INFY,1651.35,1672.79,1619.77,1642.6,2105210,3.5765
2022-07-20,INFY,1668.81,1697.72,1665.83,1666.6,1457064,1.4502
2022-07-21,INFY,1667.87,1700.83,1653.12,1658.95,4526442,-0.4599
2022-07-22,INFY,1606.48,1619.11,1581.66,1612.18,1925837,-2.8597
2022-07-25,INFY,1634.13,1656.16,1611.54,1630.28,650474,1.1163
2022-07-26,INFY,1599.81,1614.6,1599.52,1612.07,575272,-1.123
2022-07-27,INFY,1631.96,1639.76,1606.92,1630.75,4633676,1.1519
2022-07-28,INFY,1623.44,1657.52,1609.91,1629.9,1217595,-0.052
2022-07-29,INFY,1641.19,1672.67,1632.56,1641.76,4949362,0.7249
2022-08-01,INFY,1678.95,1711.55,1642.3,1667.45,1392121,1.5529
2022-08-02,INFY,1633.71,1648.88,1607.96,1619.63,2254890,-2.9097
2022-08-03,INFY,1613.26,1647.56,1598.62,1623.67,783318,0.2488
2022-08-04,INFY,1633.76,1645.83,1595.7,1623.65,2592476,-0.0009
2022-08-05,INFY,1643.53,1666.57,1627.22,1632.11,4829175,0.5195
2022-08-08,INFY,1649.33,1654.35,1628.03,1646.66,4946767,0.8875
2022-08-09,INFY,1662.63,1666.69,1647.98,1651.42,2178308,0.2884
2022-08-10,INFY,1630.43,1665.96,1598.54,1633.82,769550,-1.0713
2022-08-11,INFY,1599.11,1613.22,1589.14,1603.23,3612005,-1.89
2022-08-12,INFY,1557.03,1589.01,1528.68,1561.0,1931625,-2.6691
2022-08-15,INFY,1570.24,1570.95,1553.17,1564.65,4409523,0.2334
2022-08-16,INFY,1578.43,1605.46,1551.72,1579.2,785602,0.9254
2022-08-17,INFY,1564.89,1599.94,1540.96,1570.51,935302,-0.5514
2022-08-18,INFY,1588.01,1593.82,1580.62,1593.33,3858492,1.4423
2022-08-19,INFY,1590.72,1603.1,1570.13,1590.71,3425924,-0.1646
2022-08-22,INFY,1582.12,1614.56,1574.74,1588.87,3430429,-0.1156
2022-08-23,INFY,1556.14,1556.28,1550.37,1550.96,2960505,-2.415
2022-08-24,INFY,1548.98,1558.42,1530.52,1539.78,4385523,-0.7237
2022-08-25,INFY,1572.15,1580.27,1542.3,1564.53,3531323,1.5952
2022-08-26,INFY,1625.96,1630.31,1596.91,1602.63,1356148,2.4058
2022-08-29,INFY,1601.22,1604.03,1577.87,1597.93,4112224,-0.2935
2022-08-30,INFY,1635.9,1644.05,1597.33,1622.15,2952972,1.5041
2022-08-31,INFY,1663.65,1670.31,1651.81,1662.13,1314118,2.4345
2022-09-01,INFY,1634.06,1668.23,1630.73,1636.34,3708573,-1.5635
2022-09-02,INFY,1646.67,1647.4,1626.05,1645.69,3547108,0.5697
2022-09-05,INFY,1652.89,1657.17,1647.18,1651.52,1768334,0.3536
2022-09-06,INFY,1681.44,1709.64,1681.35,1682.48,1335365,1.8575
2022-09-07,INFY,1650.28,1684.57,1645.97,1659.26,4503496,-1.3897
2022-09-08,INFY,1660.52,1684.32,1651.66,1668.69,4356201,0.5667
2022-09-09,INFY,1671.29,1684.17,1639.36,1661.88,1390477,-0.4091
2022-09-12,INFY,1681.41,1693.06,1663.29,1674.43,3600660,0.7525
2022-09-13,INFY,1725.28,1758.87,1678.66,1710.07,1031924,2.1064
2022-09-14,INFY,1750.65,1784.51,1724.66,1754.09,4602747,2.5414
2022-09-15,INFY,1787.34,1801.08,1752.05,1791.7,1764427,2.1213
2022-09-16,INFY,1752.19,1778.57,1728.88,1762.32,1272877,-1.6534
2022-09-19,INFY,1757.96,1784.19,1747.98,1748.73,4089488,-0.774
2022-09-20,INFY,1771.5,1808.79,1766.23,1779.44,4821050,1.7408
2022-09-21,INFY,1798.09,1802.76,1788.4,1798.37,3713778,1.0582
2022-09-22,INFY,1793.7,1827.99,1765.7,1790.89,4535251,-0.4166
2022-09-23,INFY,1749.95,1792.64,1727.36,1763.74,4510235,-1.528
2022-09-26,INFY,1657.31,1674.0,1644.12,1650.9,1823546,-6.6115
2022-09-27,INFY,1615.36,1631.53,1584.8,1607.24,3275551,-2.6801
2022-09-28,INFY,1601.61,1617.85,1590.47,1599.39,3602325,-0.4893
2022-09-29,INFY,1591.31,1617.97,1570.03,1592.0,4631756,-0.4635
2022-09-30,INFY,1603.38,1621.17,1593.42,1603.64,2932429,0.7288
2022-10-03,INFY,1631.96,1658.48,1613.8,1620.62,2944416,1.0528
2022-10-04,INFY,1685.02,1714.12,1667.9,1684.57,4176531,3.8703
2022-10-05,INFY,1663.0,1686.53,1630.38,1663.17,4632563,-1.2787
2022-10-06,INFY,1603.86,1610.89,1583.12,1609.39,790606,-3.287
2022-10-07,INFY,1562.47,1598.84,1551.48,1584.65,4415817,-1.5491
2022-10-10,INFY,1639.9,1648.28,1614.04,1630.96,2260907,2.8804
2022-10-11,INFY,1631.78,1633.22,1617.46,1631.8,2630488,0.0519
2022-10-12,INFY,1653.36,1682.17,1652.32,1660.63,2443008,1.751
2022-10-13,INFY,1662.67,1679.72,1623.12,1645.31,529121,-0.9269
2022-10-14,INFY,1635.42,1637.41,1625.12,1631.83,3079145,-0.8224
2022-10-17,INFY,1583.81,1605.16,1566.88,1585.44,4935937,-2.8841
2022-10-18,INFY,1585.05,1591.08,1574.79,1577.02,3725381,-0.5323
2022-10-19,INFY,1580.69,1610.32,1552.85,1577.79,2736920,0.0485
2022-10-20,INFY,1604.5,1626.87,1601.15,1601.71,603309,1.5048
2022-10-21,INFY,1612.62,1617.67,1602.25,1617.54,3834269,0.9838
2022-10-24,INFY,1679.45,1708.72,1660.79,1673.62,3508500,3.4081
2022-10-25,INFY,1677.6,1679.79,1643.96,1669.75,2535263,-0.2315
2022-10-26,INFY,1672.09,1677.54,1639.54,1677.15,2143546,0.4423
2022-10-27,INFY,1661.32,1690.47,1654.96,1677.21,2129357,0.0035
2022-10-28,INFY,1665.88,1671.07,1653.39,1658.01,1467962,-1.1517
2022-10-31,INFY,1675.34,1702.75,1649.33,1670.09,2112030,0.7264
2022-11-01,INFY,1669.78,1701.33,1655.56,1662.78,1227125,-0.4387
2022-11-02,INFY,1711.38,1738.19,1710.15,1710.98,2098935,2.8574
2022-11-03,INFY,1696.81,1709.3,1680.85,1688.68,4708031,-1.312
2022-11-04,INFY,1673.97,1689.27,1666.12,1679.46,3107455,-0.5477
2022-11-07,INFY,1643.28,1656.08,1625.15,1644.81,3115440,-2.0844
2022-11-08,INFY,1646.13,1657.66,1631.32,1654.8,4134993,0.6052
2022-11-09,INFY,1627.72,1657.14,1607.56,1618.36,4446857,-2.2268
2022-11-10,INFY,1618.24,1626.52,1608.88,1618.62,3060706,0.0162
2022-11-11,INFY,1589.09,1597.04,1578.74,1587.25,2126555,-1.9572
2022-11-14,INFY,1564.78,1587.18,1534.48,1561.39,2866971,-1.6422
2022-11-15,INFY,1539.85,1560.73,1525.65,1541.68,4407112,-1.2704
2022-11-16,INFY,1567.81,1597.88,1534.69,1561.39,1879859,1.2702
2022-11-17,INFY,1572.28,1603.13,1528.3,1559.35,4913998,-0.1308
2022-11-18,INFY,1564.19,1577.25,1541.14,1556.57,2582689,-0.1787
2022-11-21,INFY,1558.45,1600.95,1529.51,1571.99,3778027,0.9861
2022-11-22,INFY,1555.77,1585.49,1549.49,1554.92,1309083,-1.0921
2022-11-23,INFY,1505.43,1531.21,1494.95,1504.27,4932102,-3.3118
2022-11-24,INFY,1486.04,1513.76,1457.4,1476.87,3851049,-1.8382
2022-11-25,INFY,1466.11,1487.79,1459.13,1470.15,4527684,-0.4561
2022-11-28,INFY,1461.72,1472.72,1444.42,1469.36,4024298,-0.0532
2022-11-29,INFY,1490.03,1515.65,1457.16,1483.83,2437665,0.9799
2022-11-30,INFY,1480.48,1489.73,1451.65,1480.62,1573238,-0.2169
2022-12-01,INFY,1502.19,1534.77,1486.12,1506.89,4102643,1.7588
2022-12-02,INFY,1514.66,1532.38,1492.34,1516.63,3051536,0.6446
2022-12-05,INFY,1470.75,1495.71,1453.01,1481.2,1593350,-2.3638
2022-12-06,INFY,1420.06,1443.67,1406.94,1418.86,1781589,-4.3004
2022-12-07,INFY,1393.06,1406.02,1383.13,1395.18,1352016,-1.6826
2022-12-08,INFY,1402.6,1405.58,1381.69,1398.88,4898299,0.2643
2022-12-09,INFY,1406.71,1430.22,1396.98,1408.15,3665608,0.6608
2022-12-12,INFY,1406.3,1414.47,1384.99,1406.05,1844766,-0.1493
2022-12-13,INFY,1406.14,1433.19,1402.59,1409.35,1473412,0.2344
2022-12-14,INFY,1439.94,1468.19,1419.25,1441.78,4388224,2.2749
2022-12-15,INFY,1434.41,1453.86,1419.74,1442.55,3746513,0.0538
2022-12-16,INFY,1459.09,1478.65,1449.22,1451.6,3651444,0.6248
2022-12-19,INFY,1491.67,1492.51,1466.62,1491.98,794193,2.7441
2022-12-20,INFY,1432.78,1470.15,1417.02,1447.17,4845212,-3.0493
2022-12-21,INFY,1478.48,1503.99,1456.75,1490.3,2477013,2.9365
2022-12-22,INFY,1434.68,1442.27,1423.75,1427.28,3737597,-4.3205
2022-12-23,INFY,1407.5,1432.44,1403.13,1407.8,1313333,-1.3742
2022-12-26,INFY,1394.76,1406.32,1370.25,1394.9,3241268,-0.9205
2022-12-27,INFY,1357.09,1379.46,1344.42,1357.11,914519,-2.7466
2022-12-28,INFY,1357.02,1368.43,1345.71,1353.72,2572014,-0.2503
2022-12-29,INFY,1363.3,1389.19,1338.91,1352.95,1559912,-0.057
2022-12-30,INFY,1373.54,1391.95,1360.3,1370.49,2620106,1.2881
2023-01-02,INFY,1389.62,1408.17,1360.47,1387.49,4412924,1.2333
2023-01-03,INFY,1388.03,1395.46,1382.57,1392.01,505592,0.325
2023-01-04,INFY,1408.21,1440.37,1393.28,1419.15,2574352,1.9313
2023-01-05,INFY,1438.64,1453.6,1425.69,1435.23,4986134,1.1264
2023-01-06,INFY,1431.72,1452.29,1423.04,1427.75,4876819,-0.5224
2023-01-09,INFY,1438.94,1463.91,1411.57,1431.07,3054317,0.2324
2023-01-10,INFY,1428.24,1448.33,1412.24,1416.12,3491166,-1.0507
2023-01-11,INFY,1379.29,1401.19,1371.72,1387.34,3141349,-2.0533
2023-01-12,INFY,1393.59,1421.71,1380.01,1397.88,2555256,0.7575
2023-01-13,INFY,1367.68,1387.87,1351.57,1363.12,1312000,-2.5181
2023-01-16,INFY,1359.2,1379.99,1334.44,1359.19,4137773,-0.2887
2023-01-17,INFY,1316.95,1340.96,1290.49,1307.51,2443983,-3.8766
2023-01-18,INFY,1308.22,1313.1,1306.4,1309.48,4429543,0.1507
2023-01-19,INFY,1306.73,1319.77,1290.08,1293.79,1485879,-1.2059
2023-01-20,INFY,1307.1,1310.34,1291.42,1306.74,1381824,0.9959
2023-01-23,INFY,1312.79,1332.48,1296.32,1302.2,1484706,-0.3482
2023-01-24,INFY,1284.12,1310.99,1279.1,1299.76,3431949,-0.1869
2023-01-25,INFY,1304.47,1323.27,1275.61,1301.31,2963931,0.1187
2023-01-26,INFY,1288.39,1291.52,1269.96,1288.24,3456459,-1.0095
2023-01-27,INFY,1262.91,1292.1,1255.27,1276.27,1584031,-0.9331
2023-01-30,INFY,1264.33,1267.28,1263.63,1264.43,2117975,-0.9324
2023-01-31,INFY,1254.31,1271.03,1234.36,1262.12,3499695,-0.1828
2023-02-01,INFY,1247.35,1264.0,1232.95,1250.6,2764272,-0.9168
2023-02-02,INFY,1262.52,1279.98,1252.74,1260.59,2194862,0.7958
2023-02-03,INFY,1222.85,1235.86,1209.95,1223.6,1953840,-2.9786
2023-02-06,INFY,1195.29,1212.76,1171.77,1193.17,2195133,-2.5185
2023-02-07,INFY,1233.43,1237.72,1230.9,1232.46,1751656,3.2406
2023-02-08,INFY,1238.18,1254.07,1205.85,1223.77,3659925,-0.708
2023-02-09,INFY,1204.76,1214.06,1182.44,1203.2,1233901,-1.695
2023-02-10,INFY,1203.72,1207.43,1190.52,1203.04,3518251,-0.0133
2023-02-13,INFY,1221.76,1242.62,1195.77,1219.2,844374,1.3341
2023-02-14,INFY,1232.76,1256.99,1227.05,1232.93,2316538,1.1197
2023-02-15,INFY,1208.06,1223.54,1190.64,1217.71,2747601,-1.2419
2023-02-16,INFY,1211.68,1215.5,1197.24,1207.5,4685389,-0.8415
2023-02-17,INFY,1208.78,1227.27,1191.93,1201.03,3477359,-0.5373
2023-02-20,INFY,1217.16,1241.28,1192.4,1207.77,1977126,0.5593
2023-02-21,INFY,1213.23,1223.39,1194.33,1209.07,2160764,0.1073
2023-02-22,INFY,1189.12,1209.56,1180.39,1190.72,3732665,-1.5289
2023-02-23,INFY,1182.36,1185.84,1171.94,1180.81,4403689,-0.8362
2023-02-24,INFY,1186.35,1191.76,1164.56,1175.85,4071599,-0.421
2023-02-27,INFY,1204.86,1209.61,1180.93,1206.21,4551046,2.5495
2023-02-28,INFY,1195.76,1218.96,1176.66,1202.94,1482193,-0.2715
2023-03-01,INFY,1286.98,1302.11,1263.6,1272.92,2716098,5.6548
2023-03-02,INFY,1261.04,1284.27,1251.88,1267.49,2633906,-0.4277
2023-03-03,INFY,1222.42,1236.27,1200.5,1232.11,2386696,-2.8313
2023-03-06,INFY,1241.83,1243.85,1220.53,1239.86,594336,0.6271
2023-03-07,INFY,1265.09,1278.6,1246.0,1262.51,1502015,1.8102
2023-03-08,INFY,1276.04,1289.56,1254.94,1273.13,1985426,0.8377
2023-03-09,INFY,1283.38,1294.2,1276.32,1277.77,2347863,0.3644
2023-03-10,INFY,1268.91,1287.28,1266.55,1269.93,1714894,-0.6155
2023-03-13,INFY,1263.24,1274.76,1255.26,1264.17,2096326,-0.4546
2023-03-14,INFY,1212.01,1236.32,1200.56,1215.49,3971670,-3.9267
2023-03-15,INFY,1234.59,1253.79,1216.2,1233.75,1970566,1.4904
2023-03-16,INFY,1229.51,1237.77,1207.01,1226.19,1493262,-0.6146
2023-03-17,INFY,1256.36,1278.83,1228.56,1250.69,2599269,1.9788
2023-03-20,INFY,1234.23,1251.99,1227.54,1239.79,614460,-0.8754
2023-03-21,INFY,1231.32,1250.54,1212.9,1239.04,1522461,-0.0609
2023-03-22,INFY,1271.61,1289.95,1240.82,1266.01,606439,2.1536
2023-03-23,INFY,1292.05,1320.26,1286.67,1295.48,805182,2.301
2023-03-24,INFY,1308.06,1315.41,1306.23,1314.53,3936713,1.4601
2023-03-27,INFY,1261.98,1278.22,1239.35,1273.76,609549,-3.1509
2023-03-28,INFY,1255.55,1275.77,1243.41,1246.78,1145169,-2.141
2023-03-29,INFY,1263.85,1275.01,1243.94,1262.11,1295999,1.2219
2023-03-30,INFY,1250.99,1272.47,1237.92,1247.58,3398178,-1.1573
2023-03-31,INFY,1252.26,1261.06,1240.64,1249.52,1989383,0.1554
2023-04-03,INFY,1255.65,1280.14,1230.72,1254.31,1407027,0.3826
2023-04-04,INFY,1260.02,1265.61,1251.17,1260.17,3802822,0.4655
2023-04-05,INFY,1237.69,1261.62,1227.6,1238.12,1497301,-1.7648
2023-04-06,INFY,1254.06,1280.12,1253.67,1260.22,4719753,1.7689
2023-04-07,INFY,1238.38,1273.75,1233.83,1249.41,4128960,-0.8616
2023-04-10,INFY,1276.55,1280.68,1253.25,1262.38,4475431,1.0328
2023-04-11,INFY,1258.56,1267.45,1241.56,1258.32,3569173,-0.3222
2023-04-12,INFY,1297.63,1305.61,1295.97,1300.47,1744804,3.2955
2023-04-13,INFY,1327.96,1355.42,1318.67,1333.3,3445339,2.4925
2023-04-14,INFY,1390.17,1397.63,1372.81,1382.91,3898734,3.6537
2023-04-17,INFY,1423.77,1438.75,1400.24,1422.75,4679037,2.8398
2023-04-18,INFY,1413.8,1425.42,1406.02,1419.93,731139,-0.1983
2023-04-19,INFY,1405.38,1427.43,1380.31,1407.52,4415933,-0.8777
2023-04-20,INFY,1383.17,1403.73,1354.95,1381.03,4152153,-1.9002
2023-04-21,INFY,1385.02,1390.9,1378.89,1387.71,4310718,0.4826
2023-04-24,INFY,1394.36,1413.48,1378.2,1388.7,1402197,0.0714
2023-04-25,INFY,1402.84,1407.48,1367.74,1388.1,1112578,-0.0431
2023-04-26,INFY,1366.19,1395.21,1358.85,1369.08,3474553,-1.3794
2023-04-27,INFY,1375.96,1402.17,1353.23,1377.92,1246897,0.6437
2023-04-28,INFY,1363.73,1374.94,1337.17,1369.42,1336443,-0.6192
2023-05-01,INFY,1357.59,1367.88,1340.45,1358.64,4919397,-0.7903
2023-05-02,INFY,1349.48,1379.08,1345.12,1362.84,4594241,0.3086
2023-05-03,INFY,1368.93,1391.02,1361.39,1361.44,3094368,-0.1024
2023-05-04,INFY,1320.36,1354.31,1309.54,1329.23,3415277,-2.3945
2023-05-05,INFY,1306.65,1322.94,1300.72,1311.94,2972290,-1.3091
2023-05-08,INFY,1324.83,1337.78,1303.77,1324.27,3843355,0.9354
2023-05-09,INFY,1332.71,1336.88,1311.16,1323.59,2775623,-0.0511
2023-05-10,INFY,1275.51,1289.94,1259.38,1280.98,3248378,-3.2723
2023-05-11,INFY,1295.47,1322.41,1279.76,1296.68,3811081,1.218
2023-05-12,INFY,1297.88,1322.22,1295.04,1295.98,4073615,-0.054
2023-05-15,INFY,1268.9,1283.72,1250.94,1273.18,3175943,-1.7749
2023-05-16,INFY,1258.4,1264.79,1237.62,1259.16,3834857,-1.1072
2023-05-17,INFY,1253.04,1277.56,1241.23,1263.08,1174509,0.3109
2023-05-18,INFY,1213.69,1227.2,1199.56,1216.9,728478,-3.7247
2023-05-19,INFY,1233.54,1252.11,1222.47,1226.0,961051,0.7449
2023-05-22,INFY,1252.2,1267.97,1230.68,1247.11,3849028,1.7075
2023-05-23,INFY,1263.71,1283.26,1239.96,1266.52,1862724,1.544
2023-05-24,INFY,1285.46,1301.67,1267.15,1292.0,4052344,1.9922
2023-05-25,INFY,1274.01,1291.11,1273.64,1275.37,4415216,-1.2959
2023-05-26,INFY,1288.87,1316.28,1280.89,1298.37,3657293,1.7878
2023-05-29,INFY,1303.51,1321.7,1278.64,1304.79,2310021,0.4929
2023-05-30,INFY,1284.14,1304.68,1266.98,1286.78,979716,-1.39
2023-05-31,INFY,1294.52,1320.52,1286.12,1297.42,4425247,0.8236
2023-06-01,INFY,1306.55,1314.49,1290.86,1307.47,2013863,0.7719
2023-06-02,INFY,1346.17,1350.38,1338.18,1342.57,3077478,2.6489
2023-06-05,INFY,1363.47,1371.53,1338.25,1370.58,3758663,2.0652
2023-06-06,INFY,1361.48,1380.54,1344.43,1354.99,4682829,-1.144
2023-06-07,INFY,1370.94,1380.14,1358.03,1363.27,2839226,0.6091
2023-06-08,INFY,1386.44,1400.46,1369.3,1371.35,4479972,0.5909
2023-06-09,INFY,1379.68,1381.7,1376.67,1377.64,3764136,0.4572
2023-06-12,INFY,1381.02,1406.63,1353.24,1370.93,2191848,-0.4882
2023-06-13,INFY,1419.76,1436.47,1393.61,1412.86,2070111,3.013
2023-06-14,INFY,1399.72,1403.22,1379.98,1398.39,2980181,-1.0293
2023-06-15,INFY,1430.25,1450.7,1421.26,1439.01,3720313,2.8629
2023-06-16,INFY,1411.28,1420.11,1382.72,1404.99,3693729,-2.3922
2023-06-19,INFY,1398.0,1422.23,1372.87,1396.33,3822339,-0.6184
2023-06-20,INFY,1427.67,1452.69,1397.95,1415.02,705447,1.3298
2023-06-21,INFY,1395.48,1417.54,1373.22,1390.34,2400392,-1.7598
2023-06-22,INFY,1380.74,1391.45,1368.2,1373.48,1219564,-1.2195
2023-06-23,INFY,1382.44,1412.6,1358.71,1386.45,655741,0.9394
2023-06-26,INFY,1348.35,1355.78,1344.43,1346.71,3785208,-2.9083
2023-06-27,INFY,1359.45,1390.81,1337.63,1372.65,4943669,1.9081
2023-06-28,INFY,1411.92,1426.7,1396.22,1408.01,4615432,2.5436
2023-06-29,INFY,1454.14,1466.87,1442.5,1445.34,4430909,2.6165
2023-06-30,INFY,1463.92,1469.43,1452.01,1453.8,1866415,0.5834
2023-07-03,INFY,1441.13,1450.62,1412.64,1443.7,1211794,-0.6973
2023-07-04,INFY,1422.24,1458.85,1406.06,1435.26,2273067,-0.5861
2023-07-05,INFY,1438.84,1462.02,1426.05,1442.72,2487198,0.5185
2023-07-06,INFY,1445.77,1473.27,1419.01,1446.34,4434910,0.2503
2023-07-07,INFY,1440.39,1460.01,1424.14,1437.45,1943970,-0.6164
2023-07-10,INFY,1462.13,1478.92,1437.37,1477.12,1697828,2.7227
2023-07-11,INFY,1470.63,1474.82,1445.52,1471.4,4911533,-0.3885
2023-07-12,INFY,1500.42,1530.07,1477.91,1508.24,4667368,2.4734
2023-07-13,INFY,1522.19,1529.83,1508.39,1511.26,3719883,0.1999
2023-07-14,INFY,1495.03,1520.21,1466.48,1512.69,1134977,0.0944
2023-07-17,INFY,1534.26,1546.72,1507.37,1526.53,3033683,0.9107
2023-07-18,INFY,1538.92,1563.11,1526.35,1540.15,1634410,0.8886
2023-07-19,INFY,1521.1,1556.47,1497.79,1536.83,1196152,-0.2157
2023-07-20,INFY,1565.14,1571.22,1549.83,1552.12,659473,0.99
2023-07-21,INFY,1581.45,1609.79,1565.23,1570.84,1937566,1.1988
2023-07-24,INFY,1626.2,1657.82,1594.2,1616.1,920736,2.8405
2023-07-25,INFY,1619.3,1644.95,1598.17,1618.55,907904,0.1512
2023-07-26,INFY,1592.32,1603.85,1575.62,1597.68,1647949,-1.2974
2023-07-27,INFY,1580.37,1605.46,1558.54,1579.86,2640326,-1.122
2023-07-28,INFY,1649.74,1666.95,1613.99,1645.25,3448151,4.0555
2023-07-31,INFY,1589.66,1594.89,1585.51,1593.98,4408334,-3.1656
2023-08-01,INFY,1555.83,1583.39,1545.16,1562.53,1403906,-1.9929
2023-08-02,INFY,1567.54,1598.17,1554.51,1563.69,4027167,0.0741
2023-08-03,INFY,1549.4,1562.77,1518.93,1547.88,4726883,-1.0157
2023-08-04,INFY,1577.32,1579.32,1564.17,1570.05,3961299,1.4221
2023-08-07,INFY,1602.28,1609.67,1578.48,1590.17,2068993,1.2734
2023-08-08,INFY,1583.01,1600.69,1547.7,1576.26,1911009,-0.8789
2023-08-09,INFY,1608.24,1643.15,1586.69,1617.56,2833976,2.5864
2023-08-10,INFY,1587.87,1593.87,1586.89,1587.98,4227045,-1.8457
2023-08-11,INFY,1571.71,1578.6,1538.55,1568.67,3492311,-1.2233
2023-08-14,INFY,1618.17,1648.02,1609.71,1611.65,2527924,2.7032
2023-08-15,INFY,1583.52,1611.44,1560.3,1576.75,1113578,-2.1892
2023-08-16,INFY,1586.09,1615.61,1578.41,1586.55,3504709,0.6197
2023-08-17,INFY,1625.91,1635.64,1605.37,1629.91,3594670,2.696
2023-08-18,INFY,1567.79,1597.04,1551.08,1559.92,2763537,-4.3887
2023-08-21,INFY,1554.39,1564.96,1526.09,1551.46,1042547,-0.5441
2023-08-22,INFY,1579.35,1595.67,1559.3,1577.13,2494139,1.6409
2023-08-23,INFY,1564.84,1584.71,1555.05,1570.38,4218269,-0.4291
2023-08-24,INFY,1588.94,1620.02,1545.21,1572.43,4792173,0.1308
2023-08-25,INFY,1579.9,1588.2,1553.41,1577.94,2696348,0.3497
2023-08-28,INFY,1586.14,1617.22,1570.49,1586.83,4316063,0.5617
2023-08-29,INFY,1567.66,1597.73,1550.32,1565.71,902277,-1.34
2023-08-30,INFY,1585.67,1615.82,1570.83,1586.71,801757,1.3326
2023-08-31,INFY,1583.81,1605.47,1566.7,1594.08,3684362,0.4635
2023-09-01,INFY,1566.13,1577.88,1536.95,1563.79,4870441,-1.9183
2023-09-04,INFY,1540.66,1558.26,1538.39,1551.93,844605,-0.7616
2023-09-05,INFY,1516.33,1530.75,1503.77,1515.54,1164205,-2.3724
2023-09-06,INFY,1509.4,1529.09,1486.75,1521.52,4885419,0.3935
2023-09-07,INFY,1518.19,1553.97,1488.92,1534.72,4810049,0.8641
2023-09-08,INFY,1545.45,1572.27,1536.01,1540.73,2541294,0.3907
2023-09-11,INFY,1547.08,1585.21,1545.74,1555.67,694703,0.9647
2023-09-12,INFY,1563.05,1576.74,1534.56,1559.67,2223118,0.2569
2023-09-13,INFY,1581.82,1595.47,1549.81,1580.48,3526372,1.3256
2023-09-14,INFY,1578.68,1594.93,1554.97,1577.52,1915600,-0.1874
2023-09-15,INFY,1591.93,1626.05,1574.29,1596.93,1989792,1.2231
2023-09-18,INFY,1561.85,1565.33,1554.56,1562.87,2524627,-2.156
2023-09-19,INFY,1521.64,1536.0,1492.47,1526.65,2536471,-2.3453
2023-09-20,INFY,1536.58,1542.64,1507.26,1529.35,4015237,0.1772
2023-09-21,INFY,1543.98,1571.71,1522.55,1547.72,2746020,1.1936
2023-09-22,INFY,1539.0,1552.57,1511.85,1540.91,2840700,-0.4405
2023-09-25,INFY,1563.99,1594.15,1530.9,1558.19,2330220,1.1148
2023-09-26,INFY,1562.02,1597.57,1559.5,1566.89,3394921,0.5568
2023-09-27,INFY,1500.15,1540.37,1499.55,1513.71,3639190,-3.453
2023-09-28,INFY,1566.81,1591.2,1559.83,1575.16,758260,3.9797
2023-09-29,INFY,1550.42,1579.29,1514.2,1542.28,685128,-2.1098
2023-10-02,INFY,1518.79,1530.24,1501.96,1518.16,4332556,-1.576
2023-10-03,INFY,1550.85,1563.03,1528.53,1548.59,717887,1.9843
2023-10-04,INFY,1551.86,1566.54,1538.85,1549.57,2877814,0.0636
2023-10-05,INFY,1543.62,1565.14,1516.94,1529.94,4261202,-1.2753
2023-10-06,INFY,1502.47,1520.15,1493.46,1518.23,2857521,-0.7683
2023-10-09,INFY,1495.16,1512.16,1467.04,1496.12,899741,-1.4668
2023-10-10,INFY,1476.57,1505.09,1464.18,1476.35,1635579,-1.3305
2023-10-11,INFY,1496.59,1498.75,1471.57,1496.74,1205394,1.3718
2023-10-12,INFY,1490.5,1493.07,1479.95,1484.56,847758,-0.8168
2023-10-13,INFY,1464.29,1491.93,1449.03,1458.28,2082611,-1.7863
2023-10-16,INFY,1438.43,1463.93,1433.21,1439.99,2012291,-1.262
2023-10-17,INFY,1424.49,1436.64,1416.13,1436.62,3446388,-0.2341
2023-10-18,INFY,1436.67,1449.64,1399.93,1418.87,4183222,-1.2434
2023-10-19,INFY,1411.84,1420.62,1407.85,1411.88,3097710,-0.4936
2023-10-20,INFY,1421.31,1426.08,1405.46,1420.69,2961664,0.6218
2023-10-23,INFY,1418.45,1419.93,1409.46,1409.55,4114977,-0.7874
2023-10-24,INFY,1386.78,1396.46,1359.52,1389.51,1686274,-1.4315
2023-10-25,INFY,1382.44,1400.48,1372.59,1373.56,2649375,-1.1546
2023-10-26,INFY,1404.72,1415.43,1383.53,1406.88,3168919,2.3966
2023-10-27,INFY,1473.67,1482.73,1434.92,1460.31,4127861,3.7274
2023-10-30,INFY,1465.22,1472.92,1432.77,1461.89,2080841,0.1084
2023-10-31,INFY,1475.47,1483.34,1456.28,1480.47,2752912,1.2623
2023-11-01,INFY,1473.32,1490.8,1439.75,1457.43,1506613,-1.5678
2023-11-02,INFY,1447.67,1468.84,1427.22,1443.32,1914831,-0.9733
2023-11-03,INFY,1450.41,1483.35,1428.23,1454.84,3829495,0.7949
2023-11-06,INFY,1388.12,1404.29,1363.95,1397.96,4301289,-3.9882
2023-11-07,INFY,1421.81,1426.44,1401.91,1416.87,1252628,1.3435
2023-11-08,INFY,1413.47,1433.46,1383.53,1403.75,4960507,-0.9298
2023-11-09,INFY,1381.35,1390.28,1352.14,1378.68,3131940,-1.8024
2023-11-10,INFY,1390.51,1404.66,1385.12,1388.22,4951071,0.6899
2023-11-13,INFY,1434.2,1454.53,1406.33,1423.11,3801546,2.4821
2023-11-14,INFY,1420.22,1432.14,1414.08,1415.98,1078196,-0.5021
2023-11-15,INFY,1418.78,1434.03,1406.42,1423.46,777390,0.5266
2023-11-16,INFY,1430.5,1447.53,1409.72,1434.91,4600309,0.8013
2023-11-17,INFY,1445.21,1458.42,1430.25,1441.21,3630747,0.438
2023-11-20,INFY,1420.98,1421.0,1414.58,1417.42,4396046,-1.6644
2023-11-21,INFY,1430.99,1436.39,1399.62,1423.25,551535,0.41
2023-11-22,INFY,1430.77,1448.2,1421.17,1428.14,1211184,0.3431
2023-11-23,INFY,1368.42,1368.9,1350.09,1363.79,4153144,-4.6105
2023-11-24,INFY,1386.64,1394.31,1380.08,1384.23,4312641,1.4879
2023-11-27,INFY,1356.21,1368.15,1322.99,1349.7,1751490,-2.5262
2023-11-28,INFY,1358.1,1370.1,1342.69,1353.05,4949325,0.248
2023-11-29,INFY,1387.04,1390.16,1364.25,1388.83,1191520,2.6102
2023-11-30,INFY,1382.2,1407.72,1371.57,1383.5,1875274,-0.3845
2023-12-01,INFY,1361.73,1364.19,1350.02,1359.52,1086609,-1.7484
2023-12-04,INFY,1373.69,1397.75,1366.32,1372.92,3062356,0.9806
2023-12-05,INFY,1415.7,1443.75,1395.08,1406.46,2460665,2.4132
2023-12-06,INFY,1382.07,1387.01,1356.44,1380.61,3215674,-1.8546
2023-12-07,INFY,1317.28,1328.6,1299.85,1326.72,1796631,-3.9813
2023-12-08,INFY,1346.07,1357.36,1344.64,1354.08,2873462,2.0405
2023-12-11,INFY,1372.65,1397.73,1357.8,1374.29,2609535,1.4821
2023-12-12,INFY,1388.72,1415.73,1369.95,1383.73,1777333,0.6843
2023-12-13,INFY,1337.57,1358.32,1319.19,1342.44,4305002,-3.0297
2023-12-14,INFY,1360.97,1386.75,1336.06,1356.55,4370740,1.046
2023-12-15,INFY,1375.72,1402.27,1360.15,1381.01,972372,1.787
2023-12-18,INFY,1434.15,1450.46,1407.9,1433.01,1826759,3.6959
2023-12-19,INFY,1429.55,1455.69,1408.28,1426.6,1672385,-0.4485
2023-12-20,INFY,1422.71,1444.29,1413.09,1430.89,1745678,0.3004
2023-12-21,INFY,1382.61,1394.0,1369.5,1379.88,1009916,-3.6295
2023-12-22,INFY,1414.54,1434.91,1379.11,1403.21,2245048,1.6762
2023-12-25,INFY,1424.93,1447.7,1417.53,1426.34,3366889,1.6351
2023-12-26,INFY,1437.15,1447.34,1432.5,1436.6,2178180,0.7165
2023-12-27,INFY,1468.2,1482.16,1444.27,1466.34,3303779,2.049
2023-12-28,INFY,1448.07,1454.32,1435.04,1447.41,819729,-1.299
2023-12-29,INFY,1442.66,1446.12,1435.95,1442.49,4318203,-0.3408
2024-01-01,INFY,1438.15,1448.66,1414.29,1438.53,2837214,-0.2744
2024-01-02,INFY,1454.62,1480.56,1449.24,1466.11,3782869,1.8987
2024-01-03,INFY,1498.17,1502.88,1472.88,1494.78,2701421,1.9368
2024-01-04,INFY,1495.25,1508.23,1485.07,1503.33,3647554,0.5701
2024-01-05,INFY,1513.42,1517.17,1489.05,1510.58,3039862,0.481
2024-01-08,INFY,1530.59,1557.4,1501.67,1525.25,1222312,0.9666
2024-01-09,INFY,1520.09,1541.19,1512.23,1517.0,1531690,-0.542
2024-01-10,INFY,1546.13,1557.51,1520.63,1552.99,4186310,2.3449
2024-01-11,INFY,1544.0,1564.42,1522.5,1541.57,2032338,-0.7383
2024-01-12,INFY,1551.68,1568.43,1525.02,1553.34,532885,0.7602
2024-01-15,INFY,1533.59,1555.53,1532.63,1538.13,2855688,-0.9837
2024-01-16,INFY,1579.69,1605.87,1539.89,1563.56,3717197,1.6396
2024-01-17,INFY,1554.37,1576.25,1523.72,1561.38,4336786,-0.1393
2024-01-18,INFY,1621.7,1631.04,1594.95,1617.69,4165560,3.5432
2024-01-19,INFY,1627.02,1652.41,1585.07,1614.71,4742197,-0.185
2024-01-22,INFY,1644.28,1649.52,1627.52,1641.13,1519678,1.6235
2024-01-23,INFY,1619.13,1654.16,1596.41,1624.13,3715697,-1.0418
2024-01-24,INFY,1611.69,1646.58,1593.41,1616.15,1903058,-0.4923
2024-01-25,INFY,1604.2,1626.62,1593.44,1615.48,4442929,-0.0415
2024-01-26,INFY,1626.41,1651.53,1605.38,1625.65,1589450,0.6273
2024-01-29,INFY,1606.67,1636.3,1594.04,1605.63,3718842,-1.2391
2024-01-30,INFY,1588.61,1619.84,1558.44,1590.6,4187875,-0.9404
2024-01-31,INFY,1604.84,1608.51,1568.07,1593.49,3168171,0.1818
2024-02-01,INFY,1604.51,1610.2,1576.57,1604.81,2393926,0.7078
2024-02-02,INFY,1591.87,1620.04,1571.63,1604.3,2593915,-0.0317
2024-02-05,INFY,1612.03,1629.83,1573.0,1599.9,2135583,-0.275
2024-02-06,INFY,1555.68,1575.44,1544.27,1564.67,1021836,-2.2265
2024-02-07,INFY,1582.83,1585.26,1557.63,1578.51,2760177,0.8807
2024-02-08,INFY,1607.21,1621.01,1591.08,1601.77,3224647,1.4629
2024-02-09,INFY,1628.33,1637.8,1608.97,1628.65,3787410,1.664
2024-02-12,INFY,1641.26,1655.96,1630.97,1633.3,765308,0.2852
2024-02-13,INFY,1618.08,1626.92,1591.5,1617.12,3472190,-0.9957
2024-02-14,INFY,1606.23,1622.8,1592.68,1608.78,1800936,-0.517
2024-02-15,INFY,1597.01,1632.46,1565.58,1613.49,3684882,0.2923
2024-02-16,INFY,1599.83,1625.08,1572.37,1613.46,2736257,-0.0019
2024-02-19,INFY,1613.16,1619.96,1571.37,1590.92,4763534,-1.4068
2024-02-20,INFY,1552.54,1564.86,1538.3,1546.53,987689,-2.83
2024-02-21,INFY,1542.4,1550.44,1513.14,1532.45,1648099,-0.9145
2024-02-22,INFY,1545.23,1547.22,1502.62,1525.71,3742421,-0.4407
2024-02-23,INFY,1531.79,1553.66,1517.33,1534.21,1431030,0.5556
2024-02-26,INFY,1523.31,1543.34,1505.26,1524.02,1636514,-0.6665
2024-02-27,INFY,1505.81,1527.62,1479.42,1517.97,3424399,-0.3976
2024-02-28,INFY,1519.47,1550.5,1515.31,1521.31,2803601,0.2197
2024-02-29,INFY,1560.75,1587.5,1545.16,1562.84,1157250,2.6933
2024-03-01,INFY,1556.23,1587.03,1529.28,1558.89,1968902,-0.2528
2024-03-04,INFY,1527.2,1541.54,1506.96,1518.84,3395587,-2.6027
2024-03-05,INFY,1507.46,1523.25,1475.17,1501.72,796038,-1.1337
2024-03-06,INFY,1556.57,1578.09,1531.77,1549.06,4802085,3.1036
2024-03-07,INFY,1578.47,1606.44,1565.8,1587.77,2298391,2.468
2024-03-08,INFY,1614.44,1636.02,1581.81,1613.82,2563041,1.6273
2024-03-11,INFY,1636.87,1651.03,1628.38,1633.67,3456126,1.2226
2024-03-12,INFY,1669.94,1674.37,1642.6,1654.08,1466182,1.242
2024-03-13,INFY,1649.23,1676.02,1640.63,1647.87,3028078,-0.3762
2024-03-14,INFY,1671.89,1685.81,1639.02,1672.85,4976936,1.5044
2024-03-15,INFY,1708.98,1729.77,1694.22,1699.33,4815578,1.5706
2024-03-18,INFY,1722.61,1737.15,1718.5,1724.42,2223172,1.4656
2024-03-19,INFY,1711.9,1728.41,1698.46,1707.47,4960357,-0.9877
2024-03-20,INFY,1702.74,1724.49,1677.91,1698.58,1012418,-0.522
2024-03-21,INFY,1676.69,1700.1,1667.81,1680.66,4548624,-1.061
2024-03-22,INFY,1704.4,1714.71,1693.25,1709.89,2372531,1.7248
2024-03-25,INFY,1718.97,1727.34,1700.61,1719.24,1910245,0.5453
2024-03-26,INFY,1727.52,1737.28,1705.54,1731.26,894473,0.6966
2024-03-27,INFY,1735.71,1768.95,1715.58,1748.81,3287161,1.0085
2024-03-28,INFY,1714.0,1727.53,1686.84,1707.84,874391,-2.3704
2024-03-29,INFY,1739.11,1747.68,1710.89,1734.16,3784416,1.5292
2024-04-01,INFY,1712.42,1720.32,1682.37,1718.8,713819,-0.8895
2024-04-02,INFY,1699.05,1732.41,1676.11,1706.22,2859879,-0.7349
2024-04-03,INFY,1686.76,1688.59,1658.39,1682.65,2543959,-1.3907
2024-04-04,INFY,1700.21,1713.16,1672.08,1685.45,4948590,0.166
2024-04-05,INFY,1692.64,1708.06,1652.22,1684.04,2565531,-0.0836
2024-04-08,INFY,1655.05,1670.05,1618.58,1645.18,1922666,-2.3348
2024-04-09,INFY,1593.94,1600.79,1575.36,1596.37,3800407,-3.0115
2024-04-10,INFY,1594.67,1617.29,1577.09,1591.36,4407352,-0.3143
2024-04-11,INFY,1612.95,1621.35,1612.34,1614.02,2948696,1.4137
2024-04-12,INFY,1628.38,1654.88,1596.25,1634.32,3911226,1.2497
2024-04-15,INFY,1664.48,1677.06,1658.15,1662.85,4370726,1.7311
2024-04-16,INFY,1650.58,1675.05,1633.77,1657.77,2568063,-0.3062
2024-04-17,INFY,1642.19,1663.23,1630.96,1648.33,4428029,-0.5713
2024-04-18,INFY,1642.05,1677.15,1631.34,1645.71,4101555,-0.1588
2024-04-19,INFY,1666.05,1680.44,1652.07,1668.87,1269140,1.3976
2024-04-22,INFY,1715.52,1721.02,1695.88,1715.77,2442777,2.7714
2024-04-23,INFY,1685.31,1715.2,1684.98,1702.91,685710,-0.7526
2024-04-24,INFY,1687.83,1712.66,1682.63,1695.74,3952465,-0.4219
2024-04-25,INFY,1710.47,1712.73,1676.32,1697.14,3678480,0.0825
2024-04-26,INFY,1689.93,1721.05,1664.95,1690.01,677670,-0.4209
2024-04-29,INFY,1678.61,1685.28,1651.31,1673.91,544918,-0.9572
2024-04-30,INFY,1674.32,1705.48,1637.72,1670.84,3230917,-0.1836
2024-05-01,INFY,1648.13,1662.36,1646.56,1649.03,2272441,-1.3141
2024-05-02,INFY,1662.62,1688.54,1645.49,1669.99,698251,1.2635
2024-05-03,INFY,1708.17,1736.28,1693.87,1712.88,743009,2.5355
2024-05-06,INFY,1721.84,1724.07,1698.36,1705.14,4396869,-0.4527
2024-05-07,INFY,1749.88,1769.09,1718.72,1754.56,2564940,2.8572
2024-05-08,INFY,1766.95,1776.91,1746.84,1751.87,3908098,-0.1535
2024-05-09,INFY,1728.15,1737.58,1710.71,1731.74,2523564,-1.1556
2024-05-10,INFY,1749.8,1776.04,1743.07,1752.59,4641009,1.1968
2024-05-13,INFY,1726.45,1732.17,1710.72,1725.79,4305869,-1.5411
2024-05-14,INFY,1743.18,1765.06,1715.62,1744.72,4572769,1.0907
2024-05-15,INFY,1744.56,1766.48,1720.12,1752.79,3405195,0.4617
2024-05-16,INFY,1741.2,1775.32,1716.81,1741.33,565476,-0.6562
2024-05-17,INFY,1714.12,1758.14,1706.74,1726.83,2311277,-0.836
2024-05-20,INFY,1705.01,1705.27,1701.13,1701.91,940882,-1.4537
2024-05-21,INFY,1734.48,1762.61,1707.59,1732.54,2792080,1.7837
2024-05-22,INFY,1732.79,1738.64,1722.84,1726.51,2665414,-0.3486
2024-05-23,INFY,1731.87,1752.52,1718.36,1736.19,2971090,0.5591
2024-05-24,INFY,1742.79,1771.1,1707.07,1736.38,4723936,0.0113
2024-05-27,INFY,1734.38,1744.35,1716.48,1730.65,1517707,-0.3306
2024-05-28,INFY,1741.91,1767.48,1724.6,1740.8,4420482,0.5849
2024-05-29,INFY,1773.91,1782.46,1722.89,1756.55,3989291,0.9004
2024-05-30,INFY,1765.36,1796.19,1729.2,1761.22,2508352,0.2655
2024-05-31,INFY,1752.02,1771.52,1748.84,1756.1,2602413,-0.2911
2024-06-03,INFY,1737.72,1744.64,1694.57,1724.47,2265355,-1.8173
2024-06-04,INFY,1711.74,1713.56,1690.49,1707.38,3370298,-0.996
2024-06-05,INFY,1714.14,1734.93,1671.91,1699.03,3985039,-0.4903
2024-06-06,INFY,1684.24,1723.22,1672.38,1700.0,643314,0.0573
2024-06-07,INFY,1648.49,1673.45,1616.93,1650.97,4963676,-2.9265
2024-06-10,INFY,1666.47,1685.56,1639.92,1668.95,998958,1.0831
2024-06-11,INFY,1662.74,1692.11,1647.8,1678.59,1205662,0.5758
2024-06-12,INFY,1663.95,1684.55,1650.57,1662.57,3152985,-0.9593
2024-06-13,INFY,1634.32,1638.45,1627.42,1637.36,973294,-1.5277
2024-06-14,INFY,1602.66,1626.6,1593.84,1618.84,3849056,-1.1373
2024-06-17,INFY,1577.23,1591.39,1563.29,1583.3,1483003,-2.2203
2024-06-18,INFY,1585.58,1610.26,1563.51,1574.66,1943594,-0.5469
2024-06-19,INFY,1577.47,1591.4,1550.11,1570.34,3163978,-0.2751
2024-06-20,INFY,1589.85,1596.99,1569.64,1595.53,4755779,1.5914
2024-06-21,INFY,1602.97,1637.73,1596.76,1608.93,1394172,0.8363
2024-06-24,INFY,1650.97,1663.69,1635.32,1643.89,4321865,2.1501
2024-06-25,INFY,1631.34,1650.06,1629.86,1647.53,3453152,0.2208
2024-06-26,INFY,1627.51,1641.13,1610.28,1622.69,2860204,-1.5189
2024-06-27,INFY,1656.62,1703.68,1640.93,1671.93,4459180,2.9892
2024-06-28,INFY,1677.06,1703.94,1659.9,1663.4,3379549,-0.5115
2024-07-01,INFY,1626.08,1645.38,1617.99,1620.75,4142406,-2.5975
2024-07-02,INFY,1612.31,1652.02,1603.68,1627.32,3169251,0.4045
2024-07-03,INFY,1581.38,1600.76,1565.84,1584.4,2638807,-2.6728
2024-07-04,INFY,1585.11,1610.59,1551.47,1582.6,1875464,-0.1139
2024-07-05,INFY,1554.73,1596.72,1526.28,1570.33,1700362,-0.778
2024-07-08,INFY,1584.5,1595.54,1571.88,1584.85,781779,0.9203
2024-07-09,INFY,1615.11,1629.5,1593.31,1611.23,1790505,1.651
2024-07-10,INFY,1586.26,1610.1,1568.51,1602.84,4120561,-0.5221
2024-07-11,INFY,1598.5,1620.4,1581.63,1592.56,1843898,-0.6434
2024-07-12,INFY,1612.7,1618.13,1585.06,1613.7,2572508,1.3189
2024-07-15,INFY,1600.59,1615.7,1583.99,1593.28,2222944,-1.2735
2024-07-16,INFY,1593.64,1626.35,1580.03,1595.51,4288352,0.1396
2024-07-17,INFY,1602.23,1625.76,1573.17,1610.75,3104703,0.9505
2024-07-18,INFY,1580.54,1591.89,1569.61,1589.72,2185413,-1.314
2024-07-19,INFY,1579.62,1582.67,1563.48,1582.09,4690067,-0.4811
2024-07-22,INFY,1583.79,1615.41,1556.21,1585.28,564279,0.2015
2024-07-23,INFY,1630.67,1653.73,1611.42,1622.04,1098425,2.2922
2024-07-24,INFY,1587.29,1612.07,1556.76,1589.51,1071125,-2.0261
2024-07-25,INFY,1573.58,1597.69,1567.18,1585.96,936500,-0.2236
2024-07-26,INFY,1619.65,1639.64,1597.49,1623.37,1207538,2.3314
2024-07-29,INFY,1638.31,1669.33,1636.34,1650.89,3587780,1.6813
2024-07-30,INFY,1646.54,1671.8,1626.01,1643.67,3789389,-0.4385
2024-07-31,INFY,1646.93,1663.71,1636.93,1642.17,861314,-0.0912
2024-08-01,INFY,1661.75,1671.95,1634.73,1655.54,644310,0.811
2024-08-02,INFY,1667.08,1687.39,1646.52,1669.61,4566942,0.8462
2024-08-05,INFY,1703.72,1732.99,1689.53,1709.7,4186955,2.3728
2024-08-06,INFY,1738.98,1745.45,1706.81,1743.43,4054140,1.9535
2024-08-07,INFY,1702.67,1719.58,1672.31,1703.45,3608045,-2.3199
2024-08-08,INFY,1654.15,1669.8,1629.84,1658.38,2378964,-2.6816
2024-08-09,INFY,1656.84,1686.53,1619.95,1643.61,1955027,-0.8942
2024-08-12,INFY,1590.22,1605.51,1588.05,1593.13,1992586,-3.1193
2024-08-13,INFY,1628.73,1650.07,1618.19,1629.57,2848860,2.2611
2024-08-14,INFY,1583.16,1603.6,1576.72,1589.13,713870,-2.513
2024-08-15,INFY,1575.78,1607.26,1563.53,1581.54,4694775,-0.4786
2024-08-16,INFY,1548.83,1587.74,1545.45,1558.76,4885116,-1.451
2024-08-19,INFY,1509.91,1520.26,1500.3,1517.72,813841,-2.6681
2024-08-20,INFY,1563.46,1564.07,1531.27,1548.96,2859919,2.0373
2024-08-21,INFY,1538.48,1560.16,1529.2,1534.3,2135079,-0.9504
2024-08-22,INFY,1582.65,1605.36,1579.3,1585.34,2187742,3.272
2024-08-23,INFY,1618.82,1642.17,1595.94,1624.16,2259509,2.4192
2024-08-26,INFY,1634.59,1648.67,1616.53,1624.56,2850726,0.0246
2024-08-27,INFY,1561.63,1591.7,1546.69,1568.18,4834248,-3.5319
2024-08-28,INFY,1546.32,1581.55,1520.39,1559.6,3802098,-0.5483
2024-08-29,INFY,1625.74,1639.29,1609.61,1621.89,4888522,3.916
2024-08-30,INFY,1626.66,1644.85,1623.45,1634.23,1726345,0.7579
2024-09-02,INFY,1619.62,1661.44,1594.18,1630.08,4286102,-0.2544
2024-09-03,INFY,1604.89,1626.8,1581.19,1613.71,2354448,-1.0095
2024-09-04,INFY,1642.12,1648.98,1618.72,1638.72,2218984,1.5382
2024-09-05,INFY,1648.69,1681.22,1630.95,1649.55,737625,0.6585
2024-09-06,INFY,1649.86,1681.44,1625.04,1658.02,4502294,0.5126
2024-09-09,INFY,1694.83,1713.76,1678.92,1690.86,1021002,1.9614
2024-09-10,INFY,1715.65,1749.24,1704.34,1722.78,2678294,1.8701
2024-09-11,INFY,1721.96,1743.86,1700.35,1736.16,4875345,0.7733
2024-09-12,INFY,1679.4,1709.32,1673.81,1690.45,3398256,-2.6677
2024-09-13,INFY,1663.14,1672.24,1641.9,1662.96,1048895,-1.6399
2024-09-16,INFY,1639.66,1674.52,1611.23,1646.11,4675552,-1.0182
2024-09-17,INFY,1646.43,1650.93,1628.61,1645.56,3197962,-0.0334
2024-09-18,INFY,1697.93,1705.32,1685.74,1688.54,1616345,2.5783
2024-09-19,INFY,1743.52,1757.55,1720.4,1749.03,1676671,3.5194
2024-09-20,INFY,1784.72,1800.34,1730.62,1761.24,4373508,0.6959
2024-09-23,INFY,1780.78,1785.52,1771.32,1778.32,3162487,0.9653
2024-09-24,INFY,1732.21,1752.62,1711.0,1733.74,2296606,-2.5391
2024-09-25,INFY,1710.35,1747.08,1703.61,1721.84,1835463,-0.6887
2024-09-26,INFY,1703.26,1706.51,1675.34,1706.24,4420566,-0.9103
2024-09-27,INFY,1686.28,1718.34,1677.75,1688.38,2087922,-1.0523
2024-09-30,INFY,1712.09,1741.27,1684.14,1705.61,2967892,1.0155
2024-10-01,INFY,1688.05,1694.81,1668.15,1693.09,848747,-0.7366
2024-10-02,INFY,1643.45,1645.7,1627.61,1639.91,1612876,-3.1917
2024-10-03,INFY,1664.41,1683.52,1634.1,1664.06,4047756,1.4624
2024-10-04,INFY,1707.25,1717.96,1668.34,1698.97,3944854,2.0759
2024-10-07,INFY,1716.83,1733.67,1696.21,1707.83,4929248,0.5201
2024-10-08,INFY,1706.3,1725.67,1691.6,1703.46,1018180,-0.256
2024-10-09,INFY,1684.54,1706.02,1656.14,1678.12,2833534,-1.499
2024-10-10,INFY,1664.2,1688.55,1645.5,1654.9,1145156,-1.3934
2024-10-11,INFY,1690.34,1719.31,1675.57,1685.81,3858986,1.8506
2024-10-14,INFY,1667.31,1687.54,1664.31,1665.0,1166749,-1.2422
2024-10-15,INFY,1726.99,1730.62,1720.23,1723.47,1045817,3.4515
2024-10-16,INFY,1766.16,1770.97,1728.98,1752.04,4281505,1.6443
2024-10-17,INFY,1763.71,1785.36,1751.41,1762.72,1072805,0.6074
2024-10-18,INFY,1853.25,1879.52,1843.52,1846.52,4420633,4.6447
2024-10-21,INFY,1881.19,1916.04,1846.19,1887.57,3862997,2.1987
2024-10-22,INFY,1888.44,1908.03,1863.29,1874.37,3076726,-0.7017
2024-10-23,INFY,1846.73,1868.91,1834.88,1842.59,1151496,-1.7102
2024-10-24,INFY,1826.75,1865.57,1807.66,1829.91,1757183,-0.6908
2024-10-25,INFY,1826.62,1839.99,1796.27,1827.26,1415338,-0.1446
2024-10-28,INFY,1802.43,1812.13,1770.97,1804.4,2273939,-1.2592
2024-10-29,INFY,1770.81,1805.13,1759.96,1770.76,1407550,-1.8816
2024-10-30,INFY,1780.26,1812.98,1752.0,1778.4,1326216,0.4302
2024-10-31,INFY,1804.22,1806.25,1785.34,1806.0,1983952,1.54
2024-11-01,INFY,1849.7,1879.49,1827.67,1864.5,517165,3.1881
2024-11-04,INFY,1884.06,1911.75,1851.06,1867.49,4585001,0.1604
2024-11-05,INFY,1889.8,1896.51,1880.6,1887.29,4278360,1.0543
2024-11-06,INFY,1831.85,1833.02,1799.35,1829.37,1711394,-3.117
2024-11-07,INFY,1856.38,1858.17,1836.17,1856.82,1375838,1.4897
2024-11-08,INFY,1834.09,1854.8,1811.12,1825.8,4432648,-1.685
2024-11-11,INFY,1836.27,1844.73,1811.04,1835.83,855923,0.5482
2024-11-12,INFY,1832.18,1844.5,1816.59,1835.04,3941450,-0.0433
2024-11-13,INFY,1825.8,1828.61,1794.79,1828.06,1093130,-0.3812
2024-11-14,INFY,1794.21,1820.26,1778.22,1783.06,840699,-2.4923
2024-11-15,INFY,1762.57,1792.31,1759.73,1760.79,4667275,-1.2569
2022-01-03,HDFC,1567.92,1586.68,1536.79,1571.86,3818742,-1.7744
2022-01-04,HDFC,1567.54,1573.38,1561.49,1565.73,1070091,-0.3904
2022-01-05,HDFC,1578.32,1583.08,1555.21,1576.57,3336906,0.6898
2022-01-06,HDFC,1569.47,1584.9,1561.39,1572.58,2908782,-0.2534
2022-01-07,HDFC,1520.6,1536.87,1503.24,1518.49,4899159,-3.5002
2022-01-10,HDFC,1488.1,1509.71,1465.88,1490.94,3302543,-1.8311
2022-01-11,HDFC,1502.03,1527.53,1493.86,1498.9,4086487,0.5327
2022-01-12,HDFC,1532.88,1544.9,1518.6,1533.42,4136190,2.2764
2022-01-13,HDFC,1517.64,1552.26,1509.47,1528.38,1039967,-0.3289
2022-01-14,HDFC,1503.87,1524.34,1499.21,1517.52,3036366,-0.7134
2022-01-17,HDFC,1525.48,1569.05,1503.43,1541.97,4519743,1.5984
2022-01-18,HDFC,1539.36,1545.53,1531.41,1542.53,2045604,0.0363
2022-01-19,HDFC,1566.61,1591.79,1543.61,1560.13,4044152,1.1346
2022-01-20,HDFC,1547.86,1561.86,1526.42,1553.53,4981422,-0.4236
2022-01-21,HDFC,1542.5,1564.69,1528.83,1544.41,4892248,-0.5893
2022-01-24,HDFC,1558.77,1580.89,1554.61,1563.88,1668179,1.2529
2022-01-25,HDFC,1573.45,1598.32,1573.07,1580.05,1971443,1.0287
2022-01-26,HDFC,1590.1,1621.28,1560.76,1572.78,4840551,-0.4612
2022-01-27,HDFC,1540.62,1565.3,1510.1,1546.79,2278899,-1.6663
2022-01-28,HDFC,1498.64,1515.34,1469.49,1508.84,1441634,-2.4838
2022-01-31,HDFC,1468.14,1486.85,1454.98,1474.74,3268805,-2.2862
2022-02-01,HDFC,1461.64,1464.46,1448.94,1461.09,2831082,-0.9299
2022-02-02,HDFC,1464.13,1478.19,1445.21,1468.34,500102,0.4949
2022-02-03,HDFC,1434.44,1442.85,1408.54,1432.39,997208,-2.4785
2022-02-04,HDFC,1393.59,1416.7,1377.47,1398.7,3299323,-2.3806
2022-02-07,HDFC,1402.79,1432.64,1382.47,1406.92,4518498,0.5863
2022-02-08,HDFC,1435.61,1448.82,1434.93,1440.71,3429184,2.3731
2022-02-09,HDFC,1464.06,1489.55,1438.33,1464.73,2702197,1.6532
2022-02-10,HDFC,1430.19,1455.24,1409.74,1425.1,4991905,-2.7425
2022-02-11,HDFC,1439.66,1457.88,1419.67,1433.79,4477910,0.6076
2022-02-14,HDFC,1465.02,1485.5,1448.5,1454.78,2193578,1.4537
2022-02-15,HDFC,1434.83,1467.36,1430.93,1444.3,4212295,-0.7229
2022-02-16,HDFC,1431.98,1450.18,1421.44,1439.47,4570024,-0.3353
2022-02-17,HDFC,1440.33,1475.53,1413.83,1446.98,1355293,0.5203
2022-02-18,HDFC,1457.87,1469.03,1441.57,1457.9,3311401,0.7517
2022-02-21,HDFC,1458.56,1468.95,1446.54,1466.46,763315,0.5857
2022-02-22,HDFC,1477.67,1504.51,1473.55,1482.77,3013634,1.1064
2022-02-23,HDFC,1492.97,1502.97,1486.03,1487.88,4625114,0.3435
2022-02-24,HDFC,1482.16,1482.98,1456.39,1474.27,4544665,-0.9187
2022-02-25,HDFC,1469.8,1475.07,1436.66,1464.73,3029625,-0.6494
2022-02-28,HDFC,1450.32,1461.03,1435.02,1448.0,3144788,-1.1488
2022-03-01,HDFC,1433.54,1444.42,1426.74,1438.3,4336607,-0.6716
2022-03-02,HDFC,1450.92,1454.88,1439.83,1450.76,518192,0.8626
2022-03-03,HDFC,1442.51,1447.2,1419.7,1434.33,3604291,-1.1391
2022-03-04,HDFC,1462.65,1480.98,1435.86,1457.83,1920895,1.6249
2022-03-07,HDFC,1443.02,1446.72,1423.63,1436.66,3963182,-1.4625
2022-03-08,HDFC,1448.19,1470.88,1414.63,1441.34,1023048,0.3249
2022-03-09,HDFC,1457.42,1484.39,1438.74,1459.82,2674894,1.2737
2022-03-10,HDFC,1474.63,1495.97,1466.42,1469.97,3915736,0.6932
2022-03-11,HDFC,1427.36,1437.09,1424.1,1430.08,3799922,-2.7512
2022-03-14,HDFC,1437.49,1454.06,1417.42,1433.23,3823176,0.2199
2022-03-15,HDFC,1426.43,1428.17,1394.97,1417.74,4634142,-1.0867
2022-03-16,HDFC,1400.97,1427.39,1375.35,1390.17,2126539,-1.9633
2022-03-17,HDFC,1399.26,1399.46,1372.68,1395.11,3691928,0.3543
2022-03-18,HDFC,1372.19,1378.27,1367.29,1369.49,4151444,-1.8534
2022-03-21,HDFC,1384.34,1386.64,1365.76,1374.8,4693096,0.3872
2022-03-22,HDFC,1399.36,1433.4,1398.02,1405.44,1492441,2.204
2022-03-23,HDFC,1422.32,1423.47,1402.05,1412.11,1586452,0.4734
2022-03-24,HDFC,1408.39,1408.43,1391.46,1407.47,2465422,-0.3292
2022-03-25,HDFC,1405.33,1408.16,1378.36,1404.36,4113193,-0.2211
2022-03-28,HDFC,1420.82,1449.13,1407.74,1424.03,4455822,1.391
2022-03-29,HDFC,1409.48,1429.16,1398.9,1417.8,2883882,-0.4384
2022-03-30,HDFC,1418.58,1445.38,1389.08,1408.22,3767669,-0.678
2022-03-31,HDFC,1391.77,1418.47,1369.01,1388.96,773405,-1.377
2022-04-01,HDFC,1368.2,1390.64,1363.52,1370.73,3892044,-1.3211
2022-04-04,HDFC,1391.93,1396.63,1370.03,1389.5,3404077,1.3599
2022-04-05,HDFC,1377.36,1406.48,1362.49,1379.68,1984593,-0.709
2022-04-06,HDFC,1379.64,1403.69,1365.59,1391.5,3322911,0.8528
2022-04-07,HDFC,1403.87,1418.17,1376.31,1405.12,4765262,0.974
2022-04-08,HDFC,1375.64,1403.04,1354.43,1385.39,4959084,-1.414
2022-04-11,HDFC,1370.87,1390.5,1346.93,1369.24,3389491,-1.1726
2022-04-12,HDFC,1392.38,1419.18,1358.73,1381.42,3424113,0.8859
2022-04-13,HDFC,1380.17,1411.5,1362.3,1384.61,3453103,0.2307
2022-04-14,HDFC,1386.64,1398.11,1380.47,1381.18,1088261,-0.2483
2022-04-15,HDFC,1386.61,1395.01,1376.39,1391.06,2056015,0.7126
2022-04-18,HDFC,1412.48,1438.5,1390.82,1412.63,4960291,1.5387
2022-04-19,HDFC,1405.89,1415.45,1400.83,1412.09,788209,-0.0384
2022-04-20,HDFC,1404.7,1420.23,1373.55,1400.37,1916830,-0.8333
2022-04-21,HDFC,1412.56,1417.25,1402.91,1403.11,4559278,0.1959
2022-04-22,HDFC,1387.89,1397.83,1371.07,1386.56,3637666,-1.1871
2022-04-25,HDFC,1393.53,1408.29,1387.46,1389.8,2272280,0.2341
2022-04-26,HDFC,1393.83,1413.48,1368.98,1390.12,3192200,0.0229
2022-04-27,HDFC,1371.78,1400.28,1354.86,1373.49,3917392,-1.2038
2022-04-28,HDFC,1374.37,1399.62,1354.39,1365.45,2099489,-0.5871
2022-04-29,HDFC,1355.58,1373.24,1352.83,1359.1,4672781,-0.4663
2022-05-02,HDFC,1363.59,1382.99,1351.27,1374.4,2329987,1.1198
2022-05-03,HDFC,1350.5,1371.32,1341.05,1356.75,4470953,-1.2927
2022-05-04,HDFC,1344.77,1354.63,1335.6,1340.64,3438560,-1.1942
2022-05-05,HDFC,1330.84,1345.67,1325.95,1333.42,709497,-0.5404
2022-05-06,HDFC,1345.64,1370.25,1322.22,1345.01,4422636,0.8659
2022-05-09,HDFC,1358.42,1374.03,1349.49,1360.04,1020566,1.111
2022-05-10,HDFC,1366.9,1368.04,1362.95,1365.67,4759791,0.4128
2022-05-11,HDFC,1388.21,1407.2,1376.3,1380.66,565825,1.0923
2022-05-12,HDFC,1415.94,1423.9,1386.65,1405.23,4959537,1.7634
2022-05-13,HDFC,1402.0,1414.86,1391.64,1408.83,2615605,0.2563
2022-05-16,HDFC,1398.76,1420.2,1390.7,1392.27,1025332,-1.1825
2022-05-17,HDFC,1392.3,1396.91,1389.41,1390.93,1440737,-0.0961
2022-05-18,HDFC,1354.75,1379.69,1353.14,1363.08,1345583,-2.0225
2022-05-19,HDFC,1374.84,1397.31,1351.23,1371.45,2924548,0.6121
2022-05-20,HDFC,1374.23,1382.49,1338.5,1361.65,1425229,-0.7175
2022-05-23,HDFC,1359.18,1377.1,1336.2,1364.21,4081003,0.1881
2022-05-24,HDFC,1361.19,1378.49,1346.33,1362.75,4879928,-0.1074
2022-05-25,HDFC,1344.33,1372.59,1333.78,1355.21,1849744,-0.5545
2022-05-26,HDFC,1359.28,1386.51,1350.65,1360.07,938515,0.3581
2022-05-27,HDFC,1358.89,1383.04,1337.56,1357.8,732794,-0.1672
2022-05-30,HDFC,1358.57,1364.24,1323.55,1345.29,3636741,-0.9257
2022-05-31,HDFC,1317.4,1338.03,1292.66,1323.58,3899979,-1.6269
2022-06-01,HDFC,1337.35,1341.57,1304.72,1330.93,4809835,0.5539
2022-06-02,HDFC,1309.29,1310.86,1288.89,1307.33,1117472,-1.7896
2022-06-03,HDFC,1358.27,1368.27,1338.1,1343.27,3088842,2.7122
2022-06-06,HDFC,1370.93,1379.7,1343.37,1369.73,1380199,1.9507
2022-06-07,HDFC,1337.37,1352.98,1334.09,1337.72,535241,-2.3648
2022-06-08,HDFC,1356.36,1373.75,1343.1,1350.64,2427341,0.9613
2022-06-09,HDFC,1377.53,1388.16,1351.3,1374.17,795496,1.7275
2022-06-10,HDFC,1368.79,1392.53,1348.38,1362.42,1215106,-0.8592
2022-06-13,HDFC,1373.73,1396.86,1363.19,1369.89,3694170,0.5467
2022-06-14,HDFC,1357.5,1387.32,1343.28,1367.59,1461927,-0.1678
2022-06-15,HDFC,1385.53,1395.25,1360.63,1381.93,2292611,1.0428
2022-06-16,HDFC,1376.4,1383.07,1365.46,1372.98,4789568,-0.6496
2022-06-17,HDFC,1389.14,1397.54,1375.22,1394.3,2775601,1.5409
2022-06-20,HDFC,1393.6,1400.58,1383.59,1391.58,1120968,-0.1951
2022-06-21,HDFC,1372.54,1411.83,1361.62,1385.26,703422,-0.4556
2022-06-22,HDFC,1400.86,1412.56,1393.14,1399.08,2313233,0.9927
2022-06-23,HDFC,1423.25,1435.08,1398.32,1418.39,4542492,1.3711
2022-06-24,HDFC,1376.39,1389.35,1361.21,1369.82,668279,-3.4845
2022-06-27,HDFC,1316.29,1333.35,1298.4,1311.69,4574256,-4.3361
2022-06-28,HDFC,1312.85,1342.96,1291.73,1318.69,2640051,0.5325
2022-06-29,HDFC,1296.36,1308.91,1292.69,1305.93,3209483,-0.973
2022-06-30,HDFC,1286.59,1307.69,1263.61,1280.56,2957995,-1.9615
2022-07-01,HDFC,1276.23,1287.69,1265.23,1273.65,2643323,-0.5409
2022-07-04,HDFC,1334.05,1341.38,1317.78,1330.76,1901944,4.3867
2022-07-05,HDFC,1315.71,1330.02,1286.05,1304.74,2271426,-1.9751
2022-07-06,HDFC,1311.82,1336.74,1287.59,1322.45,3784928,1.3485
2022-07-07,HDFC,1319.48,1323.0,1285.19,1307.7,1390376,-1.1221
2022-07-08,HDFC,1276.18,1282.26,1253.2,1279.77,4085456,-2.1583
2022-07-11,HDFC,1273.57,1289.53,1267.08,1268.33,4728722,-0.8979
2022-07-12,HDFC,1241.75,1260.09,1231.29,1241.83,2760843,-2.1121
2022-07-13,HDFC,1211.1,1228.12,1191.7,1213.2,2701911,-2.3321
2022-07-14,HDFC,1191.27,1208.79,1171.93,1200.32,4130162,-1.0674
2022-07-15,HDFC,1177.12,1194.22,1167.23,1181.09,986290,-1.6154
2022-07-18,HDFC,1181.49,1202.91,1172.01,1178.74,4000808,-0.1991
2022-07-19,HDFC,1184.06,1205.94,1168.99,1181.96,4067363,0.2729
2022-07-20,HDFC,1173.85,1179.3,1150.84,1168.29,2045478,-1.1636
2022-07-21,HDFC,1175.53,1181.85,1159.27,1179.61,4873297,0.9643
2022-07-22,HDFC,1172.51,1187.83,1162.29,1168.15,2736404,-0.9762
2022-07-25,HDFC,1166.08,1170.15,1165.69,1165.69,1770871,-0.2103
2022-07-26,HDFC,1132.17,1150.31,1108.59,1128.6,1645691,-3.2339
2022-07-27,HDFC,1133.12,1139.48,1120.15,1130.22,3592112,0.1432
2022-07-28,HDFC,1166.53,1172.8,1147.1,1169.28,4662422,3.3981
2022-07-29,HDFC,1185.04,1204.38,1162.92,1183.55,4985712,1.2125
2022-08-01,HDFC,1183.44,1188.38,1158.55,1180.72,4555774,-0.2388
2022-08-02,HDFC,1165.18,1165.39,1152.43,1160.62,1016943,-1.7171
2022-08-03,HDFC,1198.58,1218.27,1173.93,1189.62,3744370,2.4681
2022-08-04,HDFC,1183.23,1189.22,1169.11,1186.99,4156772,-0.2215
2022-08-05,HDFC,1168.44,1185.16,1164.61,1175.3,1484977,-0.9902
2022-08-08,HDFC,1171.64,1180.92,1153.98,1164.15,2742529,-0.9526
2022-08-09,HDFC,1193.44,1204.6,1183.16,1201.16,736372,3.1295
2022-08-10,HDFC,1205.47,1206.32,1194.7,1199.27,3511899,-0.1573
2022-08-11,HDFC,1202.16,1209.69,1193.14,1207.65,3195997,0.6959
2022-08-12,HDFC,1200.42,1214.51,1189.95,1204.22,1313273,-0.2847
2022-08-15,HDFC,1202.8,1226.31,1183.56,1203.28,1295341,-0.0778
2022-08-16,HDFC,1187.19,1213.21,1166.82,1195.87,1480818,-0.6174
2022-08-17,HDFC,1215.98,1239.37,1198.54,1221.9,3339820,2.1535
2022-08-18,HDFC,1212.73,1239.34,1193.2,1222.96,3002125,0.0861
2022-08-19,HDFC,1201.65,1220.13,1195.28,1197.64,2823880,-2.0917
2022-08-22,HDFC,1204.91,1217.74,1191.49,1204.98,1627284,0.6112
2022-08-23,HDFC,1203.24,1226.96,1196.92,1203.15,4055624,-0.1521
2022-08-24,HDFC,1209.92,1225.0,1199.79,1210.29,3185388,0.5917
2022-08-25,HDFC,1204.42,1219.73,1187.49,1204.53,1873250,-0.4774
2022-08-26,HDFC,1192.15,1195.54,1169.57,1195.03,894663,-0.7916
2022-08-29,HDFC,1217.2,1235.57,1202.76,1211.41,4350356,1.3612
2022-08-30,HDFC,1234.93,1254.78,1220.67,1245.92,4018687,2.8087
2022-08-31,HDFC,1203.16,1230.65,1200.58,1211.9,1861381,-2.7683
2022-09-01,HDFC,1221.88,1242.59,1197.07,1213.63,1732878,0.1431
2022-09-02,HDFC,1205.69,1206.23,1198.35,1204.08,4872502,-0.7902
2022-09-05,HDFC,1175.93,1197.1,1164.9,1187.96,3816504,-1.3478
2022-09-06,HDFC,1152.21,1173.07,1142.88,1150.38,1150324,-3.2148
2022-09-07,HDFC,1147.66,1159.81,1146.49,1156.85,1233620,0.5612
2022-09-08,HDFC,1156.19,1173.4,1131.7,1148.72,2895798,-0.7052
2022-09-09,HDFC,1144.87,1152.28,1125.51,1139.63,4097987,-0.7945
2022-09-12,HDFC,1172.78,1184.73,1141.63,1160.61,739254,1.8241
2022-09-13,HDFC,1151.49,1174.06,1129.7,1153.22,560775,-0.6391
2022-09-14,HDFC,1138.17,1159.64,1128.82,1145.14,3230451,-0.7027
2022-09-15,HDFC,1119.61,1132.38,1102.68,1122.64,1268647,-1.984
2022-09-16,HDFC,1104.81,1123.12,1097.97,1107.68,3004160,-1.3418
2022-09-19,HDFC,1134.73,1139.78,1122.74,1132.54,2020466,2.2196
2022-09-20,HDFC,1132.74,1143.49,1113.8,1143.21,4311433,0.9374
2022-09-21,HDFC,1165.71,1180.16,1144.76,1165.74,4009688,1.9514
2022-09-22,HDFC,1145.52,1171.19,1136.91,1151.36,1115374,-1.2409
2022-09-23,HDFC,1154.88,1174.05,1136.34,1157.85,642672,0.5618
2022-09-26,HDFC,1184.56,1196.87,1158.4,1176.42,2422332,1.5917
2022-09-27,HDFC,1192.88,1196.3,1182.5,1186.93,3831371,0.889
2022-09-28,HDFC,1220.08,1222.15,1200.43,1215.64,2696475,2.3905
2022-09-29,HDFC,1227.13,1234.0,1211.1,1223.24,1559030,0.623
2022-09-30,HDFC,1221.84,1247.02,1220.3,1223.45,704808,0.0173
2022-10-03,HDFC,1180.95,1192.15,1168.03,1181.24,4984894,-3.5116
2022-10-04,HDFC,1179.53,1208.02,1156.43,1188.88,4497266,0.6452
2022-10-05,HDFC,1192.43,1200.14,1173.83,1199.83,1790923,0.9165
2022-10-06,HDFC,1221.68,1233.22,1216.0,1220.9,2707552,1.7413
2022-10-07,HDFC,1199.92,1212.64,1194.62,1206.68,1155841,-1.1719
2022-10-10,HDFC,1210.47,1233.54,1198.62,1206.31,2261091,-0.0304
2022-10-11,HDFC,1177.83,1182.8,1177.4,1178.12,3574674,-2.365
2022-10-12,HDFC,1148.47,1151.33,1146.78,1150.18,3334361,-2.3998
2022-10-13,HDFC,1155.78,1163.06,1139.16,1159.3,1745006,0.7894
2022-10-14,HDFC,1184.43,1185.93,1168.85,1181.77,2076332,1.9198
2022-10-17,HDFC,1209.4,1217.02,1188.53,1205.31,2931018,1.9724
2022-10-18,HDFC,1208.17,1237.67,1190.88,1213.51,2863244,0.6777
2022-10-19,HDFC,1248.29,1274.87,1246.46,1251.58,3974592,3.0889
2022-10-20,HDFC,1243.31,1258.71,1219.79,1244.48,2703478,-0.5688
2022-10-21,HDFC,1263.64,1284.64,1237.15,1261.61,4099630,1.3674
2022-10-24,HDFC,1239.07,1248.98,1236.32,1237.16,1685114,-1.9568
2022-10-25,HDFC,1179.82,1201.45,1178.22,1180.42,1492936,-4.6952
2022-10-26,HDFC,1176.31,1181.26,1152.95,1172.16,4789376,-0.702
2022-10-27,HDFC,1169.48,1179.71,1155.26,1170.28,1443987,-0.161
2022-10-28,HDFC,1166.43,1177.47,1143.3,1174.64,4194004,0.3718
2022-10-31,HDFC,1179.43,1201.52,1165.81,1171.59,1721019,-0.2592
2022-11-01,HDFC,1183.97,1191.98,1159.45,1178.2,966371,0.5621
2022-11-02,HDFC,1201.27,1215.55,1188.67,1209.6,2276181,2.6305
2022-11-03,HDFC,1224.4,1229.83,1209.73,1223.31,949705,1.1268
2022-11-04,HDFC,1217.45,1228.99,1204.53,1209.58,3861362,-1.1284
2022-11-07,HDFC,1163.3,1176.82,1149.19,1165.08,4964494,-3.7489
2022-11-08,HDFC,1151.09,1166.58,1137.25,1146.66,2939095,-1.593
2022-11-09,HDFC,1176.73,1195.77,1165.07,1170.23,4893424,2.0345
2022-11-10,HDFC,1163.22,1179.56,1142.21,1161.66,4459430,-0.7354
2022-11-11,HDFC,1186.36,1198.04,1168.75,1173.78,4782606,1.038
2022-11-14,HDFC,1189.19,1201.94,1178.22,1185.34,3643287,0.9804
2022-11-15,HDFC,1185.19,1208.31,1182.53,1184.59,2019253,-0.0635
2022-11-16,HDFC,1182.3,1193.87,1166.31,1183.29,3259771,-0.1102
2022-11-17,HDFC,1171.51,1179.32,1164.86,1171.79,1669738,-0.9765
2022-11-18,HDFC,1208.42,1227.49,1185.27,1211.84,2842896,3.3608
2022-11-21,HDFC,1188.17,1210.9,1170.55,1194.82,3929030,-1.414
2022-11-22,HDFC,1209.86,1238.11,1188.06,1215.33,2356854,1.7014
2022-11-23,HDFC,1229.94,1239.48,1225.1,1230.81,2671245,1.2662
2022-11-24,HDFC,1247.46,1260.18,1226.57,1242.47,2056619,0.9427
2022-11-25,HDFC,1242.51,1258.03,1218.66,1240.49,817371,-0.1598
2022-11-28,HDFC,1214.52,1231.74,1190.16,1213.5,1287065,-2.1997
2022-11-29,HDFC,1205.67,1206.63,1177.5,1193.02,1247493,-1.7021
2022-11-30,HDFC,1189.39,1210.81,1157.12,1179.47,1715500,-1.1422
2022-12-01,HDFC,1180.85,1190.48,1177.37,1186.27,783994,0.5746
2022-12-02,HDFC,1206.7,1212.13,1201.49,1202.46,4554390,1.3559
2022-12-05,HDFC,1201.21,1225.16,1190.03,1208.38,4040074,0.491
2022-12-06,HDFC,1214.96,1219.8,1205.64,1213.34,4232557,0.4096
2022-12-07,HDFC,1224.24,1236.0,1201.57,1232.71,2972282,1.5837
2022-12-08,HDFC,1191.27,1217.59,1190.89,1194.9,520231,-3.1149
2022-12-09,HDFC,1159.83,1174.75,1148.89,1156.22,1226778,-3.2904
2022-12-12,HDFC,1127.35,1151.33,1119.46,1129.92,1508194,-2.3016
2022-12-13,HDFC,1139.76,1147.39,1123.51,1145.94,3806114,1.4083
2022-12-14,HDFC,1108.32,1112.93,1108.28,1112.14,4132770,-2.994
2022-12-15,HDFC,1106.95,1118.41,1088.13,1112.2,3565028,0.0052
2022-12-16,HDFC,1099.6,1100.44,1076.83,1097.33,3135028,-1.3456
2022-12-19,HDFC,1106.73,1116.43,1089.46,1100.11,2145677,0.2528
2022-12-20,HDFC,1096.91,1119.11,1094.54,1098.0,820762,-0.1925
2022-12-21,HDFC,1108.02,1115.93,1101.23,1102.35,1550354,0.3955
2022-12-22,HDFC,1092.84,1112.04,1087.19,1095.99,4133421,-0.5787
2022-12-23,HDFC,1107.34,1122.22,1104.36,1107.9,3252994,1.0811
2022-12-26,HDFC,1142.82,1143.55,1121.32,1132.71,3890201,2.2152
2022-12-27,HDFC,1153.61,1160.0,1144.15,1154.64,4605298,1.9171
2022-12-28,HDFC,1154.75,1169.3,1144.2,1148.61,1767226,-0.5236
2022-12-29,HDFC,1129.94,1136.12,1111.12,1134.03,3215708,-1.2776
2022-12-30,HDFC,1137.47,1147.99,1123.82,1137.59,3847597,0.3134
2023-01-02,HDFC,1167.0,1187.92,1152.39,1172.03,3939216,2.9831
2023-01-03,HDFC,1171.72,1179.69,1155.33,1171.33,4490280,-0.0598
2023-01-04,HDFC,1187.82,1195.24,1165.88,1186.4,4675080,1.2781
2023-01-05,HDFC,1205.21,1222.65,1184.46,1200.67,3412422,1.1957
2023-01-06,HDFC,1211.38,1225.08,1208.16,1214.9,4310720,1.1781
2023-01-09,HDFC,1237.53,1251.74,1228.05,1238.57,3846455,1.9293
2023-01-10,HDFC,1221.8,1226.68,1201.91,1214.58,1878250,-1.9552
2023-01-11,HDFC,1190.16,1216.31,1185.75,1197.4,720449,-1.4248
2023-01-12,HDFC,1183.66,1212.87,1161.4,1198.5,4592991,0.0913
2023-01-13,HDFC,1217.07,1244.82,1210.93,1221.06,3042829,1.8655
2023-01-16,HDFC,1247.81,1266.68,1224.8,1244.01,2950404,1.8621
2023-01-17,HDFC,1243.92,1258.83,1219.74,1243.4,3891260,-0.049
2023-01-18,HDFC,1256.38,1277.93,1249.47,1262.41,1087095,1.5173
2023-01-19,HDFC,1255.15,1263.51,1243.27,1254.71,2581695,-0.6124
2023-01-20,HDFC,1237.22,1250.54,1231.07,1239.5,3808322,-1.2196
2023-01-23,HDFC,1205.76,1231.64,1185.93,1215.28,2320580,-1.9735
2023-01-24,HDFC,1210.95,1225.51,1191.69,1213.02,3602842,-0.1859
2023-01-25,HDFC,1211.46,1234.59,1185.41,1206.97,3033399,-0.4999
2023-01-26,HDFC,1223.82,1239.08,1222.28,1225.52,2149257,1.5251
2023-01-27,HDFC,1226.8,1236.47,1208.65,1236.16,3536683,0.8642
2023-01-30,HDFC,1248.09,1251.24,1223.06,1237.41,2543736,0.1013
2023-01-31,HDFC,1232.59,1239.88,1222.15,1238.74,4174847,0.1074
2023-02-01,HDFC,1233.52,1255.8,1209.32,1231.22,771188,-0.6087
2023-02-02,HDFC,1204.04,1211.63,1178.24,1199.04,4173601,-2.6487
2023-02-03,HDFC,1180.68,1200.42,1161.71,1178.19,3944346,-1.7536
2023-02-06,HDFC,1191.03,1203.04,1186.93,1192.42,3663786,1.2
2023-02-07,HDFC,1179.37,1212.09,1173.25,1190.18,1685879,-0.1877
2023-02-08,HDFC,1174.07,1185.39,1163.58,1167.22,4926214,-1.9478
2023-02-09,HDFC,1184.69,1212.14,1178.62,1191.64,3436458,2.0706
2023-02-10,HDFC,1228.58,1245.08,1203.73,1222.63,2921249,2.5673
2023-02-13,HDFC,1252.09,1258.76,1236.87,1245.17,1564219,1.8268
2023-02-14,HDFC,1245.71,1267.82,1238.67,1253.37,2494705,0.656
2023-02-15,HDFC,1251.23,1265.76,1245.0,1259.01,2518721,0.4493
2023-02-16,HDFC,1256.33,1263.83,1255.06,1258.8,1988528,-0.0169
2023-02-17,HDFC,1267.95,1276.04,1253.55,1262.14,1908962,0.2652
2023-02-20,HDFC,1270.55,1281.92,1268.15,1274.36,1059624,0.9631
2023-02-21,HDFC,1288.81,1301.61,1273.73,1288.21,3751910,1.0811
2023-02-22,HDFC,1294.02,1313.8,1289.23,1297.27,1501159,0.7012
2023-02-23,HDFC,1240.15,1264.14,1228.58,1235.29,2623991,-4.8955
2023-02-24,HDFC,1253.07,1268.86,1241.08,1257.06,1877342,1.7468
2023-02-27,HDFC,1256.54,1280.27,1246.96,1261.08,4905762,0.3192
2023-02-28,HDFC,1229.53,1248.05,1221.62,1235.91,2779406,-2.0162
2023-03-01,HDFC,1233.24,1250.59,1209.65,1239.83,1795921,0.317
2023-03-02,HDFC,1252.35,1262.68,1244.27,1245.72,4989958,0.4737
2023-03-03,HDFC,1214.78,1238.27,1193.39,1216.96,4219231,-2.3362
2023-03-06,HDFC,1199.79,1209.05,1177.51,1205.52,3989570,-0.9439
2023-03-07,HDFC,1176.02,1192.81,1153.25,1185.93,1139559,-1.6388
2023-03-08,HDFC,1167.39,1185.82,1147.26,1168.97,4495075,-1.4403
2023-03-09,HDFC,1174.41,1186.23,1155.39,1179.25,1276568,0.8756
2023-03-10,HDFC,1162.63,1168.58,1157.12,1168.53,1316138,-0.9133
2023-03-13,HDFC,1165.87,1175.47,1161.67,1170.4,2114786,0.1599
2023-03-14,HDFC,1184.38,1185.08,1169.39,1183.66,608343,1.1264
2023-03-15,HDFC,1169.39,1183.09,1156.86,1176.22,630715,-0.6308
2023-03-16,HDFC,1188.43,1198.03,1171.3,1190.25,512359,1.1863
2023-03-17,HDFC,1220.32,1243.58,1212.08,1214.94,1920571,2.0527
2023-03-20,HDFC,1227.3,1250.59,1220.27,1230.7,2761832,1.2893
2023-03-21,HDFC,1235.47,1245.11,1218.86,1242.08,965142,0.9199
2023-03-22,HDFC,1264.99,1268.1,1242.95,1258.35,1028906,1.3017
2023-03-23,HDFC,1265.52,1291.32,1256.7,1266.08,2827069,0.6124
2023-03-24,HDFC,1281.44,1299.78,1277.64,1282.56,1352081,1.2933
2023-03-27,HDFC,1263.71,1279.52,1238.8,1260.43,2678175,-1.7406
2023-03-28,HDFC,1258.73,1274.09,1237.8,1259.27,1299513,-0.0918
2023-03-29,HDFC,1267.4,1271.19,1263.25,1266.95,3776091,0.6082
2023-03-30,HDFC,1255.84,1272.48,1237.02,1265.78,3711823,-0.0924
2023-03-31,HDFC,1308.94,1325.83,1305.23,1314.46,4690902,3.7736
2023-04-03,HDFC,1323.16,1334.98,1299.12,1310.96,4789511,-0.2671
2023-04-04,HDFC,1269.98,1301.41,1258.14,1276.62,3796678,-2.6538
2023-04-05,HDFC,1278.37,1279.49,1267.66,1277.93,1045300,0.1027
2023-04-06,HDFC,1305.44,1305.83,1285.31,1294.17,2945403,1.2625
2023-04-07,HDFC,1281.98,1305.44,1265.64,1277.59,980848,-1.2893
2023-04-10,HDFC,1279.0,1301.45,1258.96,1277.14,3541069,-0.035
2023-04-11,HDFC,1270.88,1283.39,1262.47,1276.0,1983573,-0.0898
2023-04-12,HDFC,1271.14,1283.31,1256.39,1275.11,2675916,-0.0694
2023-04-13,HDFC,1262.02,1278.94,1252.97,1263.97,3369329,-0.8774
2023-04-14,HDFC,1287.37,1292.57,1260.24,1285.2,2322095,1.6654
2023-04-17,HDFC,1336.39,1359.79,1309.78,1327.94,2161899,3.2711
2023-04-18,HDFC,1312.35,1319.43,1289.22,1311.58,2510050,-1.2393
2023-04-19,HDFC,1282.7,1287.92,1271.62,1286.38,1753041,-1.9404
2023-04-20,HDFC,1277.6,1291.84,1271.05,1278.22,1517251,-0.6363
2023-04-21,HDFC,1309.14,1328.35,1303.68,1305.74,1018348,2.1305
2023-04-24,HDFC,1303.15,1328.07,1279.7,1300.96,771278,-0.367
2023-04-25,HDFC,1306.76,1324.74,1288.51,1308.39,2560946,0.5694
2023-04-26,HDFC,1283.63,1293.49,1262.55,1290.86,3424094,-1.3485
2023-04-27,HDFC,1333.28,1350.94,1308.12,1326.13,658666,2.6957
2023-04-28,HDFC,1318.81,1322.98,1317.81,1320.53,2661562,-0.4231
2023-05-01,HDFC,1327.38,1332.53,1314.48,1325.75,3326817,0.3941
2023-05-02,HDFC,1305.84,1318.05,1297.19,1310.28,4354374,-1.1739
2023-05-03,HDFC,1288.58,1294.55,1277.4,1293.12,4205834,-1.3183
2023-05-04,HDFC,1296.52,1306.01,1276.03,1293.31,2959910,0.0146
2023-05-05,HDFC,1287.38,1315.46,1272.8,1295.59,4858606,0.1761
2023-05-08,HDFC,1305.09,1314.13,1288.5,1312.72,4497059,1.3142
2023-05-09,HDFC,1289.82,1302.61,1274.78,1280.16,1950281,-2.5116
2023-05-10,HDFC,1267.5,1273.24,1249.76,1262.29,2509581,-1.4064
2023-05-11,HDFC,1252.19,1266.38,1243.71,1249.59,4212951,-1.0109
2023-05-12,HDFC,1245.38,1264.42,1232.65,1252.09,3706264,0.2002
2023-05-15,HDFC,1232.66,1236.76,1224.04,1231.3,2781080,-1.6743
2023-05-16,HDFC,1229.34,1250.76,1224.0,1229.79,2721184,-0.1231
2023-05-17,HDFC,1215.52,1230.41,1192.66,1218.22,1704508,-0.9455
2023-05-18,HDFC,1215.44,1239.95,1208.92,1215.98,2826045,-0.1833
2023-05-19,HDFC,1193.58,1225.85,1178.63,1202.18,933968,-1.142
2023-05-22,HDFC,1172.06,1190.26,1157.37,1184.31,4124437,-1.4974
2023-05-23,HDFC,1191.39,1212.43,1175.9,1189.62,2511395,0.4476
2023-05-24,HDFC,1210.87,1228.29,1192.5,1209.89,2285788,1.6895
2023-05-25,HDFC,1226.53,1237.13,1210.08,1224.99,4402602,1.2401
2023-05-26,HDFC,1250.65,1271.04,1224.69,1245.86,4986934,1.689
2023-05-29,HDFC,1272.56,1283.26,1268.66,1269.31,4763832,1.865
2023-05-30,HDFC,1275.91,1288.48,1264.64,1266.51,4354883,-0.2208
2023-05-31,HDFC,1310.5,1320.24,1288.38,1302.82,2579050,2.8264
2023-06-01,HDFC,1318.33,1340.57,1307.41,1317.94,3913902,1.1542
2023-06-02,HDFC,1300.58,1324.17,1294.04,1299.56,3978999,-1.4048
2023-06-05,HDFC,1288.29,1292.19,1277.76,1286.84,3436839,-0.983
2023-06-06,HDFC,1280.12,1305.23,1263.5,1290.02,1458499,0.2463
2023-06-07,HDFC,1313.44,1316.52,1285.12,1307.43,1616657,1.3408
2023-06-08,HDFC,1307.02,1330.17,1298.48,1303.21,3848183,-0.3233
2023-06-09,HDFC,1273.98,1290.28,1266.53,1284.62,554443,-1.4366
2023-06-12,HDFC,1310.28,1311.22,1296.56,1300.2,596811,1.2057
2023-06-13,HDFC,1276.12,1297.93,1250.69,1278.86,3578806,-1.6553
2023-06-14,HDFC,1284.16,1302.08,1283.65,1284.96,2381872,0.4758
2023-06-15,HDFC,1285.13,1296.62,1281.07,1286.05,4603568,0.0847
2023-06-16,HDFC,1259.58,1276.27,1249.89,1260.66,3962718,-1.9937
2023-06-19,HDFC,1310.49,1330.7,1289.83,1294.98,1631855,2.6859
2023-06-20,HDFC,1293.87,1299.97,1276.27,1295.57,2149743,0.0451
2023-06-21,HDFC,1270.91,1280.73,1270.33,1272.98,1659463,-1.759
2023-06-22,HDFC,1274.28,1286.66,1261.04,1274.16,964528,0.0928
2023-06-23,HDFC,1236.5,1257.49,1231.64,1241.77,1835946,-2.5752
2023-06-26,HDFC,1250.58,1265.93,1232.98,1248.76,4869786,0.5616
2023-06-27,HDFC,1260.05,1277.74,1257.1,1265.25,4977375,1.3116
2023-06-28,HDFC,1321.14,1338.62,1312.64,1317.84,1845106,4.0728
2023-06-29,HDFC,1313.16,1320.6,1291.36,1320.04,2845179,0.1668
2023-06-30,HDFC,1303.48,1315.78,1280.02,1307.32,689964,-0.9684
2023-07-03,HDFC,1305.05,1326.66,1295.62,1311.64,1302116,0.3301
2023-07-04,HDFC,1336.99,1348.77,1321.28,1340.56,2336360,2.1805
2023-07-05,HDFC,1338.87,1376.38,1320.78,1350.94,2486699,0.7714
2023-07-06,HDFC,1351.46,1394.56,1330.9,1368.19,3636408,1.269
2023-07-07,HDFC,1381.93,1394.44,1367.12,1384.16,2047978,1.1601
2023-07-10,HDFC,1384.27,1401.45,1368.25,1394.99,2226786,0.7795
2023-07-11,HDFC,1378.08,1384.26,1344.82,1366.23,3937015,-2.0828
2023-07-12,HDFC,1334.58,1348.85,1319.99,1336.98,4552895,-2.1645
2023-07-13,HDFC,1310.57,1335.67,1291.89,1305.94,3465180,-2.349
2023-07-14,HDFC,1284.93,1291.01,1275.69,1282.95,1458886,-1.7762
2023-07-17,HDFC,1255.83,1270.9,1234.78,1262.54,2489391,-1.6035
2023-07-18,HDFC,1295.78,1313.04,1284.33,1298.51,3104305,2.8096
2023-07-19,HDFC,1289.84,1304.54,1270.87,1285.08,1720375,-1.0403
2023-07-20,HDFC,1291.61,1308.72,1270.98,1287.26,981426,0.1698
2023-07-21,HDFC,1288.37,1307.13,1268.94,1282.82,4284395,-0.3458
2023-07-24,HDFC,1282.58,1307.17,1271.23,1286.8,1031307,0.3103
2023-07-25,HDFC,1292.18,1304.87,1275.9,1288.41,1020099,0.1251
2023-07-26,HDFC,1260.8,1266.42,1258.28,1264.62,1378838,-1.864
2023-07-27,HDFC,1282.72,1300.06,1255.28,1276.26,501604,0.9166
2023-07-28,HDFC,1269.76,1284.81,1261.53,1263.57,1479490,-0.9997
2023-07-31,HDFC,1241.78,1255.72,1217.27,1250.37,986545,-1.0501
2023-08-01,HDFC,1246.6,1267.89,1220.74,1244.88,3467954,-0.4397
2023-08-02,HDFC,1253.43,1279.03,1231.31,1260.33,4527152,1.2334
2023-08-03,HDFC,1254.0,1264.58,1246.92,1248.83,4318584,-0.9168
2023-08-04,HDFC,1243.75,1275.04,1243.1,1250.8,3065787,0.1577
2023-08-07,HDFC,1260.67,1277.73,1243.1,1258.64,4394754,0.6243
2023-08-08,HDFC,1268.41,1292.01,1259.57,1263.75,2303977,0.4052
2023-08-09,HDFC,1268.26,1286.75,1243.99,1267.84,3327295,0.3231
2023-08-10,HDFC,1247.02,1264.74,1225.35,1241.67,1970945,-2.0854
2023-08-11,HDFC,1246.11,1251.54,1222.91,1244.29,2330978,0.2103
2023-08-14,HDFC,1237.19,1247.56,1203.17,1227.57,1031965,-1.3521
2023-08-15,HDFC,1189.24,1211.04,1166.93,1195.83,1691081,-2.62
2023-08-16,HDFC,1185.52,1207.47,1183.02,1187.8,914532,-0.674
2023-08-17,HDFC,1167.51,1200.31,1144.57,1178.83,1819317,-0.7583
2023-08-18,HDFC,1230.77,1234.61,1229.04,1232.59,3632624,4.4603
2023-08-21,HDFC,1243.6,1268.91,1224.24,1251.03,2537978,1.4843
2023-08-22,HDFC,1257.3,1272.82,1238.46,1266.08,4413731,1.1965
2023-08-23,HDFC,1248.83,1276.49,1243.51,1258.62,3330438,-0.5916
2023-08-24,HDFC,1252.41,1263.34,1242.83,1255.37,4919260,-0.2579
2023-08-25,HDFC,1306.66,1321.58,1288.55,1305.01,2998708,3.8774
2023-08-28,HDFC,1295.97,1309.62,1280.01,1292.88,3512369,-0.9339
2023-08-29,HDFC,1304.59,1327.34,1279.81,1298.09,3927297,0.4024
2023-08-30,HDFC,1341.01,1358.54,1331.21,1334.71,1332431,2.782
2023-08-31,HDFC,1313.11,1326.98,1302.42,1320.56,1077430,-1.0655
2023-09-01,HDFC,1318.88,1340.45,1299.96,1323.8,2573234,0.2447
2023-09-04,HDFC,1324.98,1341.96,1323.49,1323.7,1008077,-0.0072
2023-09-05,HDFC,1307.79,1317.32,1289.44,1306.43,4833262,-1.3132
2023-09-06,HDFC,1331.09,1338.09,1307.67,1321.97,4958568,1.1824
2023-09-07,HDFC,1298.43,1323.95,1274.41,1300.3,1352792,-1.653
2023-09-08,HDFC,1320.83,1324.9,1290.46,1315.78,1921877,1.1838
2023-09-11,HDFC,1323.61,1328.31,1305.37,1324.55,1515553,0.6643
2023-09-12,HDFC,1345.18,1361.03,1328.31,1342.78,4871245,1.3669
2023-09-13,HDFC,1341.75,1350.02,1324.93,1339.14,4152719,-0.2713
2023-09-14,HDFC,1347.11,1360.85,1335.13,1347.26,1802440,0.6042
2023-09-15,HDFC,1361.75,1375.76,1340.55,1368.43,3841941,1.5593
2023-09-18,HDFC,1341.94,1351.82,1331.12,1340.08,790833,-2.0934
2023-09-19,HDFC,1320.51,1331.29,1309.9,1316.27,1176775,-1.7927
2023-09-20,HDFC,1328.79,1343.72,1316.35,1328.08,2783817,0.8926
2023-09-21,HDFC,1326.26,1346.96,1317.44,1344.84,1933641,1.2545
2023-09-22,HDFC,1346.66,1359.5,1324.73,1347.85,1388150,0.2233
2023-09-25,HDFC,1371.49,1390.34,1359.33,1366.85,2816841,1.3999
2023-09-26,HDFC,1353.05,1379.0,1342.17,1359.72,4547868,-0.5233
2023-09-27,HDFC,1393.47,1401.02,1378.6,1386.08,2838876,1.9207
2023-09-28,HDFC,1380.61,1399.9,1365.75,1384.85,2446083,-0.0889
2023-09-29,HDFC,1366.85,1379.56,1358.49,1369.04,1014201,-1.1481
2023-10-02,HDFC,1400.34,1401.37,1381.37,1398.9,2484487,2.1573
2023-10-03,HDFC,1410.11,1428.88,1387.38,1416.64,4328579,1.2603
2023-10-04,HDFC,1413.8,1432.85,1386.28,1407.39,2253227,-0.6554
2023-10-05,HDFC,1407.45,1434.07,1390.17,1398.61,4355260,-0.6254
2023-10-06,HDFC,1403.79,1414.72,1387.92,1411.56,999709,0.9213
2023-10-09,HDFC,1389.52,1402.7,1378.88,1390.81,3320339,-1.4808
2023-10-10,HDFC,1411.02,1437.58,1379.61,1397.79,3304704,0.5008
2023-10-11,HDFC,1402.2,1415.37,1370.23,1394.54,1791052,-0.2331
2023-10-12,HDFC,1388.03,1424.33,1364.7,1399.32,1195777,0.3421
2023-10-13,HDFC,1365.72,1384.35,1333.7,1357.8,3648413,-3.012
2023-10-16,HDFC,1316.8,1362.92,1306.2,1339.72,3378703,-1.3405
2023-10-17,HDFC,1349.23,1369.69,1323.27,1345.09,2282674,0.4005
2023-10-18,HDFC,1360.92,1368.75,1350.67,1366.77,2300861,1.5989
2023-10-19,HDFC,1367.5,1388.35,1361.59,1364.36,4606545,-0.1767
2023-10-20,HDFC,1381.21,1384.74,1363.26,1379.5,4338546,1.1038
2023-10-23,HDFC,1350.36,1370.57,1333.36,1349.45,2249315,-2.2024
2023-10-24,HDFC,1344.6,1355.87,1320.27,1340.67,2842041,-0.6529
2023-10-25,HDFC,1343.24,1365.02,1320.66,1346.58,2367491,0.4398
2023-10-26,HDFC,1341.56,1347.22,1317.54,1345.59,4497735,-0.0735
2023-10-27,HDFC,1367.68,1370.8,1342.23,1361.34,2658055,1.1639
2023-10-30,HDFC,1356.42,1359.31,1339.38,1356.38,613859,-0.3653
2023-10-31,HDFC,1347.78,1361.78,1347.36,1351.63,983207,-0.3507
2023-11-01,HDFC,1364.01,1369.85,1360.91,1365.22,3764434,1.0004
2023-11-02,HDFC,1352.74,1354.75,1348.95,1354.53,656584,-0.7861
2023-11-03,HDFC,1334.17,1359.98,1327.26,1336.48,3014765,-1.3415
2023-11-06,HDFC,1349.09,1369.37,1322.06,1346.1,2979145,0.7173
2023-11-07,HDFC,1321.28,1342.14,1302.09,1327.05,1260227,-1.4256
2023-11-08,HDFC,1366.17,1385.96,1338.69,1355.86,3477715,2.1478
2023-11-09,HDFC,1320.65,1328.64,1315.89,1319.17,975868,-2.7431
2023-11-10,HDFC,1301.49,1332.08,1284.44,1313.55,4656797,-0.4274
2023-11-13,HDFC,1348.11,1362.13,1326.6,1346.26,3817141,2.4599
2023-11-14,HDFC,1380.58,1389.5,1372.08,1387.03,1232135,2.9838
2023-11-15,HDFC,1385.22,1403.83,1378.47,1385.41,2189846,-0.1169
2023-11-16,HDFC,1407.76,1436.82,1388.43,1408.83,4533854,1.676
2023-11-17,HDFC,1430.42,1437.75,1422.16,1425.59,843671,1.1827
2023-11-20,HDFC,1420.12,1420.25,1398.94,1415.4,1767481,-0.7173
2023-11-21,HDFC,1427.22,1448.65,1397.83,1425.64,3627760,0.7208
2023-11-22,HDFC,1421.06,1428.98,1406.92,1407.62,2775992,-1.2724
2023-11-23,HDFC,1370.31,1386.44,1365.31,1375.29,1809065,-2.323
2023-11-24,HDFC,1395.48,1395.69,1371.32,1386.01,1231748,0.7764
2023-11-27,HDFC,1407.79,1409.61,1396.07,1398.05,1850137,0.8647
2023-11-28,HDFC,1376.0,1395.51,1354.24,1373.68,2548818,-1.7582
2023-11-29,HDFC,1374.16,1400.66,1368.81,1371.02,869463,-0.1941
2023-11-30,HDFC,1353.52,1369.5,1341.95,1347.11,3200965,-1.7592
2023-12-01,HDFC,1335.98,1360.63,1321.34,1338.09,2401654,-0.672
2023-12-04,HDFC,1326.26,1335.1,1304.63,1329.62,1667290,-0.6347
2023-12-05,HDFC,1341.7,1346.57,1331.85,1344.75,4609113,1.1313
2023-12-06,HDFC,1336.92,1346.2,1333.46,1334.97,4319987,-0.7301
2023-12-07,HDFC,1307.13,1315.66,1298.04,1310.2,4370989,-1.8727
2023-12-08,HDFC,1339.77,1361.21,1337.8,1344.63,4729488,2.5936
2023-12-11,HDFC,1347.9,1380.83,1342.82,1354.92,1989726,0.7624
2023-12-12,HDFC,1366.77,1379.88,1353.97,1373.53,2076042,1.364
2023-12-13,HDFC,1381.96,1411.4,1357.61,1386.39,1880612,0.9323
2023-12-14,HDFC,1402.04,1421.49,1376.99,1406.38,1570683,1.4316
2023-12-15,HDFC,1416.66,1419.55,1395.96,1415.9,4398465,0.6748
2023-12-18,HDFC,1420.57,1441.39,1396.64,1426.1,2008408,0.7177
2023-12-19,HDFC,1432.63,1446.01,1413.83,1429.11,3828169,0.211
2023-12-20,HDFC,1433.99,1455.47,1392.88,1420.02,4853174,-0.6387
2023-12-21,HDFC,1448.31,1470.0,1415.29,1439.32,1416990,1.35
2023-12-22,HDFC,1426.29,1452.28,1407.55,1433.9,1896071,-0.3769
2023-12-25,HDFC,1434.57,1455.91,1427.86,1436.72,4542264,0.1966
2023-12-26,HDFC,1435.83,1462.56,1413.97,1445.01,2308883,0.5751
2023-12-27,HDFC,1456.61,1463.5,1429.72,1455.19,4603925,0.7018
2023-12-28,HDFC,1435.31,1461.88,1419.78,1433.5,3113694,-1.5015
2023-12-29,HDFC,1439.37,1445.47,1427.67,1438.12,2031974,0.3218
2024-01-01,HDFC,1409.12,1433.41,1398.84,1416.55,2537295,-1.5112
2024-01-02,HDFC,1416.02,1442.62,1394.72,1420.64,4517776,0.2879
2024-01-03,HDFC,1444.51,1446.93,1410.32,1437.64,695632,1.1897
2024-01-04,HDFC,1480.21,1493.53,1465.44,1477.27,3486285,2.7198
2024-01-05,HDFC,1483.96,1491.32,1480.8,1490.43,4326528,0.8865
2024-01-08,HDFC,1500.48,1517.0,1499.21,1510.17,4440290,1.3159
2024-01-09,HDFC,1485.49,1504.94,1460.78,1486.03,2955325,-1.6116
2024-01-10,HDFC,1497.45,1525.74,1488.15,1498.37,2234309,0.8273
2024-01-11,HDFC,1464.33,1482.77,1440.22,1473.81,4924830,-1.6532
2024-01-12,HDFC,1498.62,1525.99,1495.14,1500.93,2291650,1.8237
2024-01-15,HDFC,1473.83,1492.92,1472.67,1477.41,2269831,-1.5793
2024-01-16,HDFC,1451.93,1478.37,1442.94,1456.21,2762661,-1.4457
2024-01-17,HDFC,1469.93,1496.95,1460.65,1473.08,2683360,1.1521
2024-01-18,HDFC,1513.04,1532.29,1480.83,1510.97,1686060,2.5397
2024-01-19,HDFC,1536.13,1549.12,1528.11,1535.44,2289221,1.6068
2024-01-22,HDFC,1537.21,1555.16,1504.97,1527.62,2918023,-0.511
2024-01-23,HDFC,1506.91,1527.74,1477.69,1505.42,1055976,-1.464
2024-01-24,HDFC,1502.11,1527.98,1472.67,1496.09,2791085,-0.6218
2024-01-25,HDFC,1489.29,1515.65,1460.27,1499.21,3778151,0.2086
2024-01-26,HDFC,1498.91,1525.1,1492.75,1497.77,1346432,-0.0961
2024-01-29,HDFC,1472.38,1486.59,1452.25,1475.13,1562467,-1.5233
2024-01-30,HDFC,1509.61,1532.53,1488.46,1504.16,4529948,1.9492
2024-01-31,HDFC,1536.22,1554.95,1507.57,1534.27,4553042,1.9819
2024-02-01,HDFC,1591.02,1593.48,1555.13,1578.59,970710,2.8474
2024-02-02,HDFC,1532.89,1555.53,1509.0,1540.06,722303,-2.4707
2024-02-05,HDFC,1516.39,1545.04,1504.67,1521.8,4470315,-1.1929
2024-02-06,HDFC,1530.45,1551.03,1507.16,1527.84,4903984,0.3963
2024-02-07,HDFC,1527.27,1545.48,1500.35,1528.26,2920516,0.0273
2024-02-08,HDFC,1511.13,1542.36,1505.17,1518.29,4330389,-0.6543
2024-02-09,HDFC,1502.01,1529.15,1498.27,1499.22,2669243,-1.2643
2024-02-12,HDFC,1473.58,1481.48,1464.4,1477.24,1862069,-1.4766
2024-02-13,HDFC,1526.56,1534.36,1496.84,1523.13,4363162,3.0592
2024-02-14,HDFC,1478.5,1520.66,1464.76,1491.17,2708842,-2.1205
2024-02-15,HDFC,1454.89,1464.07,1447.42,1457.03,2539563,-2.3163
2024-02-16,HDFC,1432.7,1456.41,1405.5,1431.58,3130216,-1.7623
2024-02-19,HDFC,1437.22,1452.51,1434.79,1436.0,1863155,0.3083
2024-02-20,HDFC,1435.42,1446.47,1407.34,1430.42,1755091,-0.3896
2024-02-21,HDFC,1437.85,1460.55,1414.87,1439.61,1210764,0.6404
2024-02-22,HDFC,1427.9,1449.41,1409.92,1424.71,921609,-1.04
2024-02-23,HDFC,1426.39,1434.65,1418.86,1426.88,3595247,0.1521
2024-02-26,HDFC,1434.22,1434.54,1416.56,1428.98,2538062,0.1471
2024-02-27,HDFC,1452.18,1486.21,1441.89,1463.43,4248784,2.3822
2024-02-28,HDFC,1483.73,1524.04,1479.53,1503.31,3113279,2.6885
2024-02-29,HDFC,1509.61,1513.25,1482.36,1500.21,2795987,-0.2064
2024-03-01,HDFC,1515.56,1521.0,1509.62,1519.88,4879430,1.3024
2024-03-04,HDFC,1510.91,1544.02,1480.81,1523.89,1771249,0.2636
2024-03-05,HDFC,1540.68,1560.46,1522.98,1541.92,4323210,1.1761
2024-03-06,HDFC,1547.13,1574.83,1543.51,1551.15,4733724,0.5973
2024-03-07,HDFC,1571.58,1599.03,1549.4,1568.69,3105704,1.1239
2024-03-08,HDFC,1593.12,1614.27,1577.12,1589.2,3409525,1.2996
2024-03-11,HDFC,1596.34,1620.01,1590.41,1599.68,4351387,0.6569
2024-03-12,HDFC,1610.73,1627.5,1593.75,1603.28,2951848,0.2252
2024-03-13,HDFC,1619.02,1647.33,1610.74,1628.89,2504979,1.5842
2024-03-14,HDFC,1606.82,1657.6,1588.09,1625.92,4064554,-0.182
2024-03-15,HDFC,1613.45,1614.95,1603.37,1612.26,4487766,-0.8441
2024-03-18,HDFC,1573.39,1592.55,1571.88,1575.42,2003427,-2.3113
2024-03-19,HDFC,1570.8,1593.67,1545.1,1585.82,2581495,0.658
2024-03-20,HDFC,1607.58,1630.9,1593.55,1602.69,3813406,1.0585
2024-03-21,HDFC,1548.83,1585.48,1539.39,1562.09,3550573,-2.5659
2024-03-22,HDFC,1547.22,1556.3,1533.81,1548.09,2078083,-0.9007
2024-03-25,HDFC,1571.94,1595.79,1541.09,1565.94,3747815,1.1465
2024-03-26,HDFC,1564.89,1585.04,1543.65,1562.88,1661227,-0.1955
2024-03-27,HDFC,1566.06,1595.71,1561.75,1564.49,1107650,0.1029
2024-03-28,HDFC,1582.61,1612.25,1568.06,1586.37,1547140,1.389
2024-03-29,HDFC,1585.45,1609.93,1560.14,1584.12,4887867,-0.1422
2024-04-01,HDFC,1597.65,1602.13,1592.3,1593.59,4476089,0.5965
2024-04-02,HDFC,1563.22,1599.23,1561.96,1568.28,1090454,-1.6014
2024-04-03,HDFC,1567.97,1602.0,1545.96,1576.89,4124636,0.5473
2024-04-04,HDFC,1551.94,1578.09,1530.34,1545.84,2156983,-1.9883
2024-04-05,HDFC,1530.41,1553.41,1511.4,1516.37,1437089,-1.9251
2024-04-08,HDFC,1516.51,1542.43,1485.08,1505.26,1738235,-0.7351
2024-04-09,HDFC,1498.07,1536.49,1495.62,1518.01,815876,0.8432
2024-04-10,HDFC,1529.01,1529.42,1505.99,1519.51,1424821,0.0987
2024-04-11,HDFC,1497.16,1515.84,1472.61,1501.92,1195698,-1.1639
2024-04-12,HDFC,1535.83,1543.46,1516.74,1522.13,1223371,1.3362
2024-04-15,HDFC,1521.79,1539.25,1503.84,1529.73,1884013,0.4981
2024-04-16,HDFC,1545.44,1562.77,1533.98,1554.21,4578608,1.5876
2024-04-17,HDFC,1533.5,1553.25,1506.1,1533.89,3244212,-1.3161
2024-04-18,HDFC,1564.41,1592.26,1544.18,1567.56,1332547,2.1714
2024-04-19,HDFC,1602.69,1633.44,1591.18,1605.52,3494506,2.3929
2024-04-22,HDFC,1635.63,1664.22,1612.02,1627.95,4698178,1.3874
2024-04-23,HDFC,1650.38,1651.05,1622.98,1640.24,1012698,0.7518
2024-04-24,HDFC,1645.03,1677.76,1612.64,1652.83,1615034,0.7647
2024-04-25,HDFC,1675.0,1706.16,1636.61,1661.38,2545917,0.516
2024-04-26,HDFC,1617.82,1653.02,1594.72,1627.83,1150118,-2.0397
2024-04-29,HDFC,1608.73,1617.36,1577.08,1613.6,2844367,-0.878
2024-04-30,HDFC,1631.82,1663.07,1606.47,1611.41,3288240,-0.1361
2024-05-01,HDFC,1589.95,1605.91,1572.19,1587.01,1666403,-1.5256
2024-05-02,HDFC,1616.54,1640.49,1585.44,1621.86,1642859,2.1723
2024-05-03,HDFC,1636.57,1645.83,1606.55,1634.41,3784177,0.7705
2024-05-06,HDFC,1684.95,1713.49,1672.15,1679.03,2989283,2.6935
2024-05-07,HDFC,1702.26,1732.12,1685.07,1699.39,3178435,1.2052
2024-05-08,HDFC,1675.15,1702.48,1658.23,1664.49,785260,-2.0751
2024-05-09,HDFC,1690.44,1704.82,1666.75,1697.78,3788726,1.9805
2024-05-10,HDFC,1681.17,1690.97,1660.41,1686.68,3035927,-0.656
2024-05-13,HDFC,1714.24,1755.53,1694.31,1721.91,3643192,2.0668
2024-05-14,HDFC,1754.34,1792.39,1722.65,1761.65,1982890,2.2821
2024-05-15,HDFC,1798.48,1829.28,1794.49,1798.1,4536039,2.0475
2024-05-16,HDFC,1817.93,1856.15,1783.73,1827.65,552921,1.6301
2024-05-17,HDFC,1842.61,1846.53,1822.1,1839.93,3528719,0.6701
2024-05-20,HDFC,1845.84,1864.84,1839.02,1840.02,768045,0.0045
2024-05-21,HDFC,1881.59,1897.54,1847.17,1893.17,4100537,2.8476
2024-05-22,HDFC,1895.31,1917.37,1860.01,1901.3,4227802,0.4286
2024-05-23,HDFC,1885.89,1896.83,1850.3,1890.72,2792463,-0.5579
2024-05-24,HDFC,1901.59,1921.93,1869.84,1903.68,2991949,0.6829
2024-05-27,HDFC,1935.56,1963.17,1924.78,1937.15,1567506,1.7432
2024-05-28,HDFC,1979.05,2012.34,1958.84,1970.13,548998,1.688
2024-05-29,HDFC,1948.18,1951.32,1925.96,1938.68,908933,-1.6091
2024-05-30,HDFC,1962.78,2005.91,1953.93,1970.75,1546028,1.6405
2024-05-31,HDFC,1998.52,2006.1,1955.45,1991.63,2702540,1.054
2024-06-03,HDFC,1995.35,2033.01,1960.53,1981.73,1352149,-0.4982
2024-06-04,HDFC,1969.61,1988.58,1947.34,1957.77,4092515,-1.2167
2024-06-05,HDFC,2002.67,2004.94,1969.72,2000.62,3678213,2.1651
2024-06-06,HDFC,2046.88,2079.82,2021.18,2047.43,3125010,2.3133
2024-06-07,HDFC,2081.92,2098.62,2066.13,2096.64,3478324,2.3747
2024-06-10,HDFC,2052.07,2082.12,2014.55,2056.31,616193,-1.9419
2024-06-11,HDFC,2034.95,2082.95,2012.35,2050.27,1663248,-0.2944
2024-06-12,HDFC,2064.13,2083.24,2026.65,2052.43,1576434,0.1054
2024-06-13,HDFC,2096.86,2128.24,2095.5,2099.63,599198,2.2737
2024-06-14,HDFC,2124.73,2149.99,2097.96,2125.65,2484820,1.2314
2024-06-17,HDFC,2112.4,2121.93,2094.96,2118.95,2247268,-0.3158
2024-06-18,HDFC,2109.55,2153.99,2077.98,2124.53,2309932,0.263
2024-06-19,HDFC,2155.48,2196.55,2145.94,2147.83,3524149,1.0907
2024-06-20,HDFC,2177.94,2192.87,2155.72,2172.48,3637895,1.1415
2024-06-21,HDFC,2238.79,2244.44,2225.47,2228.39,1976053,2.5408
2024-06-24,HDFC,2258.11,2289.74,2216.05,2278.07,1290819,2.2048
2024-06-25,HDFC,2336.85,2366.56,2302.05,2321.54,2189901,1.8906
2024-06-26,HDFC,2294.1,2340.69,2287.72,2295.54,2164158,-1.1263
2024-06-27,HDFC,2280.75,2317.78,2238.15,2271.92,875283,-1.0343
2024-06-28,HDFC,2209.35,2273.83,2170.39,2238.86,2911985,-1.4661
2024-07-01,HDFC,2258.19,2274.46,2218.62,2253.56,2221366,0.6547
2024-07-02,HDFC,2237.37,2265.5,2199.31,2238.19,4926774,-0.6844
2024-07-03,HDFC,2256.24,2276.99,2218.03,2258.73,1108236,0.9135
2024-07-04,HDFC,2283.28,2287.09,2238.1,2284.4,4663419,1.1301
2024-07-05,HDFC,2286.49,2315.86,2269.87,2293.32,2042422,0.3897
2024-07-08,HDFC,2308.78,2350.68,2292.69,2325.2,2217666,1.3806
2024-07-09,HDFC,2289.72,2343.35,2284.61,2304.29,1660361,-0.9035
2024-07-10,HDFC,2255.53,2289.95,2216.55,2255.23,2003230,-2.1522
2024-07-11,HDFC,2247.56,2267.98,2191.37,2232.92,712462,-0.9938
2024-07-12,HDFC,2275.16,2297.8,2249.86,2262.64,4773621,1.3219
2024-07-15,HDFC,2330.17,2367.11,2298.86,2327.49,2007410,2.8261
2024-07-16,HDFC,2375.49,2395.08,2363.85,2381.31,4377134,2.2859
2024-07-17,HDFC,2400.33,2417.61,2334.87,2375.82,3957561,-0.2306
2024-07-18,HDFC,2420.22,2463.96,2411.68,2412.01,3695876,1.5115
2024-07-19,HDFC,2371.07,2407.13,2331.18,2364.05,2229585,-2.0085
2024-07-22,HDFC,2405.25,2467.07,2379.14,2421.39,3297306,2.3966
2024-07-23,HDFC,2445.55,2488.53,2428.45,2442.43,2094816,0.8651
2024-07-24,HDFC,2458.21,2511.24,2412.83,2473.52,3779917,1.2652
2024-07-25,HDFC,2430.56,2443.27,2382.45,2405.52,4217018,-2.7876
2024-07-26,HDFC,2414.1,2449.56,2388.78,2424.29,3693760,0.7773
2024-07-29,HDFC,2486.87,2515.22,2482.72,2494.43,2325240,2.8521
2024-07-30,HDFC,2499.58,2527.3,2478.99,2507.72,4265310,0.5313
2024-07-31,HDFC,2501.9,2545.6,2493.95,2506.54,537866,-0.0471
2024-08-01,HDFC,2507.61,2527.04,2471.52,2499.23,3755924,-0.2922
2024-08-02,HDFC,2474.67,2481.98,2446.01,2474.63,4267974,-0.989
2024-08-05,HDFC,2480.8,2498.09,2468.16,2480.27,3425942,0.2276
2024-08-06,HDFC,2446.46,2485.96,2391.7,2437.7,2652172,-1.7313
2024-08-07,HDFC,2437.89,2481.48,2423.13,2456.53,4715651,0.7695
2024-08-08,HDFC,2509.49,2510.12,2467.42,2500.13,668348,1.7594
2024-08-09,HDFC,2488.1,2519.11,2437.73,2486.42,4733067,-0.5498
2024-08-12,HDFC,2494.35,2511.9,2454.26,2503.15,1715769,0.6704
2024-08-13,HDFC,2504.78,2510.17,2465.77,2503.13,2375864,-0.0009
2024-08-14,HDFC,2521.82,2537.17,2517.41,2520.39,1720789,0.6874
2024-08-15,HDFC,2523.92,2596.87,2497.46,2557.47,4993392,1.4605
2024-08-16,HDFC,2593.58,2596.18,2537.04,2575.88,2219732,0.717
2024-08-19,HDFC,2627.6,2638.49,2577.31,2611.82,2269067,1.3856
2024-08-20,HDFC,2617.63,2645.52,2587.91,2634.84,3239494,0.8777
2024-08-21,HDFC,2661.62,2715.68,2612.59,2671.72,1620481,1.3899
2024-08-22,HDFC,2705.16,2718.69,2656.9,2686.97,2018758,0.5694
2024-08-23,HDFC,2711.91,2743.33,2657.65,2702.93,1433205,0.592
2024-08-26,HDFC,2739.03,2745.94,2685.28,2733.71,3745650,1.1326
2024-08-27,HDFC,2739.3,2782.64,2690.36,2733.34,1035122,-0.0136
2024-08-28,HDFC,2759.62,2774.01,2746.21,2754.47,3478633,0.7699
2024-08-29,HDFC,2705.98,2745.56,2664.04,2720.47,2142172,-1.2421
2024-08-30,HDFC,2642.53,2667.6,2600.92,2650.01,982105,-2.624
2024-09-02,HDFC,2669.44,2704.54,2620.4,2656.19,4856417,0.2329
2024-09-03,HDFC,2635.64,2649.27,2607.51,2627.02,2039252,-1.1041
2024-09-04,HDFC,2710.58,2710.6,2691.09,2706.74,1960269,2.9893
2024-09-05,HDFC,2668.23,2705.04,2633.5,2676.9,861894,-1.1084
2024-09-06,HDFC,2723.63,2776.73,2670.67,2710.22,4637992,1.2371
2024-09-09,HDFC,2670.9,2728.47,2621.76,2683.87,4585599,-0.9771
2024-09-10,HDFC,2705.15,2758.87,2666.93,2685.27,982347,0.052
2024-09-11,HDFC,2633.36,2666.45,2618.14,2642.95,1785336,-1.5886
2024-09-12,HDFC,2586.35,2627.17,2548.0,2597.67,1158944,-1.7281
2024-09-13,HDFC,2611.47,2653.13,2559.98,2611.07,3665968,0.5147
2024-09-16,HDFC,2600.56,2618.1,2582.7,2597.8,1233894,-0.5098
2024-09-17,HDFC,2630.42,2636.36,2614.72,2629.14,2271094,1.1994
2024-09-18,HDFC,2663.37,2690.16,2615.77,2681.11,2972743,1.9572
2024-09-19,HDFC,2625.51,2676.05,2606.12,2619.99,4800207,-2.306
2024-09-20,HDFC,2676.86,2719.17,2641.69,2663.82,4963478,1.6591
2024-09-23,HDFC,2625.14,2641.38,2573.06,2626.21,2410545,-1.422
2024-09-24,HDFC,2593.44,2654.46,2551.9,2613.64,1418152,-0.4796
2024-09-25,HDFC,2557.06,2595.86,2544.29,2559.77,3085584,-2.0828
2024-09-26,HDFC,2493.92,2531.67,2446.42,2508.13,2002136,-2.038
2024-09-27,HDFC,2412.96,2437.6,2372.25,2436.49,2514803,-2.8978
2024-09-30,HDFC,2415.6,2457.51,2368.54,2422.24,4340061,-0.5867
2024-10-01,HDFC,2444.64,2458.84,2405.4,2424.95,2406847,0.1118
2024-10-02,HDFC,2410.96,2425.06,2378.79,2411.96,2890441,-0.5372
2024-10-03,HDFC,2345.3,2373.21,2327.39,2348.5,3004283,-2.666
2024-10-04,HDFC,2289.12,2301.3,2260.85,2281.02,2051757,-2.9154
2024-10-07,HDFC,2288.8,2321.59,2251.19,2281.83,4533080,0.0352
2024-10-08,HDFC,2292.53,2322.94,2273.52,2309.45,2402210,1.2035
2024-10-09,HDFC,2340.19,2377.94,2299.09,2318.52,3199408,0.3917
2024-10-10,HDFC,2387.23,2408.11,2359.03,2384.88,3807839,2.8219
2024-10-11,HDFC,2394.8,2419.54,2378.88,2383.99,4205725,-0.0372
2024-10-14,HDFC,2388.65,2397.45,2341.55,2395.77,2130689,0.4931
2024-10-15,HDFC,2372.08,2396.48,2332.85,2395.5,657151,-0.0115
2024-10-16,HDFC,2366.67,2378.09,2343.84,2368.05,3480453,-1.1523
2024-10-17,HDFC,2349.68,2379.14,2314.16,2362.7,952903,-0.2264
2024-10-18,HDFC,2407.1,2415.58,2345.34,2393.08,4104135,1.2778
2024-10-21,HDFC,2408.09,2449.65,2383.22,2425.28,4980489,1.3364
2024-10-22,HDFC,2439.13,2468.46,2403.51,2438.81,755953,0.5563
2024-10-23,HDFC,2505.37,2545.62,2493.64,2497.88,598827,2.3934
2024-10-24,HDFC,2520.93,2546.84,2467.48,2515.59,3874401,0.7062
2024-10-25,HDFC,2522.12,2547.02,2513.75,2528.45,3681202,0.5101
2024-10-28,HDFC,2563.57,2634.38,2522.5,2586.59,4749311,2.2733
2024-10-29,HDFC,2540.22,2581.81,2515.44,2559.51,1077920,-1.0525
2024-10-30,HDFC,2605.55,2630.14,2571.96,2615.45,861730,2.162
2024-10-31,HDFC,2559.85,2581.95,2529.34,2578.03,2158226,-1.4409
2024-11-01,HDFC,2567.31,2577.76,2545.98,2568.28,867729,-0.379
2024-11-04,HDFC,2489.47,2533.54,2442.06,2499.0,4564126,-2.7346
2024-11-05,HDFC,2492.72,2518.89,2477.25,2508.93,3269519,0.3969
2024-11-06,HDFC,2541.62,2578.52,2529.88,2559.83,3515995,2.0084
2024-11-07,HDFC,2504.49,2525.97,2459.7,2524.58,3543958,-1.3867
2024-11-08,HDFC,2513.69,2533.41,2498.9,2514.4,2829414,-0.4042
2024-11-11,HDFC,2497.35,2539.04,2491.97,2506.55,2580237,-0.3125
2024-11-12,HDFC,2499.3,2510.26,2491.15,2498.98,1478158,-0.3026
2024-11-13,HDFC,2459.55,2460.69,2441.98,2460.5,4710057,-1.5518
2024-11-14,HDFC,2459.87,2503.42,2416.66,2462.38,2979358,0.0763
2024-11-15,HDFC,2529.72,2566.2,2488.08,2521.56,1069859,2.375
2022-01-03,WIPRO,425.12,431.99,422.78,427.61,4722576,1.7954
2022-01-04,WIPRO,429.3,431.68,424.09,427.18,4960790,-0.0994
2022-01-05,WIPRO,421.07,422.19,413.31,419.31,4521940,-1.8611
2022-01-06,WIPRO,425.59,431.97,424.26,425.98,4282826,1.5795
2022-01-07,WIPRO,408.38,414.41,401.51,409.51,630888,-3.943
2022-01-10,WIPRO,404.3,414.54,399.89,406.84,933487,-0.6542
2022-01-11,WIPRO,403.25,409.24,396.39,400.67,4519729,-1.5287
2022-01-12,WIPRO,410.71,417.89,409.66,413.17,2119325,3.0711
2022-01-13,WIPRO,422.0,430.25,421.43,427.97,1228598,3.5195
2022-01-14,WIPRO,432.35,434.08,424.37,431.69,2913913,0.8663
2022-01-17,WIPRO,423.92,431.27,422.05,426.81,4641941,-1.1376
2022-01-18,WIPRO,441.6,445.91,437.75,441.84,4083726,3.4623
2022-01-19,WIPRO,432.87,439.33,428.48,435.8,2382536,-1.3768
2022-01-20,WIPRO,422.76,427.73,422.55,423.99,1365340,-2.7481
2022-01-21,WIPRO,407.69,409.42,401.81,407.55,3948173,-3.9542
2022-01-24,WIPRO,409.02,412.46,404.03,408.47,909087,0.2247
2022-01-25,WIPRO,397.42,397.73,387.6,394.77,1014889,-3.41
2022-01-26,WIPRO,406.22,410.77,405.15,406.22,3801479,2.8577
2022-01-27,WIPRO,401.82,406.3,400.26,401.61,1332184,-1.1409
2022-01-28,WIPRO,391.02,396.71,389.0,391.49,596200,-2.5528
2022-01-31,WIPRO,402.25,407.99,397.96,400.4,4959853,2.2513
2022-02-01,WIPRO,405.25,413.05,397.61,407.56,2819890,1.7717
2022-02-02,WIPRO,420.51,428.2,415.73,421.43,4026960,3.3468
2022-02-03,WIPRO,407.42,408.51,405.22,407.43,3678470,-3.379
2022-02-04,WIPRO,390.46,399.19,388.78,392.23,4207738,-3.8002
2022-02-07,WIPRO,407.58,410.74,400.52,404.75,3501378,3.1414
2022-02-08,WIPRO,383.35,388.46,381.2,382.74,3695952,-5.5925
2022-02-09,WIPRO,371.33,374.52,370.73,373.62,2795388,-2.411
2022-02-10,WIPRO,374.87,376.55,369.44,374.11,1224446,0.1307
2022-02-11,WIPRO,366.75,373.58,359.49,364.36,4015869,-2.6389
2022-02-14,WIPRO,364.66,366.99,364.12,365.98,2677624,0.4426
2022-02-15,WIPRO,360.18,363.53,354.12,357.74,3155430,-2.2773
2022-02-16,WIPRO,367.64,368.33,362.97,367.16,1866466,2.6002
2022-02-17,WIPRO,372.92,373.62,367.81,372.55,4205493,1.4556
2022-02-18,WIPRO,376.92,384.42,374.62,374.68,3898396,0.5702
2022-02-21,WIPRO,372.48,377.24,366.19,372.1,3113578,-0.69
2022-02-22,WIPRO,365.27,369.92,360.71,364.56,1317436,-2.047
2022-02-23,WIPRO,363.82,365.79,360.65,363.65,2445953,-0.2494
2022-02-24,WIPRO,351.76,355.95,348.67,354.88,1661962,-2.4437
2022-02-25,WIPRO,369.58,374.12,365.48,368.82,3189804,3.8539
2022-02-28,WIPRO,371.72,373.58,364.94,371.26,807177,0.6585
2022-03-01,WIPRO,364.23,366.9,359.22,364.92,2412783,-1.7202
2022-03-02,WIPRO,371.81,379.77,369.68,376.61,4912186,3.1517
2022-03-03,WIPRO,377.51,379.21,376.24,376.34,1443016,-0.0723
2022-03-04,WIPRO,385.43,394.36,382.52,387.09,2721638,2.8175
2022-03-07,WIPRO,395.67,402.51,394.17,397.91,2621305,2.757
2022-03-08,WIPRO,399.03,402.03,394.18,401.48,4399970,0.893
2022-03-09,WIPRO,387.66,395.27,382.69,391.49,4766364,-2.5188
2022-03-10,WIPRO,387.95,392.3,384.55,387.05,4256570,-1.141
2022-03-11,WIPRO,420.84,423.86,408.76,415.94,3145632,7.1982
2022-03-14,WIPRO,410.27,418.65,402.21,411.46,2390309,-1.0824
2022-03-15,WIPRO,411.11,415.4,405.58,409.43,3777663,-0.4947
2022-03-16,WIPRO,405.48,407.61,401.65,405.67,728511,-0.9238
2022-03-17,WIPRO,398.74,403.06,397.57,398.19,3457813,-1.8592
2022-03-18,WIPRO,403.79,409.76,396.69,403.92,1908446,1.4279
2022-03-21,WIPRO,394.87,397.3,392.2,393.33,2576269,-2.6578
2022-03-22,WIPRO,384.59,393.68,379.75,386.92,3421518,-1.6416
2022-03-23,WIPRO,389.59,390.03,384.37,389.4,2332433,0.6374
2022-03-24,WIPRO,389.73,392.05,384.85,387.53,1832189,-0.4812
2022-03-25,WIPRO,390.23,397.47,388.1,388.87,1392701,0.3462
2022-03-28,WIPRO,389.34,391.42,383.62,388.71,2312302,-0.042
2022-03-29,WIPRO,379.96,380.54,377.18,379.78,569602,-2.3244
2022-03-30,WIPRO,390.44,391.5,389.24,391.14,4375754,2.9492
2022-03-31,WIPRO,399.56,406.3,392.26,400.27,4384237,2.306
2022-04-01,WIPRO,389.72,395.41,385.93,392.77,3556144,-1.8912
2022-04-04,WIPRO,397.61,403.69,391.06,396.61,1749205,0.9735
2022-04-05,WIPRO,395.5,400.65,390.46,392.82,3946207,-0.9612
2022-04-06,WIPRO,402.09,408.13,400.31,401.5,3163249,2.1867
2022-04-07,WIPRO,408.58,416.07,408.26,408.54,1690935,1.7379
2022-04-08,WIPRO,420.27,427.12,416.13,419.02,2580108,2.5321
2022-04-11,WIPRO,406.88,412.48,406.47,411.24,860462,-1.8746
2022-04-12,WIPRO,399.31,407.59,391.4,400.32,991085,-2.6896
2022-04-13,WIPRO,385.65,388.38,383.85,385.79,2196686,-3.697
2022-04-14,WIPRO,403.6,413.63,402.59,407.08,659576,5.3704
2022-04-15,WIPRO,414.94,419.27,407.8,414.61,4413036,1.8323
2022-04-18,WIPRO,421.21,426.64,414.48,425.14,4737118,2.5099
2022-04-19,WIPRO,414.64,420.36,404.97,413.21,1980049,-2.8475
2022-04-20,WIPRO,419.05,424.66,416.54,418.58,2128698,1.291
2022-04-21,WIPRO,404.11,411.84,403.72,404.49,3964214,-3.4233
2022-04-22,WIPRO,409.83,413.19,402.37,408.27,1913648,0.9302
2022-04-25,WIPRO,408.82,414.82,401.92,408.52,4036300,0.0609
2022-04-26,WIPRO,407.14,411.36,403.33,406.17,882388,-0.5766
2022-04-27,WIPRO,402.44,406.87,394.35,401.87,2899729,-1.0642
2022-04-28,WIPRO,409.75,414.34,403.42,411.52,512896,2.3716
2022-04-29,WIPRO,410.51,413.48,403.98,407.32,3768881,-1.0259
2022-05-02,WIPRO,421.18,427.94,412.55,418.58,3757284,2.7267
2022-05-03,WIPRO,419.16,424.48,418.26,418.26,2570049,-0.0747
2022-05-04,WIPRO,421.8,427.59,418.62,421.49,4489895,0.7673
2022-05-05,WIPRO,427.83,435.8,424.79,426.24,3490999,1.1206
2022-05-06,WIPRO,432.97,438.94,427.63,430.26,1646051,0.9393
2022-05-09,WIPRO,436.43,442.84,430.51,432.31,3157237,0.4769
2022-05-10,WIPRO,450.2,458.4,443.76,451.42,2512781,4.3252
2022-05-11,WIPRO,464.24,468.22,454.17,461.82,3644251,2.2776
2022-05-12,WIPRO,438.7,442.93,437.12,438.89,3293093,-5.0934
2022-05-13,WIPRO,433.64,445.71,430.02,437.15,4005770,-0.3964
2022-05-16,WIPRO,452.32,457.38,445.04,450.43,1251422,2.9921
2022-05-17,WIPRO,446.51,449.86,441.97,443.25,600016,-1.6062
2022-05-18,WIPRO,445.54,446.06,440.18,443.38,2166274,0.0293
2022-05-19,WIPRO,443.8,446.09,442.07,444.18,826278,0.1787
2022-05-20,WIPRO,459.53,466.68,453.48,458.64,2702772,3.2042
2022-05-23,WIPRO,450.8,459.15,441.12,449.23,2112970,-2.0734
2022-05-24,WIPRO,442.54,449.48,437.19,441.27,3400527,-1.7865
2022-05-25,WIPRO,448.59,455.73,439.86,445.85,3545739,1.031
2022-05-26,WIPRO,451.14,459.04,442.55,449.02,4918913,0.7094
2022-05-27,WIPRO,452.51,457.86,443.55,453.82,551391,1.0641
2022-05-30,WIPRO,456.91,458.18,451.11,456.85,2736013,0.6645
2022-05-31,WIPRO,454.71,461.51,453.03,455.86,4093060,-0.217
2022-06-01,WIPRO,461.46,469.85,460.99,461.09,1657441,1.1406
2022-06-02,WIPRO,458.75,467.2,457.48,463.08,4385019,0.4307
2022-06-03,WIPRO,465.31,472.91,459.72,460.87,3440228,-0.4782
2022-06-06,WIPRO,458.58,468.44,453.79,460.38,2723523,-0.1068
2022-06-07,WIPRO,454.36,456.26,450.37,455.53,1016376,-1.0593
2022-06-08,WIPRO,449.4,453.24,443.69,449.21,3059919,-1.3959
2022-06-09,WIPRO,451.21,458.46,450.51,454.34,525219,1.1352
2022-06-10,WIPRO,441.97,446.54,434.71,442.71,1903998,-2.5937
2022-06-13,WIPRO,449.32,451.69,447.96,448.94,2192666,1.3978
2022-06-14,WIPRO,450.35,454.75,440.56,446.67,883121,-0.5077
2022-06-15,WIPRO,446.15,452.61,439.66,445.84,813204,-0.1863
2022-06-16,WIPRO,443.45,450.39,438.41,444.35,4499867,-0.3345
2022-06-17,WIPRO,446.4,457.28,444.84,448.93,2647879,1.0265
2022-06-20,WIPRO,467.46,474.33,456.84,462.51,914989,2.9803
2022-06-21,WIPRO,479.78,487.02,470.72,479.6,1970682,3.6271
2022-06-22,WIPRO,490.05,492.89,481.96,489.85,3178336,2.1152
2022-06-23,WIPRO,487.35,491.02,486.08,490.72,4523930,0.1771
2022-06-24,WIPRO,500.03,505.16,495.42,498.72,2507276,1.6188
2022-06-27,WIPRO,477.65,486.52,470.1,479.05,1302495,-4.0239
2022-06-28,WIPRO,488.58,492.47,483.1,485.01,2671172,1.2358
2022-06-29,WIPRO,490.04,498.02,481.91,488.9,3621879,0.7994
2022-06-30,WIPRO,474.42,480.31,465.42,474.13,1078255,-3.0694
2022-07-01,WIPRO,465.64,471.85,462.99,468.74,3341947,-1.1422
2022-07-04,WIPRO,471.21,474.67,470.33,471.45,2050444,0.5752
2022-07-05,WIPRO,474.64,481.64,470.28,475.15,4978150,0.7834
2022-07-06,WIPRO,484.73,490.32,481.4,484.43,2472225,1.9344
2022-07-07,WIPRO,496.05,501.66,491.0,500.98,3060228,3.3594
2022-07-08,WIPRO,497.32,505.11,494.31,499.59,3680252,-0.2784
2022-07-11,WIPRO,487.24,488.87,482.33,488.45,4132742,-2.2559
2022-07-12,WIPRO,497.88,503.33,495.07,496.64,748292,1.6639
2022-07-13,WIPRO,504.78,519.16,503.04,509.7,2080564,2.5957
2022-07-14,WIPRO,526.51,527.47,518.87,522.89,551385,2.5551
2022-07-15,WIPRO,531.22,536.36,527.0,527.95,824932,0.9615
2022-07-18,WIPRO,546.87,558.12,536.1,549.6,2643721,4.0197
2022-07-19,WIPRO,553.46,558.2,543.18,546.71,2320244,-0.5278
2022-07-20,WIPRO,565.26,569.33,562.33,564.59,3749240,3.2187
2022-07-21,WIPRO,551.45,558.12,543.69,551.75,3526328,-2.3005
2022-07-22,WIPRO,528.97,538.01,522.96,527.41,4653499,-4.5123
2022-07-25,WIPRO,516.32,525.27,505.37,515.24,1644554,-2.3337
2022-07-26,WIPRO,509.75,512.51,508.92,509.46,2964865,-1.1291
2022-07-27,WIPRO,506.8,519.42,501.94,509.56,1124307,0.0214
2022-07-28,WIPRO,499.15,501.87,496.81,500.25,2415948,-1.8453
2022-07-29,WIPRO,502.52,504.66,494.57,501.63,971806,0.2755
2022-08-01,WIPRO,510.38,517.53,502.72,508.26,4616644,1.3136
2022-08-02,WIPRO,515.65,524.59,509.52,511.96,2880226,0.7253
2022-08-03,WIPRO,509.49,512.55,504.14,510.65,826584,-0.2555
2022-08-04,WIPRO,523.4,526.8,515.04,523.19,2007422,2.4252
2022-08-05,WIPRO,513.28,515.78,503.28,514.98,3966828,-1.5809
2022-08-08,WIPRO,515.41,520.15,510.28,512.61,3937513,-0.4624
2022-08-09,WIPRO,506.31,512.34,505.76,507.1,3861042,-1.08
2022-08-10,WIPRO,512.36,519.94,506.56,513.87,3374795,1.3256
2022-08-11,WIPRO,509.77,511.68,506.47,509.62,4930590,-0.831
2022-08-12,WIPRO,509.52,516.66,501.93,513.81,4720046,0.8203
2022-08-15,WIPRO,523.79,531.7,514.35,522.38,2306770,1.6527
2022-08-16,WIPRO,516.41,518.35,514.46,517.21,4910780,-0.9937
2022-08-17,WIPRO,507.97,508.01,496.56,501.04,3581869,-3.1767
2022-08-18,WIPRO,497.35,502.77,497.11,498.89,502715,-0.4305
2022-08-19,WIPRO,490.45,496.8,483.34,491.11,3855778,-1.5712
2022-08-22,WIPRO,487.4,496.09,479.63,484.94,1558343,-1.2648
2022-08-23,WIPRO,463.45,463.81,452.61,461.65,4368332,-4.9223
2022-08-24,WIPRO,449.33,452.33,443.99,447.01,1587595,-3.2208
2022-08-25,WIPRO,453.68,462.1,447.72,454.31,2659774,1.62
2022-08-26,WIPRO,443.41,452.32,438.33,445.96,4456137,-1.8548
2022-08-29,WIPRO,462.58,468.43,451.42,456.49,4030998,2.3319
2022-08-30,WIPRO,451.25,451.34,446.27,450.09,1096708,-1.4112
2022-08-31,WIPRO,455.09,459.32,451.19,454.58,4890682,0.9926
2022-09-01,WIPRO,454.2,463.08,450.29,452.37,2378896,-0.4864
2022-09-02,WIPRO,455.39,464.53,449.1,458.38,2887489,1.3193
2022-09-05,WIPRO,455.11,463.59,448.71,456.15,739638,-0.4869
2022-09-06,WIPRO,455.81,462.9,449.73,458.2,628175,0.4465
2022-09-07,WIPRO,470.1,473.5,460.52,469.71,2651602,2.4817
2022-09-08,WIPRO,470.98,477.29,467.91,474.25,2103302,0.9621
2022-09-09,WIPRO,469.44,476.92,466.35,467.86,672864,-1.3564
2022-09-12,WIPRO,453.41,457.6,450.21,450.75,893511,-3.7263
2022-09-13,WIPRO,452.44,455.35,448.66,449.86,3760737,-0.1979
2022-09-14,WIPRO,454.83,460.8,451.43,453.84,3147099,0.8806
2022-09-15,WIPRO,455.76,464.86,454.78,455.33,2831429,0.328
2022-09-16,WIPRO,446.56,451.34,438.13,447.49,3054567,-1.7357
2022-09-19,WIPRO,449.95,451.42,446.02,448.94,4991010,0.3233
2022-09-20,WIPRO,454.75,460.84,446.28,455.0,2578089,1.3397
2022-09-21,WIPRO,463.57,471.7,460.09,467.95,4938280,2.8071
2022-09-22,WIPRO,464.49,471.43,459.48,465.93,1847370,-0.4319
2022-09-23,WIPRO,491.44,501.24,483.67,489.5,4030328,4.9339
2022-09-26,WIPRO,501.2,508.65,497.2,504.03,3330082,2.9265
2022-09-27,WIPRO,502.94,508.9,499.34,505.83,1817172,0.3566
2022-09-28,WIPRO,508.08,518.56,501.34,508.59,1027449,0.5433
2022-09-29,WIPRO,517.35,530.0,508.02,523.02,1005132,2.7979
2022-09-30,WIPRO,515.01,518.16,505.47,513.14,3446293,-1.9065
2022-10-03,WIPRO,506.69,509.91,500.62,505.08,1204950,-1.5847
2022-10-04,WIPRO,494.66,500.64,484.6,492.33,3293818,-2.5559
2022-10-05,WIPRO,490.46,494.03,483.72,489.92,3605011,-0.4903
2022-10-06,WIPRO,479.61,489.11,474.7,481.66,3823208,-1.7
2022-10-07,WIPRO,475.41,480.2,467.0,478.35,1104746,-0.6899
2022-10-10,WIPRO,479.43,481.26,473.29,478.12,1052855,-0.0494
2022-10-11,WIPRO,466.87,469.04,461.12,465.21,1777018,-2.7369
2022-10-12,WIPRO,475.52,486.55,469.18,478.19,2690944,2.7525
2022-10-13,WIPRO,486.76,490.72,482.54,489.82,915931,2.4038
2022-10-14,WIPRO,485.39,491.27,482.6,485.44,2707968,-0.8999
2022-10-17,WIPRO,500.48,509.12,494.99,500.14,732190,2.9837
2022-10-18,WIPRO,506.5,508.29,494.68,504.14,1130984,0.7969
2022-10-19,WIPRO,517.16,526.66,510.28,515.45,2251346,2.2183
2022-10-20,WIPRO,501.55,508.89,491.62,501.75,3081281,-2.6931
2022-10-21,WIPRO,501.07,503.37,490.31,498.49,2367296,-0.6527
2022-10-24,WIPRO,504.01,514.79,499.12,504.89,3683902,1.2764
2022-10-25,WIPRO,502.56,511.72,499.17,503.34,1364133,-0.3079
2022-10-26,WIPRO,503.8,504.37,495.19,501.67,932172,-0.3317
2022-10-27,WIPRO,503.06,511.36,491.1,500.66,4640989,-0.2013
2022-10-28,WIPRO,507.0,512.85,500.34,504.52,2461584,0.7669
2022-10-31,WIPRO,505.29,514.74,503.13,505.74,3234311,0.2429
2022-11-01,WIPRO,522.04,528.2,520.49,521.86,3730637,3.1362
2022-11-02,WIPRO,509.52,519.88,504.25,511.73,1813878,-1.9588
2022-11-03,WIPRO,515.11,523.69,508.25,512.81,791902,0.209
2022-11-04,WIPRO,518.64,528.47,513.31,520.18,4256370,1.4278
2022-11-07,WIPRO,502.44,508.1,497.55,507.5,3575622,-2.4673
2022-11-08,WIPRO,503.01,510.84,497.24,504.13,2987891,-0.6674
2022-11-09,WIPRO,503.82,515.06,500.66,505.98,4400292,0.3677
2022-11-10,WIPRO,514.47,531.29,509.58,521.53,2503814,3.0258
2022-11-11,WIPRO,521.56,531.08,517.1,523.06,720561,0.2928
2022-11-14,WIPRO,533.23,536.54,525.56,531.15,3881429,1.536
2022-11-15,WIPRO,541.2,550.49,535.22,540.08,4118173,1.6669
2022-11-16,WIPRO,512.27,512.54,504.57,511.22,2151381,-5.4916
2022-11-17,WIPRO,515.8,523.75,504.87,512.15,1395527,0.1808
2022-11-18,WIPRO,506.33,512.74,502.28,507.8,4113315,-0.8514
2022-11-21,WIPRO,520.41,532.62,512.79,523.41,753625,3.0263
2022-11-22,WIPRO,532.19,537.53,521.19,530.88,519350,1.4173
2022-11-23,WIPRO,541.32,545.9,532.05,540.36,4254362,1.7695
2022-11-24,WIPRO,542.65,555.33,534.24,546.11,1607468,1.0593
2022-11-25,WIPRO,546.88,550.97,538.87,547.36,4043678,0.2296
2022-11-28,WIPRO,558.2,563.64,552.32,556.7,2886810,1.6911
2022-11-29,WIPRO,557.34,566.74,545.95,556.57,4694140,-0.0227
2022-11-30,WIPRO,573.26,573.41,568.98,571.17,4263396,2.5886
2022-12-01,WIPRO,557.32,563.11,554.05,559.2,2673800,-2.118
2022-12-02,WIPRO,566.99,580.55,564.64,571.04,3847289,2.0957
2022-12-05,WIPRO,564.44,577.0,558.97,567.03,1233561,-0.7055
2022-12-06,WIPRO,577.39,579.23,566.3,574.9,4703439,1.3789
2022-12-07,WIPRO,560.11,565.09,554.34,557.22,4627400,-3.1235
2022-12-08,WIPRO,559.88,564.2,549.12,560.35,1673446,0.5594
2022-12-09,WIPRO,562.99,573.98,551.38,558.77,2847007,-0.2822
2022-12-12,WIPRO,557.92,564.67,547.48,558.37,4651493,-0.0707
2022-12-13,WIPRO,537.71,543.39,531.19,539.09,1970481,-3.5151
2022-12-14,WIPRO,535.74,548.96,529.45,539.55,1016234,0.0858
2022-12-15,WIPRO,540.85,548.72,530.42,541.06,4912367,0.2794
2022-12-16,WIPRO,524.99,532.48,512.35,522.22,1395633,-3.5432
2022-12-19,WIPRO,513.68,519.97,503.36,510.44,1209415,-2.2814
2022-12-20,WIPRO,514.9,519.19,510.99,512.16,2601331,0.3354
2022-12-21,WIPRO,517.74,518.76,515.23,516.45,2579911,0.8338
2022-12-22,WIPRO,520.15,526.74,515.68,516.03,1448830,-0.0812
2022-12-23,WIPRO,514.09,520.88,512.58,516.6,4468630,0.1099
2022-12-26,WIPRO,520.04,524.75,511.32,516.98,642099,0.0738
2022-12-27,WIPRO,512.2,521.66,506.92,511.48,4644479,-1.0697
2022-12-28,WIPRO,510.29,517.65,502.68,509.76,3377620,-0.3365
2022-12-29,WIPRO,492.24,503.52,483.46,495.77,1683318,-2.7832
2022-12-30,WIPRO,490.94,498.4,486.41,490.1,2334449,-1.1493
2023-01-02,WIPRO,492.61,496.87,481.27,489.78,863386,-0.0648
2023-01-03,WIPRO,496.8,507.75,487.89,502.14,4652528,2.4919
2023-01-04,WIPRO,503.01,508.48,494.23,501.02,3673529,-0.2233
2023-01-05,WIPRO,516.25,524.73,507.62,522.21,4926974,4.1429
2023-01-06,WIPRO,539.03,549.74,529.05,542.87,696088,3.8799
2023-01-09,WIPRO,543.48,547.81,538.52,543.74,4664967,0.1594
2023-01-10,WIPRO,543.63,544.22,533.94,539.37,4249255,-0.8075
2023-01-11,WIPRO,564.12,575.44,558.3,564.49,2823002,4.5521
2023-01-12,WIPRO,574.43,579.21,567.81,573.09,3278609,1.512
2023-01-13,WIPRO,575.62,582.3,564.71,578.25,1886558,0.8972
2023-01-16,WIPRO,569.53,577.23,568.49,570.08,2790264,-1.423
2023-01-17,WIPRO,565.19,570.47,561.08,565.34,4798239,-0.835
2023-01-18,WIPRO,558.77,569.69,544.2,554.25,4160773,-1.981
2023-01-19,WIPRO,568.97,571.68,560.16,571.11,2180571,2.996
2023-01-20,WIPRO,575.08,586.4,571.76,576.98,2976123,1.0231
2023-01-23,WIPRO,576.61,576.86,565.91,573.53,2204967,-0.6006
2023-01-24,WIPRO,567.55,570.33,567.52,568.25,2066159,-0.9246
2023-01-25,WIPRO,557.52,559.46,551.27,557.2,3357823,-1.9626
2023-01-26,WIPRO,557.75,561.55,546.32,556.54,2379660,-0.1197
2023-01-27,WIPRO,556.78,568.33,549.89,558.55,3353701,0.3614
2023-01-30,WIPRO,528.33,536.41,518.73,533.81,4867568,-4.531
2023-01-31,WIPRO,526.53,531.96,522.93,523.72,970607,-1.9084
2023-02-01,WIPRO,517.08,522.03,511.27,516.78,2317118,-1.3331
2023-02-02,WIPRO,524.86,530.73,517.68,528.23,1362128,2.191
2023-02-03,WIPRO,524.55,529.41,522.17,522.52,799001,-1.0876
2023-02-06,WIPRO,509.26,517.86,495.46,504.2,500059,-3.5687
2023-02-07,WIPRO,496.26,503.19,490.79,493.32,2177360,-2.1819
2023-02-08,WIPRO,516.04,520.08,501.9,510.73,945341,3.4689
2023-02-09,WIPRO,503.93,509.77,501.11,507.04,3738440,-0.7256
2023-02-10,WIPRO,497.33,502.46,486.96,496.72,2042421,-2.0569
2023-02-13,WIPRO,481.31,483.48,471.93,480.46,1484689,-3.3272
2023-02-14,WIPRO,480.51,482.29,472.28,480.79,4768907,0.0688
2023-02-15,WIPRO,481.35,482.56,474.73,482.14,3319322,0.2795
2023-02-16,WIPRO,479.31,486.61,475.46,486.51,4097092,0.9022
2023-02-17,WIPRO,518.23,528.31,509.17,513.88,3962858,5.4735
2023-02-20,WIPRO,497.37,505.05,491.53,501.43,1525102,-2.4525
2023-02-21,WIPRO,500.09,500.46,495.18,497.84,3326640,-0.7184
2023-02-22,WIPRO,500.89,506.71,498.29,500.86,1022910,0.6049
2023-02-23,WIPRO,496.52,501.26,491.7,496.59,2894272,-0.8551
2023-02-24,WIPRO,476.1,482.07,471.07,476.59,4994154,-4.1113
2023-02-27,WIPRO,482.07,487.29,473.91,481.59,1447724,1.0426
2023-02-28,WIPRO,477.16,478.12,468.55,475.64,3740907,-1.2427
2023-03-01,WIPRO,467.93,474.94,459.89,465.72,736986,-2.1079
2023-03-02,WIPRO,457.27,461.0,451.29,457.56,2854937,-1.7669
2023-03-03,WIPRO,469.23,481.48,461.05,472.07,1066436,3.1223
2023-03-06,WIPRO,481.59,490.32,481.03,484.6,4902843,2.6181
2023-03-07,WIPRO,476.69,481.37,468.82,474.23,2507604,-2.1623
2023-03-08,WIPRO,457.56,461.49,457.0,458.18,4793487,-3.4436
2023-03-09,WIPRO,464.19,471.6,463.16,466.58,4560708,1.8167
2023-03-10,WIPRO,484.48,490.88,479.87,486.28,1021360,4.1364
2023-03-13,WIPRO,509.37,514.97,505.38,509.61,2776039,4.6854
2023-03-14,WIPRO,492.3,505.09,485.07,495.48,3362018,-2.8119
2023-03-15,WIPRO,509.14,513.35,500.8,509.22,2436824,2.7357
2023-03-16,WIPRO,512.46,515.34,501.22,509.27,3604662,0.0093
2023-03-17,WIPRO,489.79,494.25,484.11,490.08,2506025,-3.8396
2023-03-20,WIPRO,477.57,482.33,477.51,481.83,4386298,-1.6992
2023-03-21,WIPRO,476.47,480.81,474.19,474.41,3335565,-1.5515
2023-03-22,WIPRO,481.7,490.57,477.22,479.04,2743853,0.971
2023-03-23,WIPRO,468.92,470.81,463.71,466.21,4350114,-2.7138
2023-03-24,WIPRO,475.33,476.18,470.81,475.19,3559256,1.908
2023-03-27,WIPRO,485.42,485.58,476.18,479.83,1717329,0.9709
2023-03-28,WIPRO,491.62,497.95,488.34,489.82,2095631,2.0602
2023-03-29,WIPRO,490.72,498.22,482.56,483.49,917491,-1.3004
2023-03-30,WIPRO,490.73,497.32,487.22,487.44,2305439,0.813
2023-03-31,WIPRO,480.4,486.55,476.88,477.54,3048626,-2.0518
2023-04-03,WIPRO,482.63,492.05,482.63,484.14,3034533,1.3734
2023-04-04,WIPRO,479.66,490.17,479.35,481.94,4063540,-0.4546
2023-04-05,WIPRO,480.98,484.21,476.4,480.7,1463437,-0.2584
2023-04-06,WIPRO,480.02,486.05,473.53,480.48,2280526,-0.0454
2023-04-07,WIPRO,462.88,470.24,459.01,464.13,4065159,-3.4628
2023-04-10,WIPRO,475.09,478.65,472.6,475.4,3786751,2.3997
2023-04-11,WIPRO,475.81,482.35,469.96,476.28,2738734,0.1857
2023-04-12,WIPRO,486.33,494.33,480.18,487.89,4050180,2.4077
2023-04-13,WIPRO,500.68,500.69,491.95,499.04,4330844,2.2603
2023-04-14,WIPRO,489.25,491.93,486.46,491.09,2420745,-1.6066
2023-04-17,WIPRO,488.44,495.73,479.1,488.55,4040966,-0.5197
2023-04-18,WIPRO,470.84,474.44,469.22,473.72,1509803,-3.0816
2023-04-19,WIPRO,485.82,490.75,476.22,485.58,3029418,2.4719
2023-04-20,WIPRO,489.33,489.76,482.65,488.84,1621220,0.6692
2023-04-21,WIPRO,488.55,499.04,485.89,490.91,3594618,0.4223
2023-04-24,WIPRO,488.47,493.89,486.36,488.3,2148206,-0.5321
2023-04-25,WIPRO,478.78,480.97,476.56,479.02,4316804,-1.9195
2023-04-26,WIPRO,490.43,500.04,484.09,491.56,4608313,2.5854
2023-04-27,WIPRO,510.63,513.01,500.84,511.78,2024264,4.031
2023-04-28,WIPRO,526.77,536.33,516.47,525.59,654553,2.6631
2023-05-01,WIPRO,524.02,534.2,513.66,523.94,3780448,-0.3148
2023-05-02,WIPRO,530.68,537.66,524.75,528.15,4612917,0.8003
2023-05-03,WIPRO,536.89,548.73,532.72,539.68,4657409,2.1599
2023-05-04,WIPRO,540.3,549.72,532.23,540.81,1543814,0.2082
2023-05-05,WIPRO,560.64,567.47,557.83,562.37,640335,3.9092
2023-05-08,WIPRO,576.88,578.29,572.81,576.7,844575,2.5168
2023-05-09,WIPRO,610.68,611.7,606.37,609.86,2746978,5.591
2023-05-10,WIPRO,608.74,613.63,603.77,612.36,1720718,0.4085
2023-05-11,WIPRO,585.34,591.34,574.59,583.6,1151663,-4.8097
2023-05-12,WIPRO,590.88,591.3,584.46,584.56,1397128,0.1637
2023-05-15,WIPRO,580.75,586.33,579.95,580.26,2234601,-0.7393
2023-05-16,WIPRO,579.85,585.72,579.81,582.38,741677,0.3655
2023-05-17,WIPRO,602.76,614.17,595.05,603.64,4229395,3.5861
2023-05-18,WIPRO,596.29,598.34,591.92,597.26,4799178,-1.0637
2023-05-19,WIPRO,585.56,595.51,580.05,587.52,1395580,-1.6432
2023-05-22,WIPRO,582.18,583.13,574.68,580.09,3090727,-1.2737
2023-05-23,WIPRO,600.22,612.14,597.79,605.75,661632,4.3283
2023-05-24,WIPRO,601.13,605.14,590.82,600.31,882395,-0.9015
2023-05-25,WIPRO,607.45,614.12,601.3,603.55,1780497,0.5389
2023-05-26,WIPRO,630.22,631.15,617.81,626.38,4311700,3.7129
2023-05-29,WIPRO,638.13,644.52,625.49,634.88,4007772,1.3472
2023-05-30,WIPRO,605.01,613.19,601.92,607.01,3699230,-4.489
2023-05-31,WIPRO,605.68,615.89,592.76,601.29,984087,-0.9464
2023-06-01,WIPRO,594.7,595.37,591.04,593.61,1475004,-1.2856
2023-06-02,WIPRO,577.47,578.9,567.36,573.39,3137914,-3.4655
2023-06-05,WIPRO,571.14,582.34,559.92,568.07,2161128,-0.9326
2023-06-06,WIPRO,538.92,544.18,536.51,538.08,3841485,-5.4243
2023-06-07,WIPRO,541.03,549.39,533.7,541.69,2986699,0.6701
2023-06-08,WIPRO,548.29,551.49,540.44,541.88,3066779,0.0349
2023-06-09,WIPRO,529.61,541.1,528.86,534.37,3090788,-1.3963
2023-06-12,WIPRO,515.03,519.84,511.44,515.48,4706876,-3.5989
2023-06-13,WIPRO,526.44,538.99,524.14,530.17,3000582,2.809
2023-06-14,WIPRO,524.59,529.14,522.71,524.28,3907741,-1.1167
2023-06-15,WIPRO,536.98,544.24,533.25,536.02,2683534,2.2152
2023-06-16,WIPRO,533.06,538.34,524.94,534.78,896175,-0.2316
2023-06-19,WIPRO,549.17,552.98,539.72,550.73,2937636,2.9387
2023-06-20,WIPRO,553.64,559.74,543.26,557.32,4350633,1.1889
2023-06-21,WIPRO,559.94,566.27,548.04,558.67,3920536,0.243
2023-06-22,WIPRO,548.2,554.87,541.3,549.48,2965491,-1.6594
2023-06-23,WIPRO,565.25,573.19,556.23,564.05,4803151,2.6181
2023-06-26,WIPRO,560.38,571.39,556.96,561.85,4854631,-0.3909
2023-06-27,WIPRO,553.56,553.97,542.98,552.88,4740985,-1.6098
2023-06-28,WIPRO,553.29,562.14,547.41,551.26,4933575,-0.2945
2023-06-29,WIPRO,552.18,561.67,542.76,550.86,1996611,-0.0723
2023-06-30,WIPRO,561.27,569.26,551.88,560.68,1236896,1.7683
2023-07-03,WIPRO,539.8,547.42,529.24,540.08,2490678,-3.7442
2023-07-04,WIPRO,567.91,578.57,566.19,566.56,1617992,4.7862
2023-07-05,WIPRO,570.22,582.12,567.36,571.95,1220453,0.9467
2023-07-06,WIPRO,571.32,576.08,565.93,571.88,3440784,-0.0118
2023-07-07,WIPRO,578.1,585.53,567.89,577.1,995962,0.908
2023-07-10,WIPRO,564.1,570.14,551.68,559.8,750718,-3.0429
2023-07-11,WIPRO,559.58,562.5,558.74,561.3,1329802,0.2681
2023-07-12,WIPRO,566.25,571.38,556.54,568.76,2304444,1.3207
2023-07-13,WIPRO,566.34,572.06,560.87,565.54,3468525,-0.5692
2023-07-14,WIPRO,575.05,580.25,561.83,571.6,4947871,1.0672
2023-07-17,WIPRO,583.22,589.91,570.59,580.86,3311559,1.6062
2023-07-18,WIPRO,572.63,581.76,562.06,572.57,2866690,-1.4369
2023-07-19,WIPRO,590.77,600.26,577.94,587.17,1828669,2.5175
2023-07-20,WIPRO,581.27,589.77,572.51,586.58,1990974,-0.1005
2023-07-21,WIPRO,612.58,615.83,603.28,609.5,3282547,3.833
2023-07-24,WIPRO,624.82,633.5,617.86,625.8,1335604,2.6388
2023-07-25,WIPRO,633.02,637.82,624.51,631.03,852756,0.8329
2023-07-26,WIPRO,624.12,636.11,614.59,620.99,3875616,-1.6036
2023-07-27,WIPRO,620.33,628.2,617.12,619.73,4924057,-0.2031
2023-07-28,WIPRO,632.7,635.97,628.33,632.48,4686363,2.0357
2023-07-31,WIPRO,624.34,626.88,622.13,625.56,3528843,-1.0992
2023-08-01,WIPRO,636.48,645.69,622.08,631.14,4659950,0.8869
2023-08-02,WIPRO,639.3,643.4,632.83,638.2,3909138,1.1129
2023-08-03,WIPRO,637.6,640.04,633.8,636.89,793037,-0.2049
2023-08-04,WIPRO,631.37,634.56,616.62,626.64,2255170,-1.6234
2023-08-07,WIPRO,645.49,656.1,633.93,647.11,840791,3.2152
2023-08-08,WIPRO,652.61,662.02,652.55,653.42,1669170,0.9701
2023-08-09,WIPRO,652.66,653.98,638.21,649.62,4957813,-0.5837
2023-08-10,WIPRO,645.24,653.81,639.22,639.56,4215302,-1.5604
2023-08-11,WIPRO,651.43,659.47,642.04,651.29,4789703,1.817
2023-08-14,WIPRO,651.77,662.2,639.11,650.52,2664442,-0.1188
2023-08-15,WIPRO,658.22,664.65,655.12,663.49,1487503,1.9749
2023-08-16,WIPRO,655.67,659.24,639.2,651.5,2205319,-1.8243
2023-08-17,WIPRO,652.03,666.12,642.64,655.58,1389520,0.6252
2023-08-18,WIPRO,647.7,655.16,634.96,649.45,4844901,-0.9396
2023-08-21,WIPRO,673.24,685.48,669.92,672.6,3153176,3.503
2023-08-22,WIPRO,675.51,687.09,673.78,677.71,718981,0.7565
2023-08-23,WIPRO,658.04,665.2,649.33,664.48,1927339,-1.9716
2023-08-24,WIPRO,672.97,683.27,666.04,677.16,2740763,1.8899
2023-08-25,WIPRO,694.57,698.69,682.91,694.23,3731879,2.4894
2023-08-28,WIPRO,694.86,705.44,683.78,689.7,4534343,-0.6541
2023-08-29,WIPRO,683.56,685.61,678.73,678.76,1425818,-1.5996
2023-08-30,WIPRO,650.87,662.36,643.33,649.63,3675261,-4.3858
2023-08-31,WIPRO,664.74,674.45,655.38,664.22,4127976,2.2216
2023-09-01,WIPRO,644.03,651.57,637.46,641.47,4013337,-3.486
2023-09-04,WIPRO,645.23,652.47,634.54,640.98,1770694,-0.0767
2023-09-05,WIPRO,619.72,631.52,611.89,619.36,2024848,-3.4304
2023-09-06,WIPRO,642.69,653.79,632.98,642.21,1126258,3.622
2023-09-07,WIPRO,660.38,672.56,656.6,659.71,3117412,2.6891
2023-09-08,WIPRO,667.17,678.14,660.25,663.81,2039774,0.6203
2023-09-11,WIPRO,673.37,682.76,664.12,678.01,2360438,2.1154
2023-09-12,WIPRO,676.41,678.7,671.56,676.35,589015,-0.2444
2023-09-13,WIPRO,666.75,670.73,655.43,665.42,4749970,-1.6295
2023-09-14,WIPRO,637.51,655.99,634.1,643.61,3402213,-3.3329
2023-09-15,WIPRO,657.01,669.68,644.14,654.01,1571987,1.604
2023-09-18,WIPRO,644.52,647.15,639.05,641.07,805115,-1.9988
2023-09-19,WIPRO,667.87,677.49,661.83,674.43,2255515,5.0731
2023-09-20,WIPRO,658.36,668.41,655.84,659.73,1164098,-2.2047
2023-09-21,WIPRO,672.07,680.8,665.14,673.35,1347723,2.0441
2023-09-22,WIPRO,687.82,698.69,678.19,690.89,4070362,2.572
2023-09-25,WIPRO,670.24,684.97,663.17,672.76,738668,-2.6596
2023-09-26,WIPRO,665.13,674.3,663.0,666.87,2775176,-0.8793
2023-09-27,WIPRO,665.97,673.7,651.71,663.94,3976762,-0.4398
2023-09-28,WIPRO,716.42,725.9,711.91,711.98,3168172,6.9852
2023-09-29,WIPRO,710.59,717.85,698.28,708.64,1092877,-0.4707
2023-10-02,WIPRO,689.66,700.89,679.69,692.83,1765749,-2.2564
2023-10-03,WIPRO,702.58,713.08,687.27,699.81,1276048,1.0035
2023-10-04,WIPRO,687.51,700.1,673.64,685.44,4875103,-2.075
2023-10-05,WIPRO,674.69,697.5,672.67,684.74,3550060,-0.1031
2023-10-06,WIPRO,682.88,692.0,665.83,678.67,4941687,-0.8899
2023-10-09,WIPRO,686.33,690.02,683.8,685.88,1112759,1.056
2023-10-10,WIPRO,678.93,690.71,670.71,678.36,2145283,-1.1024
2023-10-11,WIPRO,663.28,678.4,661.2,669.11,2093384,-1.3723
2023-10-12,WIPRO,689.36,694.43,678.66,683.84,4045614,2.1781
2023-10-13,WIPRO,689.11,697.75,677.04,687.95,826833,0.5981
2023-10-16,WIPRO,691.14,696.98,675.58,688.47,4109981,0.0765
2023-10-17,WIPRO,658.22,673.65,653.99,662.6,2605692,-3.8299
2023-10-18,WIPRO,672.75,677.28,665.18,671.03,4611701,1.2637
2023-10-19,WIPRO,666.64,672.51,654.21,664.88,1983323,-0.9213
2023-10-20,WIPRO,668.2,679.33,660.23,668.72,4377641,0.5768
2023-10-23,WIPRO,640.47,647.22,628.97,644.63,4525251,-3.6686
2023-10-24,WIPRO,648.15,655.66,643.89,648.35,2477427,0.5744
2023-10-25,WIPRO,647.88,656.83,645.45,650.99,4540878,0.4062
2023-10-26,WIPRO,645.87,652.9,638.79,648.13,2124362,-0.4391
2023-10-27,WIPRO,640.57,641.98,630.93,636.88,3473449,-1.7521
2023-10-30,WIPRO,652.32,652.47,640.55,652.04,4707608,2.3521
2023-10-31,WIPRO,642.24,650.39,641.1,642.5,1298734,-1.4731
2023-11-01,WIPRO,650.59,661.77,650.0,654.43,2336240,1.8404
2023-11-02,WIPRO,668.27,680.93,665.94,668.42,739496,2.1143
2023-11-03,WIPRO,657.02,661.48,648.19,657.52,2840671,-1.6444
2023-11-06,WIPRO,664.28,668.1,659.96,667.56,1739880,1.5161
2023-11-07,WIPRO,665.57,671.74,660.69,661.98,932501,-0.8394
2023-11-08,WIPRO,674.1,674.67,658.73,670.62,4567247,1.2971
2023-11-09,WIPRO,655.77,661.73,645.77,658.32,1823256,-1.8518
2023-11-10,WIPRO,658.24,667.03,645.32,656.94,3786228,-0.2102
2023-11-13,WIPRO,651.99,664.1,650.53,658.08,1233207,0.1741
2023-11-14,WIPRO,658.87,663.18,653.68,657.83,1697460,-0.0388
2023-11-15,WIPRO,665.58,676.22,654.7,662.99,870615,0.7824
2023-11-16,WIPRO,648.82,656.88,647.8,652.49,3686551,-1.5976
2023-11-17,WIPRO,645.5,647.56,632.65,645.45,2168455,-1.0847
2023-11-20,WIPRO,655.28,658.94,641.86,654.86,4555914,1.4477
2023-11-21,WIPRO,658.99,671.55,642.87,649.61,2819547,-0.8047
2023-11-22,WIPRO,651.61,654.87,630.52,643.31,1356838,-0.9745
2023-11-23,WIPRO,633.71,638.31,620.84,632.7,4006867,-1.6636
2023-11-24,WIPRO,624.95,629.22,617.33,627.03,4403079,-0.9001
2023-11-27,WIPRO,615.15,623.12,613.36,614.4,3234790,-2.0341
2023-11-28,WIPRO,627.06,630.54,621.98,623.55,3626817,1.4786
2023-11-29,WIPRO,612.93,620.69,609.28,618.1,4210077,-0.8781
2023-11-30,WIPRO,598.64,612.07,588.78,604.97,992862,-2.1473
2023-12-01,WIPRO,599.18,611.85,592.72,602.64,1547596,-0.3863
2023-12-04,WIPRO,588.39,595.35,576.42,586.16,4009609,-2.773
2023-12-05,WIPRO,578.69,584.46,568.12,576.32,4077804,-1.6915
2023-12-06,WIPRO,593.58,605.13,582.62,592.27,1345558,2.729
2023-12-07,WIPRO,582.85,586.18,576.56,579.63,732295,-2.1563
2023-12-08,WIPRO,577.57,583.56,569.47,578.09,2936249,-0.2669
2023-12-11,WIPRO,603.47,606.6,602.54,604.29,1747337,4.4328
2023-12-12,WIPRO,608.6,614.73,599.06,607.43,1241717,0.5185
2023-12-13,WIPRO,606.53,612.42,595.52,601.38,2496808,-1.0016
2023-12-14,WIPRO,579.25,588.19,574.18,578.06,1697433,-3.9553
2023-12-15,WIPRO,579.83,585.41,571.76,580.11,4807272,0.3538
2023-12-18,WIPRO,572.53,574.17,571.3,571.38,4158864,-1.5154
2023-12-19,WIPRO,582.02,593.07,568.99,577.91,908252,1.1356
2023-12-20,WIPRO,569.23,573.31,563.13,570.26,4833027,-1.3325
2023-12-21,WIPRO,572.26,576.35,567.33,573.54,1681631,0.5743
2023-12-22,WIPRO,589.09,601.14,582.85,590.49,1236476,2.9128
2023-12-25,WIPRO,601.04,609.0,595.34,598.59,1185906,1.3625
2023-12-26,WIPRO,580.86,593.47,573.69,583.13,2205748,-2.6167
2023-12-27,WIPRO,586.16,589.54,581.62,584.29,2413814,0.1979
2023-12-28,WIPRO,591.4,596.4,580.43,595.78,4564937,1.947
2023-12-29,WIPRO,577.31,583.07,568.3,578.06,1979958,-3.0192
2024-01-01,WIPRO,597.84,600.95,587.28,598.02,3580823,3.3945
2024-01-02,WIPRO,605.19,614.02,591.25,599.83,914443,0.3018
2024-01-03,WIPRO,609.85,612.47,605.92,606.9,4195303,1.1729
2024-01-04,WIPRO,601.79,603.81,595.52,602.86,2665601,-0.6677
2024-01-05,WIPRO,601.98,609.25,593.5,603.54,3107731,0.1126
2024-01-08,WIPRO,590.96,596.31,583.67,592.96,2684950,-1.7689
2024-01-09,WIPRO,608.28,614.83,599.96,611.72,3835064,3.1142
2024-01-10,WIPRO,639.3,643.32,627.38,634.18,3335987,3.6061
2024-01-11,WIPRO,659.63,666.19,651.28,662.13,2142121,4.3133
2024-01-12,WIPRO,644.78,650.48,632.11,639.28,4284437,-3.5115
2024-01-15,WIPRO,643.96,651.39,642.63,643.64,988785,0.6791
2024-01-16,WIPRO,649.09,656.35,641.49,649.36,4880031,0.8842
2024-01-17,WIPRO,640.7,648.33,634.42,640.39,3300307,-1.3911
2024-01-18,WIPRO,649.21,650.88,638.79,645.31,967421,0.7656
2024-01-19,WIPRO,624.48,627.91,623.54,627.16,2748084,-2.8532
2024-01-22,WIPRO,647.66,659.73,634.34,646.02,2022872,2.9632
2024-01-23,WIPRO,626.51,629.43,616.0,626.63,731351,-3.0463
2024-01-24,WIPRO,631.18,641.66,629.28,629.91,4875471,0.5209
2024-01-25,WIPRO,639.4,640.9,627.9,640.06,4441612,1.5984
2024-01-26,WIPRO,631.41,641.11,620.76,632.55,3054129,-1.179
2024-01-29,WIPRO,652.0,659.86,640.19,650.29,1057119,2.7652
2024-01-30,WIPRO,622.78,632.91,611.19,627.11,2286071,-3.63
2024-01-31,WIPRO,631.22,635.94,618.58,626.85,3728854,-0.0413
2024-02-01,WIPRO,606.5,616.99,604.69,606.18,2456980,-3.3533
2024-02-02,WIPRO,595.35,605.39,593.45,596.99,2939413,-1.5266
2024-02-05,WIPRO,592.33,600.0,590.39,591.25,4292003,-0.9676
2024-02-06,WIPRO,582.81,595.69,577.92,584.84,1318833,-1.0897
2024-02-07,WIPRO,600.25,601.06,598.05,600.01,4386863,2.5618
2024-02-08,WIPRO,586.47,595.26,585.82,586.23,4908353,-2.3248
2024-02-09,WIPRO,571.97,583.04,562.52,568.4,1827971,-3.0886
2024-02-12,WIPRO,564.42,575.38,560.17,563.63,4681757,-0.8421
2024-02-13,WIPRO,561.86,566.98,559.63,565.02,1889773,0.2467
2024-02-14,WIPRO,572.51,581.78,562.85,570.85,3654070,1.0264
2024-02-15,WIPRO,586.4,587.09,577.6,584.29,3649174,2.3276
2024-02-16,WIPRO,555.3,567.56,549.18,559.81,4712855,-4.28
2024-02-19,WIPRO,575.72,586.59,571.65,579.16,803898,3.3973
2024-02-20,WIPRO,575.6,580.84,561.26,569.87,3177579,-1.6169
2024-02-21,WIPRO,565.88,570.72,564.15,566.82,4306840,-0.5369
2024-02-22,WIPRO,566.32,569.91,561.29,567.19,911370,0.0663
2024-02-23,WIPRO,543.11,547.01,538.91,543.21,531157,-4.3208
2024-02-26,WIPRO,536.91,539.71,528.36,538.64,791056,-0.8449
2024-02-27,WIPRO,544.67,552.87,542.64,549.54,2574658,2.0041
2024-02-28,WIPRO,553.51,562.29,542.59,556.64,3022059,1.2829
2024-02-29,WIPRO,549.44,556.88,547.7,551.2,4066382,-0.9809
2024-03-01,WIPRO,552.28,560.06,547.42,553.67,2396335,0.4461
2024-03-04,WIPRO,556.76,567.04,550.01,558.91,4614214,0.9431
2024-03-05,WIPRO,551.99,557.44,547.33,556.14,1009461,-0.4976
2024-03-06,WIPRO,560.2,571.31,550.39,561.76,3321414,1.005
2024-03-07,WIPRO,556.03,560.1,545.82,552.95,2592836,-1.5809
2024-03-08,WIPRO,540.88,544.78,533.51,542.7,2888458,-1.8707
2024-03-11,WIPRO,539.1,541.53,529.6,539.59,2764979,-0.574
2024-03-12,WIPRO,517.97,526.32,512.93,514.26,3637658,-4.8086
2024-03-13,WIPRO,519.75,526.53,515.11,521.55,3724114,1.4065
2024-03-14,WIPRO,530.5,533.24,518.32,522.52,4289510,0.1863
2024-03-15,WIPRO,522.63,532.36,512.49,520.3,2150955,-0.4244
2024-03-18,WIPRO,528.97,535.17,519.86,528.77,558353,1.6131
2024-03-19,WIPRO,532.32,539.74,527.53,532.98,1218343,0.7942
2024-03-20,WIPRO,548.21,550.92,543.28,544.55,3228213,2.1476
2024-03-21,WIPRO,560.2,566.64,551.67,562.15,1223084,3.1797
2024-03-22,WIPRO,564.76,569.46,555.92,565.99,3950992,0.6811
2024-03-25,WIPRO,562.49,565.26,554.94,558.01,501189,-1.4195
2024-03-26,WIPRO,565.21,576.45,563.27,566.27,4664462,1.4698
2024-03-27,WIPRO,557.03,559.76,555.45,558.33,4964387,-1.4129
2024-03-28,WIPRO,548.17,550.97,547.06,549.99,2298129,-1.5045
2024-03-29,WIPRO,541.61,551.05,538.46,546.89,4360167,-0.5653
2024-04-01,WIPRO,562.66,570.06,551.8,559.82,4557803,2.3363
2024-04-02,WIPRO,568.27,571.98,565.02,568.39,4149859,1.5204
2024-04-03,WIPRO,581.76,584.12,568.98,578.67,3335174,1.7917
2024-04-04,WIPRO,579.72,580.84,575.84,580.21,1431941,0.2658
2024-04-05,WIPRO,585.73,596.75,577.47,586.97,2000276,1.1588
2024-04-08,WIPRO,592.22,602.94,589.71,594.19,2111296,1.2218
2024-04-09,WIPRO,588.19,595.77,584.84,586.18,4925371,-1.3566
2024-04-10,WIPRO,590.85,601.94,588.0,593.24,3390938,1.1966
2024-04-11,WIPRO,594.45,604.45,585.88,593.31,763813,0.0121
2024-04-12,WIPRO,588.75,591.88,580.82,588.64,1222270,-0.7899
2024-04-15,WIPRO,581.52,593.82,574.31,584.57,4413922,-0.694
2024-04-16,WIPRO,576.97,579.45,572.1,578.26,2687818,-1.0848
2024-04-17,WIPRO,575.17,585.9,568.7,575.14,2877620,-0.5419
2024-04-18,WIPRO,574.27,581.66,563.45,575.16,4634308,0.0038
2024-04-19,WIPRO,588.5,597.49,582.11,582.98,3131177,1.35
2024-04-22,WIPRO,601.67,607.53,599.97,600.96,2363825,3.0386
2024-04-23,WIPRO,607.36,612.82,601.37,607.96,4245509,1.157
2024-04-24,WIPRO,608.4,618.11,598.64,609.5,2007731,0.2543
2024-04-25,WIPRO,585.05,589.58,574.77,585.72,4671932,-3.9803
2024-04-26,WIPRO,613.01,622.25,604.05,614.88,824665,4.8579
2024-04-29,WIPRO,603.86,606.37,601.19,606.35,4529577,-1.3959
2024-04-30,WIPRO,600.13,610.19,589.25,598.34,1050118,-1.3312
2024-05-01,WIPRO,618.5,620.57,611.11,613.78,2599256,2.5484
2024-05-02,WIPRO,599.18,607.9,599.0,600.53,1462780,-2.1824
2024-05-03,WIPRO,606.43,616.8,603.29,605.13,3704318,0.7636
2024-05-06,WIPRO,597.68,607.84,586.11,599.68,2592654,-0.9058
2024-05-07,WIPRO,597.08,602.74,588.25,596.77,3885527,-0.4854
2024-05-08,WIPRO,593.58,603.51,591.83,597.48,3035546,0.1194
2024-05-09,WIPRO,581.02,588.63,577.41,583.51,2058459,-2.3673
2024-05-10,WIPRO,579.6,582.59,569.36,582.18,3798073,-0.227
2024-05-13,WIPRO,593.94,603.57,585.46,594.37,1865442,2.0719
2024-05-14,WIPRO,590.13,604.96,587.26,593.6,1513150,-0.1292
2024-05-15,WIPRO,629.62,645.93,617.32,636.75,4196818,7.0171
2024-05-16,WIPRO,633.68,649.52,626.3,638.05,4977327,0.2032
2024-05-17,WIPRO,622.54,633.95,615.7,623.09,2911182,-2.3732
2024-05-20,WIPRO,614.3,621.13,607.09,616.74,4815726,-1.0231
2024-05-21,WIPRO,591.74,597.76,583.06,593.46,1503825,-3.849
2024-05-22,WIPRO,607.31,612.89,603.31,606.51,522451,2.1752
2024-05-23,WIPRO,623.85,627.57,623.55,626.42,4462188,3.2309
2024-05-24,WIPRO,636.95,637.77,628.66,637.2,4241852,1.7059
2024-05-27,WIPRO,633.4,633.43,620.77,626.71,2726141,-1.6603
2024-05-28,WIPRO,614.82,622.51,604.84,615.99,4349741,-1.7249
2024-05-29,WIPRO,624.62,631.99,613.03,625.26,4424688,1.4933
2024-05-30,WIPRO,620.08,621.04,611.34,618.9,2123354,-1.0219
2024-05-31,WIPRO,605.97,610.62,598.76,608.46,1241098,-1.7013
2024-06-03,WIPRO,595.09,605.71,587.52,596.86,3265067,-1.9249
2024-06-04,WIPRO,619.42,626.31,618.45,619.72,4509414,3.7581
2024-06-05,WIPRO,614.71,624.28,609.66,614.12,3104887,-0.9083
2024-06-06,WIPRO,621.64,627.05,613.46,624.54,2320980,1.6834
2024-06-07,WIPRO,633.33,640.57,624.91,631.57,1551373,1.1191
2024-06-10,WIPRO,625.87,628.87,611.32,621.06,1816497,-1.6773
2024-06-11,WIPRO,615.75,633.63,614.29,621.69,3949812,0.1011
2024-06-12,WIPRO,610.68,621.97,601.73,609.49,2160469,-1.9823
2024-06-13,WIPRO,627.24,631.61,616.71,627.52,2776543,2.9159
2024-06-14,WIPRO,615.4,618.23,607.24,616.32,3212473,-1.8016
2024-06-17,WIPRO,621.98,623.81,620.01,620.96,1858532,0.7505
2024-06-18,WIPRO,619.22,621.4,606.82,614.98,1851860,-0.9684
2024-06-19,WIPRO,604.6,612.24,593.56,603.83,3744381,-1.8298
2024-06-20,WIPRO,620.06,622.29,615.27,617.1,3396390,2.1746
2024-06-21,WIPRO,610.71,613.07,603.15,610.83,3994976,-1.0223
2024-06-24,WIPRO,590.07,594.82,583.27,589.0,2768264,-3.6392
2024-06-25,WIPRO,592.52,603.57,589.86,594.13,547298,0.8686
2024-06-26,WIPRO,586.01,587.58,580.73,585.9,3449764,-1.395
2024-06-27,WIPRO,587.07,589.72,582.11,587.87,561561,0.3352
2024-06-28,WIPRO,598.46,599.37,591.31,598.14,2017800,1.7322
2024-07-01,WIPRO,597.56,603.31,588.62,602.55,3828759,0.7333
2024-07-02,WIPRO,610.05,615.49,608.87,613.47,1666930,1.7976
2024-07-03,WIPRO,601.42,610.99,595.46,597.87,4419855,-2.5763
2024-07-04,WIPRO,616.77,628.92,604.63,612.5,3532435,2.4169
2024-07-05,WIPRO,603.71,611.48,602.23,608.99,4568481,-0.5749
2024-07-08,WIPRO,590.3,594.13,582.54,591.97,2881808,-2.8333
2024-07-09,WIPRO,561.62,565.59,554.24,563.73,2569665,-4.8892
2024-07-10,WIPRO,561.08,561.57,556.6,560.37,1140791,-0.5968
2024-07-11,WIPRO,551.51,561.02,540.61,551.74,4549556,-1.5524
2024-07-12,WIPRO,545.26,550.82,538.26,543.41,3437718,-1.5214
2024-07-15,WIPRO,543.47,550.78,533.01,547.17,4172126,0.6887
2024-07-16,WIPRO,567.42,569.8,564.41,566.43,1745965,3.4605
2024-07-17,WIPRO,555.49,558.36,545.1,556.42,1429450,-1.7833
2024-07-18,WIPRO,555.5,558.78,549.1,557.56,2139857,0.2041
2024-07-19,WIPRO,552.59,559.95,540.46,551.37,2639295,-1.1156
2024-07-22,WIPRO,540.04,547.84,533.58,540.7,4348263,-1.9539
2024-07-23,WIPRO,529.67,531.28,519.8,529.93,1702374,-2.0119
2024-07-24,WIPRO,551.4,553.73,543.91,547.74,1410354,3.3046
2024-07-25,WIPRO,548.19,557.16,541.06,547.99,1039542,0.0465
2024-07-26,WIPRO,551.33,557.23,545.67,546.02,2438547,-0.3602
2024-07-29,WIPRO,532.42,540.61,526.21,538.7,968548,-1.3506
2024-07-30,WIPRO,539.51,546.56,535.46,539.53,886392,0.1545
2024-07-31,WIPRO,529.84,541.77,521.1,532.8,2107368,-1.256
2024-08-01,WIPRO,551.31,557.52,545.83,553.88,2526374,3.8801
2024-08-02,WIPRO,554.96,565.27,549.15,556.78,2356505,0.5236
2024-08-05,WIPRO,561.03,570.46,547.47,558.45,4644506,0.2989
2024-08-06,WIPRO,558.73,563.76,548.78,559.87,4630312,0.2536
2024-08-07,WIPRO,571.54,585.45,560.89,574.82,3013784,2.6356
2024-08-08,WIPRO,576.58,581.22,572.73,574.68,4729677,-0.0241
2024-08-09,WIPRO,565.98,570.56,556.02,569.35,4407457,-0.9329
2024-08-12,WIPRO,576.07,584.8,566.41,571.3,715454,0.3421
2024-08-13,WIPRO,576.78,582.55,566.95,580.53,2939310,1.6027
2024-08-14,WIPRO,593.69,597.0,587.65,594.54,2069034,2.3859
2024-08-15,WIPRO,602.97,610.88,589.26,597.23,763647,0.45
2024-08-16,WIPRO,599.12,606.18,596.11,600.09,3444171,0.4788
2024-08-19,WIPRO,613.55,614.52,609.87,612.25,2770065,2.0055
2024-08-20,WIPRO,579.47,589.06,573.01,579.78,3251776,-5.4483
2024-08-21,WIPRO,580.92,581.16,579.25,580.92,1546898,0.1964
2024-08-22,WIPRO,571.94,576.48,564.79,574.29,4286770,-1.1489
2024-08-23,WIPRO,576.37,583.59,574.69,575.07,2446774,0.1361
2024-08-26,WIPRO,583.14,592.11,576.97,579.29,1570249,0.7314
2024-08-27,WIPRO,588.25,599.43,585.01,594.02,1567464,2.51
2024-08-28,WIPRO,575.24,583.13,573.3,577.91,1743222,-2.749
2024-08-29,WIPRO,568.19,580.48,566.85,569.77,1008771,-1.4185
2024-08-30,WIPRO,557.35,563.22,548.84,559.83,4402530,-1.7589
2024-09-02,WIPRO,554.97,561.05,548.56,553.19,1452758,-1.1937
2024-09-03,WIPRO,536.71,545.29,533.98,538.34,3834495,-2.7204
2024-09-04,WIPRO,562.2,572.63,558.55,561.97,2306010,4.2949
2024-09-05,WIPRO,576.22,585.03,562.88,571.96,1042922,1.7615
2024-09-06,WIPRO,558.21,564.6,555.69,563.27,4203396,-1.5308
2024-09-09,WIPRO,564.45,573.09,554.97,563.56,4140936,0.051
2024-09-10,WIPRO,558.45,565.74,550.29,558.79,3962453,-0.8495
2024-09-11,WIPRO,560.31,569.33,559.56,560.65,2149132,0.3322
2024-09-12,WIPRO,549.72,553.3,539.75,552.22,665181,-1.5155
2024-09-13,WIPRO,534.74,545.62,528.7,535.76,4027897,-3.0261
2024-09-16,WIPRO,529.74,538.17,520.86,529.76,3995951,-1.1245
2024-09-17,WIPRO,544.21,553.95,540.75,544.71,4416055,2.7826
2024-09-18,WIPRO,530.72,540.07,521.58,528.88,638290,-2.95
2024-09-19,WIPRO,537.76,541.76,531.28,540.72,4316002,2.2143
2024-09-20,WIPRO,543.1,555.65,540.17,546.92,841493,1.1399
2024-09-23,WIPRO,537.23,550.27,528.08,542.67,625006,-0.7793
2024-09-24,WIPRO,551.38,558.88,542.02,550.99,3927785,1.5201
2024-09-25,WIPRO,555.49,559.74,545.98,553.4,3836083,0.4372
2024-09-26,WIPRO,527.24,533.15,518.08,530.35,2269495,-4.2549
2024-09-27,WIPRO,522.86,532.59,520.57,526.18,3785763,-0.7891
2024-09-30,WIPRO,527.28,530.3,514.93,522.35,1946588,-0.7305
2024-10-01,WIPRO,541.21,551.14,534.67,537.77,1035083,2.91
2024-10-02,WIPRO,537.14,543.68,523.56,533.59,2189489,-0.7816
2024-10-03,WIPRO,532.37,536.2,525.44,531.45,4536032,-0.4017
2024-10-04,WIPRO,521.18,521.4,510.53,519.35,2858703,-2.3025
2024-10-07,WIPRO,518.05,520.46,516.19,518.8,3794457,-0.1066
2024-10-08,WIPRO,503.1,509.66,499.9,506.71,3229477,-2.3578
2024-10-09,WIPRO,514.38,519.62,506.53,517.94,3458544,2.1921
2024-10-10,WIPRO,513.71,519.31,510.02,513.7,3516572,-0.8211
2024-10-11,WIPRO,504.03,511.3,500.81,501.71,983636,-2.3626
2024-10-14,WIPRO,513.83,523.35,507.08,514.26,932799,2.471
2024-10-15,WIPRO,502.63,509.11,500.0,501.1,1046524,-2.5921
2024-10-16,WIPRO,503.54,509.59,497.95,503.77,1239955,0.5307
2024-10-17,WIPRO,489.85,492.19,480.92,489.1,3601972,-2.9546
2024-10-18,WIPRO,493.97,502.6,486.33,492.07,2453648,0.606
2024-10-21,WIPRO,506.14,509.34,497.76,502.79,2143927,2.1551
2024-10-22,WIPRO,497.13,504.12,494.15,496.42,4388542,-1.2764
2024-10-23,WIPRO,489.64,496.96,483.36,484.94,2649484,-2.3396
2024-10-24,WIPRO,473.47,474.44,473.29,474.02,3932093,-2.2773
2024-10-25,WIPRO,476.72,482.93,466.01,473.59,3299013,-0.0907
2024-10-28,WIPRO,493.74,502.94,492.01,492.31,1340080,3.876
2024-10-29,WIPRO,498.43,510.01,489.87,503.03,2163918,2.1559
2024-10-30,WIPRO,518.69,523.64,510.96,515.05,1793456,2.361
2024-10-31,WIPRO,501.93,508.31,492.8,504.25,3727261,-2.1198
2024-11-01,WIPRO,514.9,517.08,513.29,515.54,2203900,2.2138
2024-11-04,WIPRO,528.22,530.59,517.4,525.92,3044895,1.9941
2024-11-05,WIPRO,527.27,538.65,518.15,529.24,4369577,0.63
2024-11-06,WIPRO,522.52,526.79,518.15,522.71,2157205,-1.2431
2024-11-07,WIPRO,534.83,536.56,522.6,533.08,4902446,1.9644
2024-11-08,WIPRO,523.84,530.19,521.63,526.0,1412078,-1.3357
2024-11-11,WIPRO,532.44,537.74,531.25,533.07,843526,1.3344
2024-11-12,WIPRO,528.2,532.72,517.94,529.13,1368085,-0.7414
2024-11-13,WIPRO,521.41,521.59,516.25,518.91,2690827,-1.951
2024-11-14,WIPRO,518.86,522.67,514.53,514.82,633824,-0.7905
2024-11-15,WIPRO,532.65,545.2,528.46,535.6,2131166,3.9558
