StudentID,Gender,Section,Attendance_%,StudyHrs_day,Subject,Score,Pass
S0001,Female,D,75.0,4.7,Maths,82.9,Pass
S0001,Female,D,75.0,4.7,Science,76.7,Pass
S0001,Female,D,75.0,4.7,English,82.4,Pass
S0001,Female,D,75.0,4.7,History,79.6,Pass
S0001,Female,D,75.0,4.7,CS,80.6,Pass
S0002,Male,C,89.6,2.8,Maths,75.4,Pass
S0002,Male,C,89.6,2.8,Science,70.4,Pass
S0002,Male,C,89.6,2.8,English,74.1,Pass
S0002,Male,C,89.6,2.8,History,60.6,Pass
S0002,Male,C,89.6,2.8,CS,85.8,Pass
S0003,Female,D,74.2,5.9,Maths,66.8,Pass
S0003,Female,D,74.2,5.9,Science,76.9,Pass
S0003,Female,D,74.2,5.9,English,85.6,Pass
S0003,Female,D,74.2,5.9,History,87.5,Pass
S0003,Female,D,74.2,5.9,CS,61.4,Pass
S0004,Female,D,93.1,3.5,Maths,79.0,Pass
S0004,Female,D,93.1,3.5,Science,84.5,Pass
S0004,Female,D,93.1,3.5,English,80.4,Pass
S0004,Female,D,93.1,3.5,History,93.3,Pass
S0004,Female,D,93.1,3.5,CS,71.7,Pass
S0005,Male,C,87.4,2.3,Maths,55.4,Pass
S0005,Male,C,87.4,2.3,Science,84.0,Pass
S0005,Male,C,87.4,2.3,English,70.5,Pass
S0005,Male,C,87.4,2.3,History,58.3,Pass
S0005,Male,C,87.4,2.3,CS,74.3,Pass
S0006,Female,B,79.5,4.1,Maths,89.4,Pass
S0006,Female,B,79.5,4.1,Science,64.4,Pass
S0006,Female,B,79.5,4.1,English,100.0,Pass
S0006,Female,B,79.5,4.1,History,68.7,Pass
S0006,Female,B,79.5,4.1,CS,78.0,Pass
S0007,Female,C,69.3,2.6,Maths,58.8,Pass
S0007,Female,C,69.3,2.6,Science,71.4,Pass
S0007,Female,C,69.3,2.6,English,69.7,Pass
S0007,Female,C,69.3,2.6,History,56.1,Pass
S0007,Female,C,69.3,2.6,CS,99.3,Pass
S0008,Female,B,85.5,5.9,Maths,77.5,Pass
S0008,Female,B,85.5,5.9,Science,77.5,Pass
S0008,Female,B,85.5,5.9,English,92.2,Pass
S0008,Female,B,85.5,5.9,History,100.0,Pass
S0008,Female,B,85.5,5.9,CS,93.7,Pass
S0009,Male,C,84.0,4.0,Maths,66.2,Pass
S0009,Male,C,84.0,4.0,Science,80.3,Pass
S0009,Male,C,84.0,4.0,English,59.4,Pass
S0009,Male,C,84.0,4.0,History,87.2,Pass
S0009,Male,C,84.0,4.0,CS,61.9,Pass
S0010,Male,D,89.7,3.8,Maths,71.4,Pass
S0010,Male,D,89.7,3.8,Science,79.4,Pass
S0010,Male,D,89.7,3.8,English,83.9,Pass
S0010,Male,D,89.7,3.8,History,76.9,Pass
S0010,Male,D,89.7,3.8,CS,94.7,Pass
S0011,Male,B,96.0,4.9,Maths,90.8,Pass
S0011,Male,B,96.0,4.9,Science,90.0,Pass
S0011,Male,B,96.0,4.9,English,71.3,Pass
S0011,Male,B,96.0,4.9,History,100.0,Pass
S0011,Male,B,96.0,4.9,CS,75.5,Pass
S0012,Female,C,95.9,2.5,Maths,96.1,Pass
S0012,Female,C,95.9,2.5,Science,99.0,Pass
S0012,Female,C,95.9,2.5,English,83.9,Pass
S0012,Female,C,95.9,2.5,History,89.1,Pass
S0012,Female,C,95.9,2.5,CS,47.9,Pass
S0013,Female,A,90.9,2.1,Maths,74.4,Pass
S0013,Female,A,90.9,2.1,Science,87.4,Pass
S0013,Female,A,90.9,2.1,English,85.6,Pass
S0013,Female,A,90.9,2.1,History,64.2,Pass
S0013,Female,A,90.9,2.1,CS,73.5,Pass
S0014,Female,C,71.7,4.6,Maths,50.4,Pass
S0014,Female,C,71.7,4.6,Science,79.9,Pass
S0014,Female,C,71.7,4.6,English,56.9,Pass
S0014,Female,C,71.7,4.6,History,87.0,Pass
S0014,Female,C,71.7,4.6,CS,87.5,Pass
S0015,Male,B,68.4,2.4,Maths,65.5,Pass
S0015,Male,B,68.4,2.4,Science,75.4,Pass
S0015,Male,B,68.4,2.4,English,68.0,Pass
S0015,Male,B,68.4,2.4,History,72.6,Pass
S0015,Male,B,68.4,2.4,CS,58.7,Pass
S0016,Male,B,54.5,2.3,Maths,72.3,Pass
S0016,Male,B,54.5,2.3,Science,49.6,Pass
S0016,Male,B,54.5,2.3,English,47.8,Pass
S0016,Male,B,54.5,2.3,History,64.8,Pass
S0016,Male,B,54.5,2.3,CS,63.9,Pass
S0017,Female,C,75.5,5.3,Maths,80.9,Pass
S0017,Female,C,75.5,5.3,Science,71.7,Pass
S0017,Female,C,75.5,5.3,English,97.0,Pass
S0017,Female,C,75.5,5.3,History,79.8,Pass
S0017,Female,C,75.5,5.3,CS,80.5,Pass
S0018,Male,A,56.5,4.8,Maths,73.5,Pass
S0018,Male,A,56.5,4.8,Science,81.6,Pass
S0018,Male,A,56.5,4.8,English,77.3,Pass
S0018,Male,A,56.5,4.8,History,76.0,Pass
S0018,Male,A,56.5,4.8,CS,78.9,Pass
S0019,Female,C,82.1,2.1,Maths,55.6,Pass
S0019,Female,C,82.1,2.1,Science,56.0,Pass
S0019,Female,C,82.1,2.1,English,73.1,Pass
S0019,Female,C,82.1,2.1,History,71.9,Pass
S0019,Female,C,82.1,2.1,CS,79.7,Pass
S0020,Female,C,78.6,3.1,Maths,74.9,Pass
S0020,Female,C,78.6,3.1,Science,80.5,Pass
S0020,Female,C,78.6,3.1,English,62.3,Pass
S0020,Female,C,78.6,3.1,History,74.6,Pass
S0020,Female,C,78.6,3.1,CS,61.3,Pass
S0021,Female,B,74.6,2.6,Maths,76.5,Pass
S0021,Female,B,74.6,2.6,Science,53.9,Pass
S0021,Female,B,74.6,2.6,English,76.2,Pass
S0021,Female,B,74.6,2.6,History,58.0,Pass
S0021,Female,B,74.6,2.6,CS,68.8,Pass
S0022,Male,A,74.3,6.7,Maths,89.6,Pass
S0022,Male,A,74.3,6.7,Science,82.9,Pass
S0022,Male,A,74.3,6.7,English,64.2,Pass
S0022,Male,A,74.3,6.7,History,73.9,Pass
S0022,Male,A,74.3,6.7,CS,65.6,Pass
S0023,Female,B,80.4,5.4,Maths,62.9,Pass
S0023,Female,B,80.4,5.4,Science,81.0,Pass
S0023,Female,B,80.4,5.4,English,85.4,Pass
S0023,Female,B,80.4,5.4,History,84.3,Pass
S0023,Female,B,80.4,5.4,CS,85.9,Pass
S0024,Female,A,73.7,3.4,Maths,73.7,Pass
S0024,Female,A,73.7,3.4,Science,71.1,Pass
S0024,Female,A,73.7,3.4,English,63.1,Pass
S0024,Female,A,73.7,3.4,History,69.4,Pass
S0024,Female,A,73.7,3.4,CS,60.6,Pass
S0025,Female,B,93.5,4.9,Maths,74.3,Pass
S0025,Female,B,93.5,4.9,Science,83.7,Pass
S0025,Female,B,93.5,4.9,English,81.6,Pass
S0025,Female,B,93.5,4.9,History,100.0,Pass
S0025,Female,B,93.5,4.9,CS,69.3,Pass
S0026,Male,C,71.4,2.0,Maths,69.1,Pass
S0026,Male,C,71.4,2.0,Science,56.1,Pass
S0026,Male,C,71.4,2.0,English,66.5,Pass
S0026,Male,C,71.4,2.0,History,66.9,Pass
S0026,Male,C,71.4,2.0,CS,78.8,Pass
S0027,Male,A,76.7,3.0,Maths,69.5,Pass
S0027,Male,A,76.7,3.0,Science,72.1,Pass
S0027,Male,A,76.7,3.0,English,69.7,Pass
S0027,Male,A,76.7,3.0,History,60.0,Pass
S0027,Male,A,76.7,3.0,CS,67.5,Pass
S0028,Male,C,68.6,4.2,Maths,70.1,Pass
S0028,Male,C,68.6,4.2,Science,74.6,Pass
S0028,Male,C,68.6,4.2,English,79.5,Pass
S0028,Male,C,68.6,4.2,History,71.6,Pass
S0028,Male,C,68.6,4.2,CS,71.4,Pass
S0029,Male,A,85.9,4.7,Maths,62.9,Pass
S0029,Male,A,85.9,4.7,Science,85.5,Pass
S0029,Male,A,85.9,4.7,English,73.2,Pass
S0029,Male,A,85.9,4.7,History,87.6,Pass
S0029,Male,A,85.9,4.7,CS,93.3,Pass
S0030,Female,D,86.3,3.9,Maths,76.7,Pass
S0030,Female,D,86.3,3.9,Science,68.4,Pass
S0030,Female,D,86.3,3.9,English,78.4,Pass
S0030,Female,D,86.3,3.9,History,82.1,Pass
S0030,Female,D,86.3,3.9,CS,75.4,Pass
S0031,Female,C,99.1,4.4,Maths,77.8,Pass
S0031,Female,C,99.1,4.4,Science,89.1,Pass
S0031,Female,C,99.1,4.4,English,88.4,Pass
S0031,Female,C,99.1,4.4,History,80.0,Pass
S0031,Female,C,99.1,4.4,CS,66.9,Pass
S0032,Female,B,56.1,4.1,Maths,74.6,Pass
S0032,Female,B,56.1,4.1,Science,62.4,Pass
S0032,Female,B,56.1,4.1,English,72.2,Pass
S0032,Female,B,56.1,4.1,History,71.6,Pass
S0032,Female,B,56.1,4.1,CS,51.2,Pass
S0033,Male,C,69.4,3.8,Maths,74.1,Pass
S0033,Male,C,69.4,3.8,Science,78.5,Pass
S0033,Male,C,69.4,3.8,English,79.7,Pass
S0033,Male,C,69.4,3.8,History,74.5,Pass
S0033,Male,C,69.4,3.8,CS,53.6,Pass
S0034,Male,A,39.5,3.6,Maths,76.7,Pass
S0034,Male,A,39.5,3.6,Science,68.1,Pass
S0034,Male,A,39.5,3.6,English,51.9,Pass
S0034,Male,A,39.5,3.6,History,56.1,Pass
S0034,Male,A,39.5,3.6,CS,66.3,Pass
S0035,Male,A,68.9,3.4,Maths,79.2,Pass
S0035,Male,A,68.9,3.4,Science,67.5,Pass
S0035,Male,A,68.9,3.4,English,80.7,Pass
S0035,Male,A,68.9,3.4,History,54.5,Pass
S0035,Male,A,68.9,3.4,CS,62.0,Pass
S0036,Male,D,47.3,4.3,Maths,47.2,Pass
S0036,Male,D,47.3,4.3,Science,58.9,Pass
S0036,Male,D,47.3,4.3,English,83.0,Pass
S0036,Male,D,47.3,4.3,History,88.5,Pass
S0036,Male,D,47.3,4.3,CS,70.2,Pass
S0037,Male,D,58.3,4.6,Maths,65.3,Pass
S0037,Male,D,58.3,4.6,Science,69.5,Pass
S0037,Male,D,58.3,4.6,English,76.4,Pass
S0037,Male,D,58.3,4.6,History,56.1,Pass
S0037,Male,D,58.3,4.6,CS,66.0,Pass
S0038,Male,A,84.0,4.3,Maths,93.1,Pass
S0038,Male,A,84.0,4.3,Science,68.3,Pass
S0038,Male,A,84.0,4.3,English,71.3,Pass
S0038,Male,A,84.0,4.3,History,78.9,Pass
S0038,Male,A,84.0,4.3,CS,81.6,Pass
S0039,Male,B,68.4,2.2,Maths,63.7,Pass
S0039,Male,B,68.4,2.2,Science,70.8,Pass
S0039,Male,B,68.4,2.2,English,76.1,Pass
S0039,Male,B,68.4,2.2,History,89.6,Pass
S0039,Male,B,68.4,2.2,CS,68.7,Pass
S0040,Female,A,69.0,2.5,Maths,70.3,Pass
S0040,Female,A,69.0,2.5,Science,86.0,Pass
S0040,Female,A,69.0,2.5,English,65.2,Pass
S0040,Female,A,69.0,2.5,History,57.5,Pass
S0040,Female,A,69.0,2.5,CS,73.2,Pass
S0041,Male,B,43.5,4.6,Maths,78.0,Pass
S0041,Male,B,43.5,4.6,Science,70.8,Pass
S0041,Male,B,43.5,4.6,English,66.3,Pass
S0041,Male,B,43.5,4.6,History,52.8,Pass
S0041,Male,B,43.5,4.6,CS,66.7,Pass
S0042,Female,B,92.9,6.2,Maths,97.6,Pass
S0042,Female,B,92.9,6.2,Science,72.9,Pass
S0042,Female,B,92.9,6.2,English,82.8,Pass
S0042,Female,B,92.9,6.2,History,81.4,Pass
S0042,Female,B,92.9,6.2,CS,78.3,Pass
S0043,Female,B,73.4,4.2,Maths,78.0,Pass
S0043,Female,B,73.4,4.2,Science,79.9,Pass
S0043,Female,B,73.4,4.2,English,79.8,Pass
S0043,Female,B,73.4,4.2,History,65.7,Pass
S0043,Female,B,73.4,4.2,CS,59.0,Pass
S0044,Male,C,70.6,3.4,Maths,75.6,Pass
S0044,Male,C,70.6,3.4,Science,67.9,Pass
S0044,Male,C,70.6,3.4,English,91.3,Pass
S0044,Male,C,70.6,3.4,History,91.8,Pass
S0044,Male,C,70.6,3.4,CS,92.9,Pass
S0045,Female,A,83.5,4.3,Maths,69.3,Pass
S0045,Female,A,83.5,4.3,Science,84.4,Pass
S0045,Female,A,83.5,4.3,English,87.4,Pass
S0045,Female,A,83.5,4.3,History,86.3,Pass
S0045,Female,A,83.5,4.3,CS,75.2,Pass
S0046,Female,D,55.9,2.3,Maths,79.1,Pass
S0046,Female,D,55.9,2.3,Science,66.4,Pass
S0046,Female,D,55.9,2.3,English,67.6,Pass
S0046,Female,D,55.9,2.3,History,51.0,Pass
S0046,Female,D,55.9,2.3,CS,72.8,Pass
S0047,Male,C,48.1,6.0,Maths,68.8,Pass
S0047,Male,C,48.1,6.0,Science,76.0,Pass
S0047,Male,C,48.1,6.0,English,73.7,Pass
S0047,Male,C,48.1,6.0,History,73.2,Pass
S0047,Male,C,48.1,6.0,CS,70.9,Pass
S0048,Male,D,89.9,4.3,Maths,88.4,Pass
S0048,Male,D,89.9,4.3,Science,78.6,Pass
S0048,Male,D,89.9,4.3,English,66.0,Pass
S0048,Male,D,89.9,4.3,History,86.2,Pass
S0048,Male,D,89.9,4.3,CS,72.4,Pass
S0049,Female,A,80.0,3.0,Maths,61.7,Pass
S0049,Female,A,80.0,3.0,Science,64.8,Pass
S0049,Female,A,80.0,3.0,English,77.8,Pass
S0049,Female,A,80.0,3.0,History,74.0,Pass
S0049,Female,A,80.0,3.0,CS,53.7,Pass
S0050,Male,C,81.7,3.7,Maths,73.2,Pass
S0050,Male,C,81.7,3.7,Science,88.7,Pass
S0050,Male,C,81.7,3.7,English,72.5,Pass
S0050,Male,C,81.7,3.7,History,75.3,Pass
S0050,Male,C,81.7,3.7,CS,87.4,Pass
S0051,Male,D,90.5,3.2,Maths,86.5,Pass
S0051,Male,D,90.5,3.2,Science,88.8,Pass
S0051,Male,D,90.5,3.2,English,50.8,Pass
S0051,Male,D,90.5,3.2,History,95.9,Pass
S0051,Male,D,90.5,3.2,CS,84.9,Pass
S0052,Male,A,98.7,6.0,Maths,100.0,Pass
S0052,Male,A,98.7,6.0,Science,78.7,Pass
S0052,Male,A,98.7,6.0,English,68.9,Pass
S0052,Male,A,98.7,6.0,History,86.6,Pass
S0052,Male,A,98.7,6.0,CS,83.8,Pass
S0053,Female,D,94.0,3.7,Maths,87.1,Pass
S0053,Female,D,94.0,3.7,Science,91.3,Pass
S0053,Female,D,94.0,3.7,English,79.7,Pass
S0053,Female,D,94.0,3.7,History,78.2,Pass
S0053,Female,D,94.0,3.7,CS,85.8,Pass
S0054,Female,B,91.9,4.2,Maths,78.5,Pass
S0054,Female,B,91.9,4.2,Science,77.6,Pass
S0054,Female,B,91.9,4.2,English,91.4,Pass
S0054,Female,B,91.9,4.2,History,93.6,Pass
S0054,Female,B,91.9,4.2,CS,91.9,Pass
S0055,Female,D,97.3,4.9,Maths,82.2,Pass
S0055,Female,D,97.3,4.9,Science,62.5,Pass
S0055,Female,D,97.3,4.9,English,82.4,Pass
S0055,Female,D,97.3,4.9,History,76.3,Pass
S0055,Female,D,97.3,4.9,CS,82.6,Pass
S0056,Female,B,86.5,2.9,Maths,70.0,Pass
S0056,Female,B,86.5,2.9,Science,76.5,Pass
S0056,Female,B,86.5,2.9,English,66.3,Pass
S0056,Female,B,86.5,2.9,History,63.9,Pass
S0056,Female,B,86.5,2.9,CS,89.0,Pass
S0057,Male,D,89.3,4.3,Maths,70.7,Pass
S0057,Male,D,89.3,4.3,Science,80.4,Pass
S0057,Male,D,89.3,4.3,English,89.9,Pass
S0057,Male,D,89.3,4.3,History,89.5,Pass
S0057,Male,D,89.3,4.3,CS,88.3,Pass
S0058,Female,A,83.8,4.4,Maths,82.0,Pass
S0058,Female,A,83.8,4.4,Science,86.2,Pass
S0058,Female,A,83.8,4.4,English,92.7,Pass
S0058,Female,A,83.8,4.4,History,83.2,Pass
S0058,Female,A,83.8,4.4,CS,60.6,Pass
S0059,Male,B,89.7,1.7,Maths,70.0,Pass
S0059,Male,B,89.7,1.7,Science,82.2,Pass
S0059,Male,B,89.7,1.7,English,69.0,Pass
S0059,Male,B,89.7,1.7,History,91.5,Pass
S0059,Male,B,89.7,1.7,CS,74.6,Pass
S0060,Male,B,84.5,4.4,Maths,80.0,Pass
S0060,Male,B,84.5,4.4,Science,90.4,Pass
S0060,Male,B,84.5,4.4,English,77.3,Pass
S0060,Male,B,84.5,4.4,History,80.9,Pass
S0060,Male,B,84.5,4.4,CS,88.1,Pass
S0061,Female,A,60.1,3.9,Maths,56.2,Pass
S0061,Female,A,60.1,3.9,Science,68.0,Pass
S0061,Female,A,60.1,3.9,English,79.2,Pass
S0061,Female,A,60.1,3.9,History,71.5,Pass
S0061,Female,A,60.1,3.9,CS,85.6,Pass
S0062,Male,B,66.7,4.2,Maths,57.6,Pass
S0062,Male,B,66.7,4.2,Science,56.5,Pass
S0062,Male,B,66.7,4.2,English,81.1,Pass
S0062,Male,B,66.7,4.2,History,82.1,Pass
S0062,Male,B,66.7,4.2,CS,71.5,Pass
S0063,Female,B,68.6,4.1,Maths,77.7,Pass
S0063,Female,B,68.6,4.1,Science,81.1,Pass
S0063,Female,B,68.6,4.1,English,65.5,Pass
S0063,Female,B,68.6,4.1,History,66.6,Pass
S0063,Female,B,68.6,4.1,CS,75.6,Pass
S0064,Female,A,63.1,4.4,Maths,81.7,Pass
S0064,Female,A,63.1,4.4,Science,61.0,Pass
S0064,Female,A,63.1,4.4,English,70.7,Pass
S0064,Female,A,63.1,4.4,History,70.3,Pass
S0064,Female,A,63.1,4.4,CS,76.9,Pass
S0065,Female,C,85.2,6.0,Maths,82.5,Pass
S0065,Female,C,85.2,6.0,Science,77.1,Pass
S0065,Female,C,85.2,6.0,English,95.1,Pass
S0065,Female,C,85.2,6.0,History,77.2,Pass
S0065,Female,C,85.2,6.0,CS,79.7,Pass
S0066,Female,C,87.3,2.2,Maths,59.7,Pass
S0066,Female,C,87.3,2.2,Science,68.5,Pass
S0066,Female,C,87.3,2.2,English,80.8,Pass
S0066,Female,C,87.3,2.2,History,78.9,Pass
S0066,Female,C,87.3,2.2,CS,81.6,Pass
S0067,Female,D,67.6,3.5,Maths,77.8,Pass
S0067,Female,D,67.6,3.5,Science,93.1,Pass
S0067,Female,D,67.6,3.5,English,64.8,Pass
S0067,Female,D,67.6,3.5,History,56.1,Pass
S0067,Female,D,67.6,3.5,CS,61.8,Pass
S0068,Male,C,72.3,5.0,Maths,69.6,Pass
S0068,Male,C,72.3,5.0,Science,66.9,Pass
S0068,Male,C,72.3,5.0,English,77.6,Pass
S0068,Male,C,72.3,5.0,History,89.2,Pass
S0068,Male,C,72.3,5.0,CS,92.1,Pass
S0069,Male,A,96.2,4.7,Maths,88.4,Pass
S0069,Male,A,96.2,4.7,Science,100.0,Pass
S0069,Male,A,96.2,4.7,English,79.8,Pass
S0069,Male,A,96.2,4.7,History,67.0,Pass
S0069,Male,A,96.2,4.7,CS,93.8,Pass
S0070,Male,A,62.6,4.7,Maths,54.8,Pass
S0070,Male,A,62.6,4.7,Science,65.6,Pass
S0070,Male,A,62.6,4.7,English,78.4,Pass
S0070,Male,A,62.6,4.7,History,72.1,Pass
S0070,Male,A,62.6,4.7,CS,71.2,Pass
S0071,Male,B,82.5,8.1,Maths,74.2,Pass
S0071,Male,B,82.5,8.1,Science,85.9,Pass
S0071,Male,B,82.5,8.1,English,96.0,Pass
S0071,Male,B,82.5,8.1,History,86.2,Pass
S0071,Male,B,82.5,8.1,CS,77.7,Pass
S0072,Male,B,62.6,4.9,Maths,61.1,Pass
S0072,Male,B,62.6,4.9,Science,65.5,Pass
S0072,Male,B,62.6,4.9,English,77.5,Pass
S0072,Male,B,62.6,4.9,History,77.1,Pass
S0072,Male,B,62.6,4.9,CS,65.6,Pass
S0073,Female,A,71.1,5.7,Maths,55.6,Pass
S0073,Female,A,71.1,5.7,Science,81.9,Pass
S0073,Female,A,71.1,5.7,English,68.7,Pass
S0073,Female,A,71.1,5.7,History,84.6,Pass
S0073,Female,A,71.1,5.7,CS,70.2,Pass
S0074,Male,D,71.6,3.5,Maths,63.7,Pass
S0074,Male,D,71.6,3.5,Science,75.1,Pass
S0074,Male,D,71.6,3.5,English,97.1,Pass
S0074,Male,D,71.6,3.5,History,81.0,Pass
S0074,Male,D,71.6,3.5,CS,74.9,Pass
S0075,Male,C,85.8,2.5,Maths,79.3,Pass
S0075,Male,C,85.8,2.5,Science,58.2,Pass
S0075,Male,C,85.8,2.5,English,64.5,Pass
S0075,Male,C,85.8,2.5,History,50.6,Pass
S0075,Male,C,85.8,2.5,CS,93.1,Pass
S0076,Male,C,71.1,3.5,Maths,88.7,Pass
S0076,Male,C,71.1,3.5,Science,77.3,Pass
S0076,Male,C,71.1,3.5,English,74.7,Pass
S0076,Male,C,71.1,3.5,History,57.9,Pass
S0076,Male,C,71.1,3.5,CS,71.2,Pass
S0077,Male,A,69.6,5.1,Maths,94.0,Pass
S0077,Male,A,69.6,5.1,Science,77.3,Pass
S0077,Male,A,69.6,5.1,English,70.4,Pass
S0077,Male,A,69.6,5.1,History,58.4,Pass
S0077,Male,A,69.6,5.1,CS,89.8,Pass
S0078,Female,D,90.2,4.6,Maths,80.6,Pass
S0078,Female,D,90.2,4.6,Science,63.7,Pass
S0078,Female,D,90.2,4.6,English,72.0,Pass
S0078,Female,D,90.2,4.6,History,68.5,Pass
S0078,Female,D,90.2,4.6,CS,80.0,Pass
S0079,Female,A,79.8,4.6,Maths,80.2,Pass
S0079,Female,A,79.8,4.6,Science,73.1,Pass
S0079,Female,A,79.8,4.6,English,85.9,Pass
S0079,Female,A,79.8,4.6,History,78.9,Pass
S0079,Female,A,79.8,4.6,CS,88.8,Pass
S0080,Female,B,72.9,3.7,Maths,70.6,Pass
S0080,Female,B,72.9,3.7,Science,100.0,Pass
S0080,Female,B,72.9,3.7,English,68.6,Pass
S0080,Female,B,72.9,3.7,History,65.2,Pass
S0080,Female,B,72.9,3.7,CS,64.0,Pass
S0081,Female,B,81.3,3.4,Maths,74.2,Pass
S0081,Female,B,81.3,3.4,Science,59.1,Pass
S0081,Female,B,81.3,3.4,English,79.2,Pass
S0081,Female,B,81.3,3.4,History,57.2,Pass
S0081,Female,B,81.3,3.4,CS,77.9,Pass
S0082,Male,D,89.1,3.7,Maths,65.7,Pass
S0082,Male,D,89.1,3.7,Science,75.4,Pass
S0082,Male,D,89.1,3.7,English,85.2,Pass
S0082,Male,D,89.1,3.7,History,100.0,Pass
S0082,Male,D,89.1,3.7,CS,68.4,Pass
S0083,Female,B,73.1,5.1,Maths,75.6,Pass
S0083,Female,B,73.1,5.1,Science,69.9,Pass
S0083,Female,B,73.1,5.1,English,68.4,Pass
S0083,Female,B,73.1,5.1,History,70.0,Pass
S0083,Female,B,73.1,5.1,CS,85.3,Pass
S0084,Male,A,83.5,5.3,Maths,75.7,Pass
S0084,Male,A,83.5,5.3,Science,100.0,Pass
S0084,Male,A,83.5,5.3,English,84.7,Pass
S0084,Male,A,83.5,5.3,History,70.5,Pass
S0084,Male,A,83.5,5.3,CS,76.9,Pass
S0085,Male,B,93.4,2.5,Maths,70.0,Pass
S0085,Male,B,93.4,2.5,Science,86.0,Pass
S0085,Male,B,93.4,2.5,English,61.6,Pass
S0085,Male,B,93.4,2.5,History,64.6,Pass
S0085,Male,B,93.4,2.5,CS,72.1,Pass
S0086,Male,B,78.9,5.1,Maths,85.8,Pass
S0086,Male,B,78.9,5.1,Science,91.3,Pass
S0086,Male,B,78.9,5.1,English,92.8,Pass
S0086,Male,B,78.9,5.1,History,84.3,Pass
S0086,Male,B,78.9,5.1,CS,78.1,Pass
S0087,Female,A,88.9,3.0,Maths,85.7,Pass
S0087,Female,A,88.9,3.0,Science,66.3,Pass
S0087,Female,A,88.9,3.0,English,59.3,Pass
S0087,Female,A,88.9,3.0,History,82.1,Pass
S0087,Female,A,88.9,3.0,CS,67.7,Pass
S0088,Male,A,84.8,4.7,Maths,79.2,Pass
S0088,Male,A,84.8,4.7,Science,81.0,Pass
S0088,Male,A,84.8,4.7,English,82.3,Pass
S0088,Male,A,84.8,4.7,History,89.2,Pass
S0088,Male,A,84.8,4.7,CS,88.2,Pass
S0089,Male,A,97.5,3.7,Maths,83.6,Pass
S0089,Male,A,97.5,3.7,Science,77.3,Pass
S0089,Male,A,97.5,3.7,English,82.8,Pass
S0089,Male,A,97.5,3.7,History,75.7,Pass
S0089,Male,A,97.5,3.7,CS,79.7,Pass
S0090,Male,B,65.6,6.3,Maths,100.0,Pass
S0090,Male,B,65.6,6.3,Science,79.2,Pass
S0090,Male,B,65.6,6.3,English,81.9,Pass
S0090,Male,B,65.6,6.3,History,70.3,Pass
S0090,Male,B,65.6,6.3,CS,87.6,Pass
S0091,Male,B,86.7,3.4,Maths,85.4,Pass
S0091,Male,B,86.7,3.4,Science,85.4,Pass
S0091,Male,B,86.7,3.4,English,79.9,Pass
S0091,Male,B,86.7,3.4,History,88.1,Pass
S0091,Male,B,86.7,3.4,CS,90.5,Pass
S0092,Female,B,94.3,4.3,Maths,84.7,Pass
S0092,Female,B,94.3,4.3,Science,80.7,Pass
S0092,Female,B,94.3,4.3,English,90.8,Pass
S0092,Female,B,94.3,4.3,History,72.8,Pass
S0092,Female,B,94.3,4.3,CS,74.7,Pass
S0093,Male,C,77.0,4.9,Maths,77.4,Pass
S0093,Male,C,77.0,4.9,Science,60.5,Pass
S0093,Male,C,77.0,4.9,English,86.2,Pass
S0093,Male,C,77.0,4.9,History,68.3,Pass
S0093,Male,C,77.0,4.9,CS,73.2,Pass
S0094,Male,A,81.5,2.7,Maths,72.7,Pass
S0094,Male,A,81.5,2.7,Science,75.2,Pass
S0094,Male,A,81.5,2.7,English,71.4,Pass
S0094,Male,A,81.5,2.7,History,74.2,Pass
S0094,Male,A,81.5,2.7,CS,74.2,Pass
S0095,Male,D,91.6,3.9,Maths,75.8,Pass
S0095,Male,D,91.6,3.9,Science,72.5,Pass
S0095,Male,D,91.6,3.9,English,91.1,Pass
S0095,Male,D,91.6,3.9,History,59.2,Pass
S0095,Male,D,91.6,3.9,CS,78.2,Pass
S0096,Female,D,77.0,3.6,Maths,70.6,Pass
S0096,Female,D,77.0,3.6,Science,79.5,Pass
S0096,Female,D,77.0,3.6,English,60.7,Pass
S0096,Female,D,77.0,3.6,History,70.3,Pass
S0096,Female,D,77.0,3.6,CS,74.3,Pass
S0097,Male,A,69.6,3.2,Maths,83.0,Pass
S0097,Male,A,69.6,3.2,Science,75.7,Pass
S0097,Male,A,69.6,3.2,English,60.5,Pass
S0097,Male,A,69.6,3.2,History,67.5,Pass
S0097,Male,A,69.6,3.2,CS,81.2,Pass
S0098,Male,B,80.8,3.3,Maths,63.9,Pass
S0098,Male,B,80.8,3.3,Science,75.1,Pass
S0098,Male,B,80.8,3.3,English,75.8,Pass
S0098,Male,B,80.8,3.3,History,72.1,Pass
S0098,Male,B,80.8,3.3,CS,100.0,Pass
S0099,Male,A,83.4,5.7,Maths,77.2,Pass
S0099,Male,A,83.4,5.7,Science,85.9,Pass
S0099,Male,A,83.4,5.7,English,73.7,Pass
S0099,Male,A,83.4,5.7,History,86.6,Pass
S0099,Male,A,83.4,5.7,CS,90.1,Pass
S0100,Female,B,69.7,3.1,Maths,66.2,Pass
S0100,Female,B,69.7,3.1,Science,71.6,Pass
S0100,Female,B,69.7,3.1,English,63.2,Pass
S0100,Female,B,69.7,3.1,History,60.7,Pass
S0100,Female,B,69.7,3.1,CS,82.5,Pass
S0101,Female,B,69.7,4.8,Maths,70.1,Pass
S0101,Female,B,69.7,4.8,Science,51.5,Pass
S0101,Female,B,69.7,4.8,English,93.3,Pass
S0101,Female,B,69.7,4.8,History,67.6,Pass
S0101,Female,B,69.7,4.8,CS,73.1,Pass
S0102,Female,A,90.5,4.5,Maths,97.5,Pass
S0102,Female,A,90.5,4.5,Science,79.7,Pass
S0102,Female,A,90.5,4.5,English,79.5,Pass
S0102,Female,A,90.5,4.5,History,68.8,Pass
S0102,Female,A,90.5,4.5,CS,64.7,Pass
S0103,Male,A,92.9,1.9,Maths,75.0,Pass
S0103,Male,A,92.9,1.9,Science,80.3,Pass
S0103,Male,A,92.9,1.9,English,79.7,Pass
S0103,Male,A,92.9,1.9,History,71.9,Pass
S0103,Male,A,92.9,1.9,CS,76.9,Pass
S0104,Female,B,88.2,4.8,Maths,62.6,Pass
S0104,Female,B,88.2,4.8,Science,85.6,Pass
S0104,Female,B,88.2,4.8,English,82.6,Pass
S0104,Female,B,88.2,4.8,History,100.0,Pass
S0104,Female,B,88.2,4.8,CS,81.1,Pass
S0105,Female,C,61.4,1.9,Maths,57.8,Pass
S0105,Female,C,61.4,1.9,Science,66.7,Pass
S0105,Female,C,61.4,1.9,English,63.9,Pass
S0105,Female,C,61.4,1.9,History,71.5,Pass
S0105,Female,C,61.4,1.9,CS,67.5,Pass
S0106,Female,B,92.8,4.9,Maths,70.1,Pass
S0106,Female,B,92.8,4.9,Science,66.4,Pass
S0106,Female,B,92.8,4.9,English,85.3,Pass
S0106,Female,B,92.8,4.9,History,96.5,Pass
S0106,Female,B,92.8,4.9,CS,83.5,Pass
S0107,Male,D,83.1,3.2,Maths,84.5,Pass
S0107,Male,D,83.1,3.2,Science,86.5,Pass
S0107,Male,D,83.1,3.2,English,79.1,Pass
S0107,Male,D,83.1,3.2,History,68.3,Pass
S0107,Male,D,83.1,3.2,CS,78.3,Pass
S0108,Male,B,87.4,4.0,Maths,91.3,Pass
S0108,Male,B,87.4,4.0,Science,84.6,Pass
S0108,Male,B,87.4,4.0,English,86.7,Pass
S0108,Male,B,87.4,4.0,History,74.6,Pass
S0108,Male,B,87.4,4.0,CS,77.2,Pass
S0109,Male,D,72.6,2.1,Maths,69.7,Pass
S0109,Male,D,72.6,2.1,Science,70.4,Pass
S0109,Male,D,72.6,2.1,English,82.6,Pass
S0109,Male,D,72.6,2.1,History,47.4,Pass
S0109,Male,D,72.6,2.1,CS,71.2,Pass
S0110,Female,A,88.0,4.2,Maths,79.0,Pass
S0110,Female,A,88.0,4.2,Science,66.0,Pass
S0110,Female,A,88.0,4.2,English,86.5,Pass
S0110,Female,A,88.0,4.2,History,72.5,Pass
S0110,Female,A,88.0,4.2,CS,76.2,Pass
S0111,Male,C,77.2,5.4,Maths,97.4,Pass
S0111,Male,C,77.2,5.4,Science,89.0,Pass
S0111,Male,C,77.2,5.4,English,84.7,Pass
S0111,Male,C,77.2,5.4,History,82.7,Pass
S0111,Male,C,77.2,5.4,CS,77.3,Pass
S0112,Male,D,75.3,2.8,Maths,93.2,Pass
S0112,Male,D,75.3,2.8,Science,81.2,Pass
S0112,Male,D,75.3,2.8,English,65.7,Pass
S0112,Male,D,75.3,2.8,History,59.2,Pass
S0112,Male,D,75.3,2.8,CS,78.8,Pass
S0113,Male,A,43.5,3.1,Maths,63.7,Pass
S0113,Male,A,43.5,3.1,Science,49.9,Pass
S0113,Male,A,43.5,3.1,English,68.5,Pass
S0113,Male,A,43.5,3.1,History,61.5,Pass
S0113,Male,A,43.5,3.1,CS,69.5,Pass
S0114,Female,D,78.0,4.7,Maths,82.2,Pass
S0114,Female,D,78.0,4.7,Science,71.7,Pass
S0114,Female,D,78.0,4.7,English,84.1,Pass
S0114,Female,D,78.0,4.7,History,72.8,Pass
S0114,Female,D,78.0,4.7,CS,73.4,Pass
S0115,Male,B,88.0,4.7,Maths,75.5,Pass
S0115,Male,B,88.0,4.7,Science,92.2,Pass
S0115,Male,B,88.0,4.7,English,78.0,Pass
S0115,Male,B,88.0,4.7,History,94.6,Pass
S0115,Male,B,88.0,4.7,CS,98.7,Pass
S0116,Female,B,89.6,0.5,Maths,65.5,Pass
S0116,Female,B,89.6,0.5,Science,43.7,Pass
S0116,Female,B,89.6,0.5,English,83.3,Pass
S0116,Female,B,89.6,0.5,History,69.5,Pass
S0116,Female,B,89.6,0.5,CS,64.2,Pass
S0117,Female,C,66.5,7.0,Maths,73.1,Pass
S0117,Female,C,66.5,7.0,Science,74.8,Pass
S0117,Female,C,66.5,7.0,English,92.0,Pass
S0117,Female,C,66.5,7.0,History,80.6,Pass
S0117,Female,C,66.5,7.0,CS,91.8,Pass
S0118,Female,C,86.2,4.8,Maths,85.4,Pass
S0118,Female,C,86.2,4.8,Science,77.4,Pass
S0118,Female,C,86.2,4.8,English,76.6,Pass
S0118,Female,C,86.2,4.8,History,86.1,Pass
S0118,Female,C,86.2,4.8,CS,88.7,Pass
S0119,Male,A,82.4,5.0,Maths,89.8,Pass
S0119,Male,A,82.4,5.0,Science,77.2,Pass
S0119,Male,A,82.4,5.0,English,81.6,Pass
S0119,Male,A,82.4,5.0,History,85.6,Pass
S0119,Male,A,82.4,5.0,CS,76.0,Pass
S0120,Female,D,76.0,3.8,Maths,64.0,Pass
S0120,Female,D,76.0,3.8,Science,67.3,Pass
S0120,Female,D,76.0,3.8,English,73.0,Pass
S0120,Female,D,76.0,3.8,History,82.0,Pass
S0120,Female,D,76.0,3.8,CS,88.0,Pass
S0121,Female,C,85.0,1.2,Maths,59.4,Pass
S0121,Female,C,85.0,1.2,Science,67.0,Pass
S0121,Female,C,85.0,1.2,English,69.4,Pass
S0121,Female,C,85.0,1.2,History,80.9,Pass
S0121,Female,C,85.0,1.2,CS,67.7,Pass
S0122,Female,D,73.1,5.0,Maths,72.7,Pass
S0122,Female,D,73.1,5.0,Science,62.8,Pass
S0122,Female,D,73.1,5.0,English,81.8,Pass
S0122,Female,D,73.1,5.0,History,75.3,Pass
S0122,Female,D,73.1,5.0,CS,70.4,Pass
S0123,Male,B,96.5,3.2,Maths,77.7,Pass
S0123,Male,B,96.5,3.2,Science,91.5,Pass
S0123,Male,B,96.5,3.2,English,70.2,Pass
S0123,Male,B,96.5,3.2,History,71.9,Pass
S0123,Male,B,96.5,3.2,CS,92.8,Pass
S0124,Male,C,77.8,4.8,Maths,78.7,Pass
S0124,Male,C,77.8,4.8,Science,84.7,Pass
S0124,Male,C,77.8,4.8,English,82.0,Pass
S0124,Male,C,77.8,4.8,History,77.6,Pass
S0124,Male,C,77.8,4.8,CS,74.5,Pass
S0125,Male,B,83.5,3.7,Maths,85.7,Pass
S0125,Male,B,83.5,3.7,Science,89.0,Pass
S0125,Male,B,83.5,3.7,English,88.2,Pass
S0125,Male,B,83.5,3.7,History,65.5,Pass
S0125,Male,B,83.5,3.7,CS,90.5,Pass
S0126,Male,D,88.6,4.4,Maths,76.7,Pass
S0126,Male,D,88.6,4.4,Science,72.7,Pass
S0126,Male,D,88.6,4.4,English,78.6,Pass
S0126,Male,D,88.6,4.4,History,88.6,Pass
S0126,Male,D,88.6,4.4,CS,85.7,Pass
S0127,Male,D,87.6,2.8,Maths,74.4,Pass
S0127,Male,D,87.6,2.8,Science,85.3,Pass
S0127,Male,D,87.6,2.8,English,78.3,Pass
S0127,Male,D,87.6,2.8,History,71.2,Pass
S0127,Male,D,87.6,2.8,CS,69.9,Pass
S0128,Male,D,52.3,5.3,Maths,75.4,Pass
S0128,Male,D,52.3,5.3,Science,70.5,Pass
S0128,Male,D,52.3,5.3,English,57.5,Pass
S0128,Male,D,52.3,5.3,History,79.8,Pass
S0128,Male,D,52.3,5.3,CS,66.5,Pass
S0129,Male,C,93.7,2.2,Maths,93.5,Pass
S0129,Male,C,93.7,2.2,Science,63.5,Pass
S0129,Male,C,93.7,2.2,English,75.7,Pass
S0129,Male,C,93.7,2.2,History,70.5,Pass
S0129,Male,C,93.7,2.2,CS,67.8,Pass
S0130,Female,D,78.4,7.4,Maths,78.4,Pass
S0130,Female,D,78.4,7.4,Science,100.0,Pass
S0130,Female,D,78.4,7.4,English,84.7,Pass
S0130,Female,D,78.4,7.4,History,75.3,Pass
S0130,Female,D,78.4,7.4,CS,65.0,Pass
S0131,Male,B,51.8,7.4,Maths,58.0,Pass
S0131,Male,B,51.8,7.4,Science,69.9,Pass
S0131,Male,B,51.8,7.4,English,68.9,Pass
S0131,Male,B,51.8,7.4,History,73.0,Pass
S0131,Male,B,51.8,7.4,CS,52.5,Pass
S0132,Female,B,85.3,6.4,Maths,82.6,Pass
S0132,Female,B,85.3,6.4,Science,93.8,Pass
S0132,Female,B,85.3,6.4,English,99.7,Pass
S0132,Female,B,85.3,6.4,History,64.5,Pass
S0132,Female,B,85.3,6.4,CS,75.5,Pass
S0133,Female,D,92.5,5.9,Maths,76.0,Pass
S0133,Female,D,92.5,5.9,Science,86.0,Pass
S0133,Female,D,92.5,5.9,English,72.4,Pass
S0133,Female,D,92.5,5.9,History,100.0,Pass
S0133,Female,D,92.5,5.9,CS,85.0,Pass
S0134,Male,A,77.1,3.9,Maths,74.7,Pass
S0134,Male,A,77.1,3.9,Science,91.8,Pass
S0134,Male,A,77.1,3.9,English,75.7,Pass
S0134,Male,A,77.1,3.9,History,79.9,Pass
S0134,Male,A,77.1,3.9,CS,68.4,Pass
S0135,Female,C,80.4,5.7,Maths,66.9,Pass
S0135,Female,C,80.4,5.7,Science,74.5,Pass
S0135,Female,C,80.4,5.7,English,100.0,Pass
S0135,Female,C,80.4,5.7,History,87.0,Pass
S0135,Female,C,80.4,5.7,CS,83.4,Pass
S0136,Male,A,80.5,3.9,Maths,67.1,Pass
S0136,Male,A,80.5,3.9,Science,86.0,Pass
S0136,Male,A,80.5,3.9,English,63.3,Pass
S0136,Male,A,80.5,3.9,History,61.2,Pass
S0136,Male,A,80.5,3.9,CS,71.3,Pass
S0137,Female,C,45.5,1.7,Maths,81.5,Pass
S0137,Female,C,45.5,1.7,Science,81.0,Pass
S0137,Female,C,45.5,1.7,English,57.5,Pass
S0137,Female,C,45.5,1.7,History,55.2,Pass
S0137,Female,C,45.5,1.7,CS,45.6,Pass
S0138,Male,B,66.1,6.3,Maths,78.1,Pass
S0138,Male,B,66.1,6.3,Science,79.0,Pass
S0138,Male,B,66.1,6.3,English,85.2,Pass
S0138,Male,B,66.1,6.3,History,86.4,Pass
S0138,Male,B,66.1,6.3,CS,75.4,Pass
S0139,Female,B,75.8,5.7,Maths,84.7,Pass
S0139,Female,B,75.8,5.7,Science,72.1,Pass
S0139,Female,B,75.8,5.7,English,84.5,Pass
S0139,Female,B,75.8,5.7,History,74.1,Pass
S0139,Female,B,75.8,5.7,CS,83.7,Pass
S0140,Male,B,65.4,4.0,Maths,76.3,Pass
S0140,Male,B,65.4,4.0,Science,73.2,Pass
S0140,Male,B,65.4,4.0,English,80.5,Pass
S0140,Male,B,65.4,4.0,History,56.8,Pass
S0140,Male,B,65.4,4.0,CS,61.9,Pass
S0141,Male,B,96.5,2.2,Maths,75.6,Pass
S0141,Male,B,96.5,2.2,Science,63.9,Pass
S0141,Male,B,96.5,2.2,English,74.2,Pass
S0141,Male,B,96.5,2.2,History,74.5,Pass
S0141,Male,B,96.5,2.2,CS,91.4,Pass
S0142,Male,B,90.9,3.1,Maths,79.9,Pass
S0142,Male,B,90.9,3.1,Science,88.8,Pass
S0142,Male,B,90.9,3.1,English,81.5,Pass
S0142,Male,B,90.9,3.1,History,73.2,Pass
S0142,Male,B,90.9,3.1,CS,79.9,Pass
S0143,Female,B,81.1,1.3,Maths,79.2,Pass
S0143,Female,B,81.1,1.3,Science,83.8,Pass
S0143,Female,B,81.1,1.3,English,70.5,Pass
S0143,Female,B,81.1,1.3,History,55.4,Pass
S0143,Female,B,81.1,1.3,CS,54.7,Pass
S0144,Female,C,85.0,5.4,Maths,78.1,Pass
S0144,Female,C,85.0,5.4,Science,57.9,Pass
S0144,Female,C,85.0,5.4,English,99.3,Pass
S0144,Female,C,85.0,5.4,History,87.3,Pass
S0144,Female,C,85.0,5.4,CS,75.0,Pass
S0145,Male,D,93.4,1.6,Maths,65.1,Pass
S0145,Male,D,93.4,1.6,Science,86.5,Pass
S0145,Male,D,93.4,1.6,English,65.1,Pass
S0145,Male,D,93.4,1.6,History,66.0,Pass
S0145,Male,D,93.4,1.6,CS,68.5,Pass
S0146,Male,C,82.2,4.4,Maths,79.7,Pass
S0146,Male,C,82.2,4.4,Science,84.7,Pass
S0146,Male,C,82.2,4.4,English,90.4,Pass
S0146,Male,C,82.2,4.4,History,89.0,Pass
S0146,Male,C,82.2,4.4,CS,78.5,Pass
S0147,Male,C,84.6,2.7,Maths,86.0,Pass
S0147,Male,C,84.6,2.7,Science,69.1,Pass
S0147,Male,C,84.6,2.7,English,57.6,Pass
S0147,Male,C,84.6,2.7,History,69.1,Pass
S0147,Male,C,84.6,2.7,CS,67.8,Pass
S0148,Female,D,85.0,1.9,Maths,67.9,Pass
S0148,Female,D,85.0,1.9,Science,64.6,Pass
S0148,Female,D,85.0,1.9,English,69.6,Pass
S0148,Female,D,85.0,1.9,History,80.4,Pass
S0148,Female,D,85.0,1.9,CS,91.4,Pass
S0149,Male,D,85.5,4.4,Maths,62.1,Pass
S0149,Male,D,85.5,4.4,Science,66.5,Pass
S0149,Male,D,85.5,4.4,English,71.4,Pass
S0149,Male,D,85.5,4.4,History,87.0,Pass
S0149,Male,D,85.5,4.4,CS,77.3,Pass
S0150,Male,A,86.3,3.5,Maths,70.7,Pass
S0150,Male,A,86.3,3.5,Science,85.1,Pass
S0150,Male,A,86.3,3.5,English,87.5,Pass
S0150,Male,A,86.3,3.5,History,77.7,Pass
S0150,Male,A,86.3,3.5,CS,69.7,Pass
S0151,Female,C,61.2,5.3,Maths,76.6,Pass
S0151,Female,C,61.2,5.3,Science,71.5,Pass
S0151,Female,C,61.2,5.3,English,71.5,Pass
S0151,Female,C,61.2,5.3,History,68.8,Pass
S0151,Female,C,61.2,5.3,CS,83.1,Pass
S0152,Female,A,71.0,2.1,Maths,73.0,Pass
S0152,Female,A,71.0,2.1,Science,80.9,Pass
S0152,Female,A,71.0,2.1,English,83.9,Pass
S0152,Female,A,71.0,2.1,History,75.1,Pass
S0152,Female,A,71.0,2.1,CS,65.4,Pass
S0153,Male,A,86.4,2.9,Maths,87.1,Pass
S0153,Male,A,86.4,2.9,Science,81.3,Pass
S0153,Male,A,86.4,2.9,English,100.0,Pass
S0153,Male,A,86.4,2.9,History,79.8,Pass
S0153,Male,A,86.4,2.9,CS,83.6,Pass
S0154,Female,D,84.4,0.5,Maths,74.2,Pass
S0154,Female,D,84.4,0.5,Science,70.3,Pass
S0154,Female,D,84.4,0.5,English,68.7,Pass
S0154,Female,D,84.4,0.5,History,74.3,Pass
S0154,Female,D,84.4,0.5,CS,76.5,Pass
S0155,Male,A,65.0,0.7,Maths,77.5,Pass
S0155,Male,A,65.0,0.7,Science,69.0,Pass
S0155,Male,A,65.0,0.7,English,61.3,Pass
S0155,Male,A,65.0,0.7,History,62.7,Pass
S0155,Male,A,65.0,0.7,CS,52.7,Pass
S0156,Female,D,81.4,6.7,Maths,99.4,Pass
S0156,Female,D,81.4,6.7,Science,77.4,Pass
S0156,Female,D,81.4,6.7,English,92.5,Pass
S0156,Female,D,81.4,6.7,History,85.6,Pass
S0156,Female,D,81.4,6.7,CS,85.8,Pass
S0157,Male,D,74.1,7.1,Maths,80.3,Pass
S0157,Male,D,74.1,7.1,Science,73.6,Pass
S0157,Male,D,74.1,7.1,English,71.8,Pass
S0157,Male,D,74.1,7.1,History,98.8,Pass
S0157,Male,D,74.1,7.1,CS,82.6,Pass
S0158,Female,D,63.7,4.1,Maths,83.6,Pass
S0158,Female,D,63.7,4.1,Science,86.2,Pass
S0158,Female,D,63.7,4.1,English,68.3,Pass
S0158,Female,D,63.7,4.1,History,76.6,Pass
S0158,Female,D,63.7,4.1,CS,72.8,Pass
S0159,Female,C,93.3,2.8,Maths,66.9,Pass
S0159,Female,C,93.3,2.8,Science,76.7,Pass
S0159,Female,C,93.3,2.8,English,84.4,Pass
S0159,Female,C,93.3,2.8,History,73.5,Pass
S0159,Female,C,93.3,2.8,CS,75.3,Pass
S0160,Female,D,76.3,3.6,Maths,73.3,Pass
S0160,Female,D,76.3,3.6,Science,96.1,Pass
S0160,Female,D,76.3,3.6,English,56.7,Pass
S0160,Female,D,76.3,3.6,History,80.0,Pass
S0160,Female,D,76.3,3.6,CS,72.5,Pass
S0161,Male,A,66.1,5.3,Maths,69.0,Pass
S0161,Male,A,66.1,5.3,Science,72.7,Pass
S0161,Male,A,66.1,5.3,English,82.1,Pass
S0161,Male,A,66.1,5.3,History,82.7,Pass
S0161,Male,A,66.1,5.3,CS,77.3,Pass
S0162,Female,D,93.1,3.2,Maths,90.3,Pass
S0162,Female,D,93.1,3.2,Science,92.1,Pass
S0162,Female,D,93.1,3.2,English,87.5,Pass
S0162,Female,D,93.1,3.2,History,73.9,Pass
S0162,Female,D,93.1,3.2,CS,84.3,Pass
S0163,Male,A,61.3,4.4,Maths,77.1,Pass
S0163,Male,A,61.3,4.4,Science,64.0,Pass
S0163,Male,A,61.3,4.4,English,56.4,Pass
S0163,Male,A,61.3,4.4,History,51.9,Pass
S0163,Male,A,61.3,4.4,CS,72.8,Pass
S0164,Male,B,84.7,4.0,Maths,81.4,Pass
S0164,Male,B,84.7,4.0,Science,66.6,Pass
S0164,Male,B,84.7,4.0,English,88.8,Pass
S0164,Male,B,84.7,4.0,History,79.9,Pass
S0164,Male,B,84.7,4.0,CS,91.9,Pass
S0165,Female,A,86.4,3.1,Maths,80.9,Pass
S0165,Female,A,86.4,3.1,Science,66.5,Pass
S0165,Female,A,86.4,3.1,English,81.8,Pass
S0165,Female,A,86.4,3.1,History,83.9,Pass
S0165,Female,A,86.4,3.1,CS,71.7,Pass
S0166,Male,B,63.8,3.2,Maths,56.1,Pass
S0166,Male,B,63.8,3.2,Science,71.6,Pass
S0166,Male,B,63.8,3.2,English,60.5,Pass
S0166,Male,B,63.8,3.2,History,81.8,Pass
S0166,Male,B,63.8,3.2,CS,66.5,Pass
S0167,Female,C,97.2,4.4,Maths,100.0,Pass
S0167,Female,C,97.2,4.4,Science,61.8,Pass
S0167,Female,C,97.2,4.4,English,84.4,Pass
S0167,Female,C,97.2,4.4,History,97.3,Pass
S0167,Female,C,97.2,4.4,CS,74.1,Pass
S0168,Female,B,82.0,2.5,Maths,73.1,Pass
S0168,Female,B,82.0,2.5,Science,70.6,Pass
S0168,Female,B,82.0,2.5,English,67.8,Pass
S0168,Female,B,82.0,2.5,History,77.1,Pass
S0168,Female,B,82.0,2.5,CS,61.7,Pass
S0169,Male,D,95.8,4.7,Maths,82.0,Pass
S0169,Male,D,95.8,4.7,Science,88.3,Pass
S0169,Male,D,95.8,4.7,English,80.9,Pass
S0169,Male,D,95.8,4.7,History,73.1,Pass
S0169,Male,D,95.8,4.7,CS,93.4,Pass
S0170,Female,C,69.2,3.3,Maths,79.6,Pass
S0170,Female,C,69.2,3.3,Science,61.9,Pass
S0170,Female,C,69.2,3.3,English,59.4,Pass
S0170,Female,C,69.2,3.3,History,62.8,Pass
S0170,Female,C,69.2,3.3,CS,77.8,Pass
S0171,Male,C,71.4,4.2,Maths,77.5,Pass
S0171,Male,C,71.4,4.2,Science,82.7,Pass
S0171,Male,C,71.4,4.2,English,71.5,Pass
S0171,Male,C,71.4,4.2,History,65.5,Pass
S0171,Male,C,71.4,4.2,CS,84.0,Pass
S0172,Male,D,82.8,6.1,Maths,76.5,Pass
S0172,Male,D,82.8,6.1,Science,83.9,Pass
S0172,Male,D,82.8,6.1,English,66.5,Pass
S0172,Male,D,82.8,6.1,History,76.3,Pass
S0172,Male,D,82.8,6.1,CS,92.1,Pass
S0173,Male,B,84.7,3.7,Maths,70.7,Pass
S0173,Male,B,84.7,3.7,Science,86.0,Pass
S0173,Male,B,84.7,3.7,English,54.6,Pass
S0173,Male,B,84.7,3.7,History,72.3,Pass
S0173,Male,B,84.7,3.7,CS,76.2,Pass
S0174,Female,B,89.2,5.4,Maths,99.9,Pass
S0174,Female,B,89.2,5.4,Science,70.8,Pass
S0174,Female,B,89.2,5.4,English,89.2,Pass
S0174,Female,B,89.2,5.4,History,93.1,Pass
S0174,Female,B,89.2,5.4,CS,75.3,Pass
S0175,Male,D,69.3,1.3,Maths,64.7,Pass
S0175,Male,D,69.3,1.3,Science,69.8,Pass
S0175,Male,D,69.3,1.3,English,53.6,Pass
S0175,Male,D,69.3,1.3,History,63.9,Pass
S0175,Male,D,69.3,1.3,CS,81.2,Pass
S0176,Male,C,95.4,3.3,Maths,85.4,Pass
S0176,Male,C,95.4,3.3,Science,78.6,Pass
S0176,Male,C,95.4,3.3,English,81.3,Pass
S0176,Male,C,95.4,3.3,History,86.0,Pass
S0176,Male,C,95.4,3.3,CS,87.9,Pass
S0177,Male,C,75.7,4.0,Maths,70.2,Pass
S0177,Male,C,75.7,4.0,Science,91.2,Pass
S0177,Male,C,75.7,4.0,English,89.0,Pass
S0177,Male,C,75.7,4.0,History,82.6,Pass
S0177,Male,C,75.7,4.0,CS,67.4,Pass
S0178,Female,B,73.1,6.9,Maths,70.5,Pass
S0178,Female,B,73.1,6.9,Science,77.4,Pass
S0178,Female,B,73.1,6.9,English,81.3,Pass
S0178,Female,B,73.1,6.9,History,63.0,Pass
S0178,Female,B,73.1,6.9,CS,85.6,Pass
S0179,Female,A,99.0,1.1,Maths,89.7,Pass
S0179,Female,A,99.0,1.1,Science,82.6,Pass
S0179,Female,A,99.0,1.1,English,70.1,Pass
S0179,Female,A,99.0,1.1,History,68.9,Pass
S0179,Female,A,99.0,1.1,CS,79.8,Pass
S0180,Female,A,71.0,3.9,Maths,72.5,Pass
S0180,Female,A,71.0,3.9,Science,78.5,Pass
S0180,Female,A,71.0,3.9,English,80.0,Pass
S0180,Female,A,71.0,3.9,History,84.9,Pass
S0180,Female,A,71.0,3.9,CS,62.7,Pass
S0181,Female,A,82.5,6.2,Maths,84.3,Pass
S0181,Female,A,82.5,6.2,Science,78.5,Pass
S0181,Female,A,82.5,6.2,English,81.1,Pass
S0181,Female,A,82.5,6.2,History,90.8,Pass
S0181,Female,A,82.5,6.2,CS,91.9,Pass
S0182,Female,A,62.2,2.8,Maths,83.3,Pass
S0182,Female,A,62.2,2.8,Science,73.6,Pass
S0182,Female,A,62.2,2.8,English,68.2,Pass
S0182,Female,A,62.2,2.8,History,66.8,Pass
S0182,Female,A,62.2,2.8,CS,52.0,Pass
S0183,Male,C,85.1,3.7,Maths,91.3,Pass
S0183,Male,C,85.1,3.7,Science,74.7,Pass
S0183,Male,C,85.1,3.7,English,83.0,Pass
S0183,Male,C,85.1,3.7,History,84.7,Pass
S0183,Male,C,85.1,3.7,CS,65.4,Pass
S0184,Male,A,72.7,4.5,Maths,66.6,Pass
S0184,Male,A,72.7,4.5,Science,91.3,Pass
S0184,Male,A,72.7,4.5,English,78.7,Pass
S0184,Male,A,72.7,4.5,History,70.0,Pass
S0184,Male,A,72.7,4.5,CS,74.6,Pass
S0185,Female,C,29.7,4.3,Maths,73.3,Pass
S0185,Female,C,29.7,4.3,Science,71.8,Pass
S0185,Female,C,29.7,4.3,English,47.8,Pass
S0185,Female,C,29.7,4.3,History,78.8,Pass
S0185,Female,C,29.7,4.3,CS,72.1,Pass
S0186,Female,D,55.8,6.3,Maths,72.9,Pass
S0186,Female,D,55.8,6.3,Science,62.5,Pass
S0186,Female,D,55.8,6.3,English,85.0,Pass
S0186,Female,D,55.8,6.3,History,79.2,Pass
S0186,Female,D,55.8,6.3,CS,59.9,Pass
S0187,Male,D,75.0,4.7,Maths,74.5,Pass
S0187,Male,D,75.0,4.7,Science,100.0,Pass
S0187,Male,D,75.0,4.7,English,77.0,Pass
S0187,Male,D,75.0,4.7,History,69.4,Pass
S0187,Male,D,75.0,4.7,CS,66.8,Pass
S0188,Male,B,68.0,6.0,Maths,95.1,Pass
S0188,Male,B,68.0,6.0,Science,85.9,Pass
S0188,Male,B,68.0,6.0,English,91.5,Pass
S0188,Male,B,68.0,6.0,History,79.9,Pass
S0188,Male,B,68.0,6.0,CS,89.9,Pass
S0189,Female,A,87.3,3.5,Maths,69.6,Pass
S0189,Female,A,87.3,3.5,Science,79.7,Pass
S0189,Female,A,87.3,3.5,English,81.0,Pass
S0189,Female,A,87.3,3.5,History,91.9,Pass
S0189,Female,A,87.3,3.5,CS,81.3,Pass
S0190,Male,D,50.9,2.9,Maths,59.8,Pass
S0190,Male,D,50.9,2.9,Science,66.7,Pass
S0190,Male,D,50.9,2.9,English,49.3,Pass
S0190,Male,D,50.9,2.9,History,42.8,Pass
S0190,Male,D,50.9,2.9,CS,74.4,Pass
S0191,Female,A,93.4,3.7,Maths,76.6,Pass
S0191,Female,A,93.4,3.7,Science,77.7,Pass
S0191,Female,A,93.4,3.7,English,88.6,Pass
S0191,Female,A,93.4,3.7,History,94.3,Pass
S0191,Female,A,93.4,3.7,CS,85.7,Pass
S0192,Male,C,81.5,2.3,Maths,93.2,Pass
S0192,Male,C,81.5,2.3,Science,79.0,Pass
S0192,Male,C,81.5,2.3,English,77.0,Pass
S0192,Male,C,81.5,2.3,History,76.4,Pass
S0192,Male,C,81.5,2.3,CS,61.1,Pass
S0193,Male,C,65.1,4.7,Maths,83.5,Pass
S0193,Male,C,65.1,4.7,Science,49.5,Pass
S0193,Male,C,65.1,4.7,English,68.1,Pass
S0193,Male,C,65.1,4.7,History,74.2,Pass
S0193,Male,C,65.1,4.7,CS,66.1,Pass
S0194,Female,A,85.6,3.4,Maths,73.0,Pass
S0194,Female,A,85.6,3.4,Science,95.9,Pass
S0194,Female,A,85.6,3.4,English,88.6,Pass
S0194,Female,A,85.6,3.4,History,70.7,Pass
S0194,Female,A,85.6,3.4,CS,72.8,Pass
S0195,Male,C,89.2,3.0,Maths,65.0,Pass
S0195,Male,C,89.2,3.0,Science,84.8,Pass
S0195,Male,C,89.2,3.0,English,75.2,Pass
S0195,Male,C,89.2,3.0,History,58.1,Pass
S0195,Male,C,89.2,3.0,CS,78.8,Pass
S0196,Male,A,77.0,4.7,Maths,82.0,Pass
S0196,Male,A,77.0,4.7,Science,87.2,Pass
S0196,Male,A,77.0,4.7,English,76.9,Pass
S0196,Male,A,77.0,4.7,History,73.9,Pass
S0196,Male,A,77.0,4.7,CS,97.5,Pass
S0197,Female,A,92.8,2.3,Maths,77.5,Pass
S0197,Female,A,92.8,2.3,Science,84.6,Pass
S0197,Female,A,92.8,2.3,English,72.0,Pass
S0197,Female,A,92.8,2.3,History,84.3,Pass
S0197,Female,A,92.8,2.3,CS,62.9,Pass
S0198,Female,D,70.3,5.2,Maths,71.8,Pass
S0198,Female,D,70.3,5.2,Science,64.3,Pass
S0198,Female,D,70.3,5.2,English,70.4,Pass
S0198,Female,D,70.3,5.2,History,88.9,Pass
S0198,Female,D,70.3,5.2,CS,70.3,Pass
S0199,Male,D,69.6,3.3,Maths,79.6,Pass
S0199,Male,D,69.6,3.3,Science,87.6,Pass
S0199,Male,D,69.6,3.3,English,72.2,Pass
S0199,Male,D,69.6,3.3,History,82.4,Pass
S0199,Male,D,69.6,3.3,CS,77.7,Pass
S0200,Male,B,94.6,5.7,Maths,86.0,Pass
S0200,Male,B,94.6,5.7,Science,92.3,Pass
S0200,Male,B,94.6,5.7,English,100.0,Pass
S0200,Male,B,94.6,5.7,History,78.5,Pass
S0200,Male,B,94.6,5.7,CS,75.3,Pass
S0201,Female,D,92.0,3.4,Maths,69.3,Pass
S0201,Female,D,92.0,3.4,Science,89.4,Pass
S0201,Female,D,92.0,3.4,English,90.7,Pass
S0201,Female,D,92.0,3.4,History,74.1,Pass
S0201,Female,D,92.0,3.4,CS,58.1,Pass
S0202,Female,D,96.0,4.9,Maths,76.9,Pass
S0202,Female,D,96.0,4.9,Science,89.2,Pass
S0202,Female,D,96.0,4.9,English,83.0,Pass
S0202,Female,D,96.0,4.9,History,85.5,Pass
S0202,Female,D,96.0,4.9,CS,78.5,Pass
S0203,Male,D,61.7,4.3,Maths,82.2,Pass
S0203,Male,D,61.7,4.3,Science,75.5,Pass
S0203,Male,D,61.7,4.3,English,77.9,Pass
S0203,Male,D,61.7,4.3,History,73.6,Pass
S0203,Male,D,61.7,4.3,CS,77.3,Pass
S0204,Male,A,87.5,5.1,Maths,86.1,Pass
S0204,Male,A,87.5,5.1,Science,72.2,Pass
S0204,Male,A,87.5,5.1,English,85.2,Pass
S0204,Male,A,87.5,5.1,History,89.4,Pass
S0204,Male,A,87.5,5.1,CS,93.0,Pass
S0205,Male,B,87.1,4.2,Maths,83.6,Pass
S0205,Male,B,87.1,4.2,Science,69.8,Pass
S0205,Male,B,87.1,4.2,English,71.3,Pass
S0205,Male,B,87.1,4.2,History,75.1,Pass
S0205,Male,B,87.1,4.2,CS,81.3,Pass
S0206,Male,C,68.7,1.5,Maths,67.4,Pass
S0206,Male,C,68.7,1.5,Science,57.4,Pass
S0206,Male,C,68.7,1.5,English,57.3,Pass
S0206,Male,C,68.7,1.5,History,47.6,Pass
S0206,Male,C,68.7,1.5,CS,37.4,Fail
S0207,Male,D,74.4,5.5,Maths,77.0,Pass
S0207,Male,D,74.4,5.5,Science,100.0,Pass
S0207,Male,D,74.4,5.5,English,96.3,Pass
S0207,Male,D,74.4,5.5,History,68.6,Pass
S0207,Male,D,74.4,5.5,CS,79.8,Pass
S0208,Female,D,64.6,3.9,Maths,57.5,Pass
S0208,Female,D,64.6,3.9,Science,59.0,Pass
S0208,Female,D,64.6,3.9,English,60.2,Pass
S0208,Female,D,64.6,3.9,History,69.9,Pass
S0208,Female,D,64.6,3.9,CS,70.3,Pass
S0209,Male,B,79.2,5.2,Maths,81.6,Pass
S0209,Male,B,79.2,5.2,Science,85.8,Pass
S0209,Male,B,79.2,5.2,English,75.8,Pass
S0209,Male,B,79.2,5.2,History,79.5,Pass
S0209,Male,B,79.2,5.2,CS,68.2,Pass
S0210,Male,A,83.8,5.0,Maths,66.8,Pass
S0210,Male,A,83.8,5.0,Science,65.2,Pass
S0210,Male,A,83.8,5.0,English,86.7,Pass
S0210,Male,A,83.8,5.0,History,76.8,Pass
S0210,Male,A,83.8,5.0,CS,61.5,Pass
S0211,Female,D,81.0,2.8,Maths,74.4,Pass
S0211,Female,D,81.0,2.8,Science,62.5,Pass
S0211,Female,D,81.0,2.8,English,91.6,Pass
S0211,Female,D,81.0,2.8,History,69.2,Pass
S0211,Female,D,81.0,2.8,CS,81.8,Pass
S0212,Female,B,81.7,2.6,Maths,85.6,Pass
S0212,Female,B,81.7,2.6,Science,65.2,Pass
S0212,Female,B,81.7,2.6,English,75.5,Pass
S0212,Female,B,81.7,2.6,History,80.3,Pass
S0212,Female,B,81.7,2.6,CS,75.9,Pass
S0213,Male,B,65.5,5.0,Maths,78.2,Pass
S0213,Male,B,65.5,5.0,Science,61.3,Pass
S0213,Male,B,65.5,5.0,English,80.2,Pass
S0213,Male,B,65.5,5.0,History,69.8,Pass
S0213,Male,B,65.5,5.0,CS,78.1,Pass
S0214,Female,D,74.3,3.5,Maths,83.6,Pass
S0214,Female,D,74.3,3.5,Science,81.1,Pass
S0214,Female,D,74.3,3.5,English,77.9,Pass
S0214,Female,D,74.3,3.5,History,80.8,Pass
S0214,Female,D,74.3,3.5,CS,81.3,Pass
S0215,Female,C,78.6,5.4,Maths,94.3,Pass
S0215,Female,C,78.6,5.4,Science,79.1,Pass
S0215,Female,C,78.6,5.4,English,81.0,Pass
S0215,Female,C,78.6,5.4,History,88.7,Pass
S0215,Female,C,78.6,5.4,CS,74.5,Pass
S0216,Female,B,75.2,3.7,Maths,61.7,Pass
S0216,Female,B,75.2,3.7,Science,80.0,Pass
S0216,Female,B,75.2,3.7,English,73.0,Pass
S0216,Female,B,75.2,3.7,History,63.0,Pass
S0216,Female,B,75.2,3.7,CS,80.0,Pass
S0217,Male,A,81.0,5.5,Maths,94.7,Pass
S0217,Male,A,81.0,5.5,Science,64.1,Pass
S0217,Male,A,81.0,5.5,English,90.6,Pass
S0217,Male,A,81.0,5.5,History,55.0,Pass
S0217,Male,A,81.0,5.5,CS,76.4,Pass
S0218,Male,B,90.8,4.6,Maths,99.9,Pass
S0218,Male,B,90.8,4.6,Science,78.2,Pass
S0218,Male,B,90.8,4.6,English,82.4,Pass
S0218,Male,B,90.8,4.6,History,89.1,Pass
S0218,Male,B,90.8,4.6,CS,64.3,Pass
S0219,Female,D,71.5,4.4,Maths,76.0,Pass
S0219,Female,D,71.5,4.4,Science,76.0,Pass
S0219,Female,D,71.5,4.4,English,93.9,Pass
S0219,Female,D,71.5,4.4,History,63.0,Pass
S0219,Female,D,71.5,4.4,CS,71.5,Pass
S0220,Male,B,94.3,3.4,Maths,70.9,Pass
S0220,Male,B,94.3,3.4,Science,69.8,Pass
S0220,Male,B,94.3,3.4,English,91.4,Pass
S0220,Male,B,94.3,3.4,History,80.4,Pass
S0220,Male,B,94.3,3.4,CS,74.6,Pass
S0221,Male,C,94.2,4.3,Maths,76.8,Pass
S0221,Male,C,94.2,4.3,Science,76.3,Pass
S0221,Male,C,94.2,4.3,English,77.2,Pass
S0221,Male,C,94.2,4.3,History,69.3,Pass
S0221,Male,C,94.2,4.3,CS,79.4,Pass
S0222,Male,B,65.8,5.8,Maths,72.7,Pass
S0222,Male,B,65.8,5.8,Science,68.7,Pass
S0222,Male,B,65.8,5.8,English,77.9,Pass
S0222,Male,B,65.8,5.8,History,78.7,Pass
S0222,Male,B,65.8,5.8,CS,70.7,Pass
S0223,Female,D,58.5,3.9,Maths,68.9,Pass
S0223,Female,D,58.5,3.9,Science,92.0,Pass
S0223,Female,D,58.5,3.9,English,91.6,Pass
S0223,Female,D,58.5,3.9,History,59.8,Pass
S0223,Female,D,58.5,3.9,CS,61.2,Pass
S0224,Female,D,85.8,4.8,Maths,69.7,Pass
S0224,Female,D,85.8,4.8,Science,90.9,Pass
S0224,Female,D,85.8,4.8,English,76.3,Pass
S0224,Female,D,85.8,4.8,History,82.7,Pass
S0224,Female,D,85.8,4.8,CS,100.0,Pass
S0225,Male,C,81.3,4.1,Maths,77.4,Pass
S0225,Male,C,81.3,4.1,Science,84.6,Pass
S0225,Male,C,81.3,4.1,English,82.7,Pass
S0225,Male,C,81.3,4.1,History,71.6,Pass
S0225,Male,C,81.3,4.1,CS,88.1,Pass
S0226,Female,D,88.5,4.2,Maths,71.4,Pass
S0226,Female,D,88.5,4.2,Science,93.3,Pass
S0226,Female,D,88.5,4.2,English,74.1,Pass
S0226,Female,D,88.5,4.2,History,75.1,Pass
S0226,Female,D,88.5,4.2,CS,69.0,Pass
S0227,Male,C,85.0,6.6,Maths,74.4,Pass
S0227,Male,C,85.0,6.6,Science,79.4,Pass
S0227,Male,C,85.0,6.6,English,59.4,Pass
S0227,Male,C,85.0,6.6,History,81.3,Pass
S0227,Male,C,85.0,6.6,CS,78.6,Pass
S0228,Female,B,89.5,5.8,Maths,91.4,Pass
S0228,Female,B,89.5,5.8,Science,87.7,Pass
S0228,Female,B,89.5,5.8,English,76.4,Pass
S0228,Female,B,89.5,5.8,History,78.9,Pass
S0228,Female,B,89.5,5.8,CS,81.1,Pass
S0229,Female,C,78.1,4.1,Maths,91.5,Pass
S0229,Female,C,78.1,4.1,Science,68.5,Pass
S0229,Female,C,78.1,4.1,English,69.5,Pass
S0229,Female,C,78.1,4.1,History,65.4,Pass
S0229,Female,C,78.1,4.1,CS,61.9,Pass
S0230,Male,D,85.6,4.3,Maths,82.4,Pass
S0230,Male,D,85.6,4.3,Science,81.4,Pass
S0230,Male,D,85.6,4.3,English,92.2,Pass
S0230,Male,D,85.6,4.3,History,89.7,Pass
S0230,Male,D,85.6,4.3,CS,100.0,Pass
S0231,Male,D,67.2,2.9,Maths,70.3,Pass
S0231,Male,D,67.2,2.9,Science,68.5,Pass
S0231,Male,D,67.2,2.9,English,58.1,Pass
S0231,Male,D,67.2,2.9,History,78.0,Pass
S0231,Male,D,67.2,2.9,CS,72.2,Pass
S0232,Male,A,76.6,3.7,Maths,82.0,Pass
S0232,Male,A,76.6,3.7,Science,64.1,Pass
S0232,Male,A,76.6,3.7,English,79.0,Pass
S0232,Male,A,76.6,3.7,History,77.5,Pass
S0232,Male,A,76.6,3.7,CS,76.9,Pass
S0233,Female,C,78.0,4.5,Maths,70.5,Pass
S0233,Female,C,78.0,4.5,Science,89.2,Pass
S0233,Female,C,78.0,4.5,English,97.8,Pass
S0233,Female,C,78.0,4.5,History,66.2,Pass
S0233,Female,C,78.0,4.5,CS,84.5,Pass
S0234,Female,A,83.8,5.3,Maths,51.9,Pass
S0234,Female,A,83.8,5.3,Science,87.4,Pass
S0234,Female,A,83.8,5.3,English,62.0,Pass
S0234,Female,A,83.8,5.3,History,75.4,Pass
S0234,Female,A,83.8,5.3,CS,67.6,Pass
S0235,Female,C,54.6,5.1,Maths,69.5,Pass
S0235,Female,C,54.6,5.1,Science,80.0,Pass
S0235,Female,C,54.6,5.1,English,53.1,Pass
S0235,Female,C,54.6,5.1,History,68.0,Pass
S0235,Female,C,54.6,5.1,CS,66.5,Pass
S0236,Female,C,58.2,2.3,Maths,83.0,Pass
S0236,Female,C,58.2,2.3,Science,71.5,Pass
S0236,Female,C,58.2,2.3,English,55.4,Pass
S0236,Female,C,58.2,2.3,History,62.4,Pass
S0236,Female,C,58.2,2.3,CS,82.7,Pass
S0237,Male,B,77.0,5.5,Maths,86.2,Pass
S0237,Male,B,77.0,5.5,Science,69.8,Pass
S0237,Male,B,77.0,5.5,English,76.4,Pass
S0237,Male,B,77.0,5.5,History,76.7,Pass
S0237,Male,B,77.0,5.5,CS,73.7,Pass
S0238,Female,D,76.2,3.9,Maths,58.5,Pass
S0238,Female,D,76.2,3.9,Science,68.8,Pass
S0238,Female,D,76.2,3.9,English,89.5,Pass
S0238,Female,D,76.2,3.9,History,71.8,Pass
S0238,Female,D,76.2,3.9,CS,74.6,Pass
S0239,Male,D,75.4,2.5,Maths,74.0,Pass
S0239,Male,D,75.4,2.5,Science,94.8,Pass
S0239,Male,D,75.4,2.5,English,72.7,Pass
S0239,Male,D,75.4,2.5,History,83.6,Pass
S0239,Male,D,75.4,2.5,CS,66.7,Pass
S0240,Male,A,78.3,6.0,Maths,77.9,Pass
S0240,Male,A,78.3,6.0,Science,80.6,Pass
S0240,Male,A,78.3,6.0,English,72.7,Pass
S0240,Male,A,78.3,6.0,History,78.4,Pass
S0240,Male,A,78.3,6.0,CS,89.4,Pass
S0241,Female,A,67.0,6.2,Maths,69.5,Pass
S0241,Female,A,67.0,6.2,Science,77.5,Pass
S0241,Female,A,67.0,6.2,English,84.6,Pass
S0241,Female,A,67.0,6.2,History,69.2,Pass
S0241,Female,A,67.0,6.2,CS,88.4,Pass
S0242,Female,A,80.0,4.4,Maths,78.5,Pass
S0242,Female,A,80.0,4.4,Science,76.1,Pass
S0242,Female,A,80.0,4.4,English,57.7,Pass
S0242,Female,A,80.0,4.4,History,74.0,Pass
S0242,Female,A,80.0,4.4,CS,81.5,Pass
S0243,Male,D,90.3,5.1,Maths,99.7,Pass
S0243,Male,D,90.3,5.1,Science,87.9,Pass
S0243,Male,D,90.3,5.1,English,93.5,Pass
S0243,Male,D,90.3,5.1,History,70.1,Pass
S0243,Male,D,90.3,5.1,CS,81.0,Pass
S0244,Female,C,83.4,5.2,Maths,92.5,Pass
S0244,Female,C,83.4,5.2,Science,71.4,Pass
S0244,Female,C,83.4,5.2,English,90.0,Pass
S0244,Female,C,83.4,5.2,History,87.6,Pass
S0244,Female,C,83.4,5.2,CS,83.1,Pass
S0245,Female,C,61.7,6.1,Maths,72.4,Pass
S0245,Female,C,61.7,6.1,Science,65.8,Pass
S0245,Female,C,61.7,6.1,English,93.5,Pass
S0245,Female,C,61.7,6.1,History,82.0,Pass
S0245,Female,C,61.7,6.1,CS,79.1,Pass
S0246,Female,D,95.2,5.1,Maths,79.6,Pass
S0246,Female,D,95.2,5.1,Science,84.1,Pass
S0246,Female,D,95.2,5.1,English,85.4,Pass
S0246,Female,D,95.2,5.1,History,87.8,Pass
S0246,Female,D,95.2,5.1,CS,91.1,Pass
S0247,Female,D,94.8,2.0,Maths,69.6,Pass
S0247,Female,D,94.8,2.0,Science,62.8,Pass
S0247,Female,D,94.8,2.0,English,78.3,Pass
S0247,Female,D,94.8,2.0,History,60.0,Pass
S0247,Female,D,94.8,2.0,CS,74.2,Pass
S0248,Male,A,91.6,7.0,Maths,81.4,Pass
S0248,Male,A,91.6,7.0,Science,91.4,Pass
S0248,Male,A,91.6,7.0,English,100.0,Pass
S0248,Male,A,91.6,7.0,History,67.1,Pass
S0248,Male,A,91.6,7.0,CS,100.0,Pass
S0249,Male,A,89.5,5.6,Maths,80.7,Pass
S0249,Male,A,89.5,5.6,Science,86.5,Pass
S0249,Male,A,89.5,5.6,English,68.9,Pass
S0249,Male,A,89.5,5.6,History,93.0,Pass
S0249,Male,A,89.5,5.6,CS,83.5,Pass
S0250,Male,B,87.4,3.2,Maths,77.1,Pass
S0250,Male,B,87.4,3.2,Science,58.3,Pass
S0250,Male,B,87.4,3.2,English,78.4,Pass
S0250,Male,B,87.4,3.2,History,86.1,Pass
S0250,Male,B,87.4,3.2,CS,75.3,Pass
S0251,Female,B,60.6,2.5,Maths,79.8,Pass
S0251,Female,B,60.6,2.5,Science,79.4,Pass
S0251,Female,B,60.6,2.5,English,61.7,Pass
S0251,Female,B,60.6,2.5,History,84.1,Pass
S0251,Female,B,60.6,2.5,CS,68.6,Pass
S0252,Female,C,88.7,4.8,Maths,81.6,Pass
S0252,Female,C,88.7,4.8,Science,82.1,Pass
S0252,Female,C,88.7,4.8,English,81.8,Pass
S0252,Female,C,88.7,4.8,History,54.8,Pass
S0252,Female,C,88.7,4.8,CS,79.3,Pass
S0253,Male,A,87.7,3.6,Maths,64.8,Pass
S0253,Male,A,87.7,3.6,Science,94.7,Pass
S0253,Male,A,87.7,3.6,English,94.3,Pass
S0253,Male,A,87.7,3.6,History,87.0,Pass
S0253,Male,A,87.7,3.6,CS,76.1,Pass
S0254,Male,B,90.8,4.5,Maths,71.1,Pass
S0254,Male,B,90.8,4.5,Science,74.6,Pass
S0254,Male,B,90.8,4.5,English,100.0,Pass
S0254,Male,B,90.8,4.5,History,74.3,Pass
S0254,Male,B,90.8,4.5,CS,57.7,Pass
S0255,Male,A,67.9,5.1,Maths,85.9,Pass
S0255,Male,A,67.9,5.1,Science,90.6,Pass
S0255,Male,A,67.9,5.1,English,92.2,Pass
S0255,Male,A,67.9,5.1,History,86.0,Pass
S0255,Male,A,67.9,5.1,CS,87.6,Pass
S0256,Female,A,84.4,3.2,Maths,77.1,Pass
S0256,Female,A,84.4,3.2,Science,55.8,Pass
S0256,Female,A,84.4,3.2,English,76.9,Pass
S0256,Female,A,84.4,3.2,History,82.8,Pass
S0256,Female,A,84.4,3.2,CS,75.3,Pass
S0257,Female,A,74.4,2.3,Maths,70.2,Pass
S0257,Female,A,74.4,2.3,Science,62.3,Pass
S0257,Female,A,74.4,2.3,English,62.0,Pass
S0257,Female,A,74.4,2.3,History,90.4,Pass
S0257,Female,A,74.4,2.3,CS,90.7,Pass
S0258,Male,A,93.0,4.6,Maths,82.0,Pass
S0258,Male,A,93.0,4.6,Science,84.9,Pass
S0258,Male,A,93.0,4.6,English,72.2,Pass
S0258,Male,A,93.0,4.6,History,88.5,Pass
S0258,Male,A,93.0,4.6,CS,99.7,Pass
S0259,Male,C,44.4,3.2,Maths,49.4,Pass
S0259,Male,C,44.4,3.2,Science,69.4,Pass
S0259,Male,C,44.4,3.2,English,70.1,Pass
S0259,Male,C,44.4,3.2,History,70.0,Pass
S0259,Male,C,44.4,3.2,CS,81.2,Pass
S0260,Female,B,78.8,4.2,Maths,97.4,Pass
S0260,Female,B,78.8,4.2,Science,74.7,Pass
S0260,Female,B,78.8,4.2,English,83.8,Pass
S0260,Female,B,78.8,4.2,History,77.9,Pass
S0260,Female,B,78.8,4.2,CS,70.7,Pass
S0261,Male,B,93.8,2.0,Maths,79.8,Pass
S0261,Male,B,93.8,2.0,Science,83.8,Pass
S0261,Male,B,93.8,2.0,English,79.3,Pass
S0261,Male,B,93.8,2.0,History,68.3,Pass
S0261,Male,B,93.8,2.0,CS,72.5,Pass
S0262,Female,B,69.9,3.6,Maths,68.7,Pass
S0262,Female,B,69.9,3.6,Science,64.8,Pass
S0262,Female,B,69.9,3.6,English,76.4,Pass
S0262,Female,B,69.9,3.6,History,77.4,Pass
S0262,Female,B,69.9,3.6,CS,83.0,Pass
S0263,Male,C,94.3,5.1,Maths,74.8,Pass
S0263,Male,C,94.3,5.1,Science,77.6,Pass
S0263,Male,C,94.3,5.1,English,99.0,Pass
S0263,Male,C,94.3,5.1,History,81.8,Pass
S0263,Male,C,94.3,5.1,CS,83.7,Pass
S0264,Male,D,81.6,4.9,Maths,77.6,Pass
S0264,Male,D,81.6,4.9,Science,90.6,Pass
S0264,Male,D,81.6,4.9,English,91.0,Pass
S0264,Male,D,81.6,4.9,History,90.4,Pass
S0264,Male,D,81.6,4.9,CS,79.6,Pass
S0265,Female,C,81.5,2.8,Maths,66.4,Pass
S0265,Female,C,81.5,2.8,Science,94.3,Pass
S0265,Female,C,81.5,2.8,English,83.7,Pass
S0265,Female,C,81.5,2.8,History,70.5,Pass
S0265,Female,C,81.5,2.8,CS,89.3,Pass
S0266,Male,C,90.4,2.2,Maths,71.2,Pass
S0266,Male,C,90.4,2.2,Science,90.7,Pass
S0266,Male,C,90.4,2.2,English,91.4,Pass
S0266,Male,C,90.4,2.2,History,67.4,Pass
S0266,Male,C,90.4,2.2,CS,82.4,Pass
S0267,Male,C,47.2,4.0,Maths,75.0,Pass
S0267,Male,C,47.2,4.0,Science,93.3,Pass
S0267,Male,C,47.2,4.0,English,59.8,Pass
S0267,Male,C,47.2,4.0,History,81.5,Pass
S0267,Male,C,47.2,4.0,CS,67.4,Pass
S0268,Male,C,82.7,4.8,Maths,67.1,Pass
S0268,Male,C,82.7,4.8,Science,78.3,Pass
S0268,Male,C,82.7,4.8,English,79.5,Pass
S0268,Male,C,82.7,4.8,History,68.9,Pass
S0268,Male,C,82.7,4.8,CS,82.6,Pass
S0269,Male,A,78.8,4.6,Maths,87.4,Pass
S0269,Male,A,78.8,4.6,Science,80.2,Pass
S0269,Male,A,78.8,4.6,English,72.4,Pass
S0269,Male,A,78.8,4.6,History,76.4,Pass
S0269,Male,A,78.8,4.6,CS,77.8,Pass
S0270,Male,D,90.7,3.2,Maths,80.8,Pass
S0270,Male,D,90.7,3.2,Science,89.8,Pass
S0270,Male,D,90.7,3.2,English,81.4,Pass
S0270,Male,D,90.7,3.2,History,64.6,Pass
S0270,Male,D,90.7,3.2,CS,73.0,Pass
S0271,Male,A,68.1,4.4,Maths,76.0,Pass
S0271,Male,A,68.1,4.4,Science,85.6,Pass
S0271,Male,A,68.1,4.4,English,87.3,Pass
S0271,Male,A,68.1,4.4,History,92.1,Pass
S0271,Male,A,68.1,4.4,CS,75.6,Pass
S0272,Male,B,69.0,6.3,Maths,85.8,Pass
S0272,Male,B,69.0,6.3,Science,63.7,Pass
S0272,Male,B,69.0,6.3,English,82.5,Pass
S0272,Male,B,69.0,6.3,History,67.4,Pass
S0272,Male,B,69.0,6.3,CS,77.6,Pass
S0273,Male,C,73.5,4.3,Maths,100.0,Pass
S0273,Male,C,73.5,4.3,Science,78.7,Pass
S0273,Male,C,73.5,4.3,English,67.0,Pass
S0273,Male,C,73.5,4.3,History,79.7,Pass
S0273,Male,C,73.5,4.3,CS,70.5,Pass
S0274,Female,B,67.9,1.6,Maths,58.9,Pass
S0274,Female,B,67.9,1.6,Science,89.5,Pass
S0274,Female,B,67.9,1.6,English,79.2,Pass
S0274,Female,B,67.9,1.6,History,71.9,Pass
S0274,Female,B,67.9,1.6,CS,64.6,Pass
S0275,Female,A,75.9,4.3,Maths,73.3,Pass
S0275,Female,A,75.9,4.3,Science,91.8,Pass
S0275,Female,A,75.9,4.3,English,79.4,Pass
S0275,Female,A,75.9,4.3,History,45.6,Pass
S0275,Female,A,75.9,4.3,CS,100.0,Pass
S0276,Male,D,77.7,7.1,Maths,84.3,Pass
S0276,Male,D,77.7,7.1,Science,85.9,Pass
S0276,Male,D,77.7,7.1,English,93.3,Pass
S0276,Male,D,77.7,7.1,History,87.1,Pass
S0276,Male,D,77.7,7.1,CS,89.9,Pass
S0277,Male,A,80.5,2.1,Maths,69.1,Pass
S0277,Male,A,80.5,2.1,Science,61.0,Pass
S0277,Male,A,80.5,2.1,English,76.1,Pass
S0277,Male,A,80.5,2.1,History,87.6,Pass
S0277,Male,A,80.5,2.1,CS,66.8,Pass
S0278,Male,A,74.6,4.0,Maths,68.2,Pass
S0278,Male,A,74.6,4.0,Science,87.7,Pass
S0278,Male,A,74.6,4.0,English,70.9,Pass
S0278,Male,A,74.6,4.0,History,71.4,Pass
S0278,Male,A,74.6,4.0,CS,71.7,Pass
S0279,Female,D,67.8,3.7,Maths,72.0,Pass
S0279,Female,D,67.8,3.7,Science,56.9,Pass
S0279,Female,D,67.8,3.7,English,67.3,Pass
S0279,Female,D,67.8,3.7,History,75.0,Pass
S0279,Female,D,67.8,3.7,CS,74.9,Pass
S0280,Female,C,69.8,4.1,Maths,85.8,Pass
S0280,Female,C,69.8,4.1,Science,92.6,Pass
S0280,Female,C,69.8,4.1,English,89.3,Pass
S0280,Female,C,69.8,4.1,History,83.4,Pass
S0280,Female,C,69.8,4.1,CS,72.7,Pass
S0281,Male,A,63.8,4.3,Maths,66.5,Pass
S0281,Male,A,63.8,4.3,Science,72.9,Pass
S0281,Male,A,63.8,4.3,English,78.6,Pass
S0281,Male,A,63.8,4.3,History,81.0,Pass
S0281,Male,A,63.8,4.3,CS,79.0,Pass
S0282,Male,D,67.1,5.7,Maths,75.3,Pass
S0282,Male,D,67.1,5.7,Science,84.4,Pass
S0282,Male,D,67.1,5.7,English,89.2,Pass
S0282,Male,D,67.1,5.7,History,85.4,Pass
S0282,Male,D,67.1,5.7,CS,76.2,Pass
S0283,Male,D,80.9,4.1,Maths,69.2,Pass
S0283,Male,D,80.9,4.1,Science,69.0,Pass
S0283,Male,D,80.9,4.1,English,70.7,Pass
S0283,Male,D,80.9,4.1,History,80.1,Pass
S0283,Male,D,80.9,4.1,CS,82.7,Pass
S0284,Male,A,78.8,5.9,Maths,66.3,Pass
S0284,Male,A,78.8,5.9,Science,75.4,Pass
S0284,Male,A,78.8,5.9,English,82.9,Pass
S0284,Male,A,78.8,5.9,History,71.5,Pass
S0284,Male,A,78.8,5.9,CS,84.8,Pass
S0285,Female,B,81.1,3.8,Maths,73.9,Pass
S0285,Female,B,81.1,3.8,Science,69.7,Pass
S0285,Female,B,81.1,3.8,English,77.5,Pass
S0285,Female,B,81.1,3.8,History,80.9,Pass
S0285,Female,B,81.1,3.8,CS,68.5,Pass
S0286,Male,B,96.1,3.5,Maths,78.4,Pass
S0286,Male,B,96.1,3.5,Science,85.5,Pass
S0286,Male,B,96.1,3.5,English,73.2,Pass
S0286,Male,B,96.1,3.5,History,64.2,Pass
S0286,Male,B,96.1,3.5,CS,65.4,Pass
S0287,Male,A,75.3,3.0,Maths,69.4,Pass
S0287,Male,A,75.3,3.0,Science,60.4,Pass
S0287,Male,A,75.3,3.0,English,70.1,Pass
S0287,Male,A,75.3,3.0,History,90.2,Pass
S0287,Male,A,75.3,3.0,CS,59.8,Pass
S0288,Male,A,76.1,1.3,Maths,67.6,Pass
S0288,Male,A,76.1,1.3,Science,91.7,Pass
S0288,Male,A,76.1,1.3,English,74.5,Pass
S0288,Male,A,76.1,1.3,History,66.7,Pass
S0288,Male,A,76.1,1.3,CS,68.8,Pass
S0289,Female,A,66.8,4.4,Maths,78.2,Pass
S0289,Female,A,66.8,4.4,Science,90.8,Pass
S0289,Female,A,66.8,4.4,English,68.6,Pass
S0289,Female,A,66.8,4.4,History,66.3,Pass
S0289,Female,A,66.8,4.4,CS,60.1,Pass
S0290,Male,A,99.1,7.1,Maths,89.9,Pass
S0290,Male,A,99.1,7.1,Science,74.8,Pass
S0290,Male,A,99.1,7.1,English,84.2,Pass
S0290,Male,A,99.1,7.1,History,79.8,Pass
S0290,Male,A,99.1,7.1,CS,99.6,Pass
S0291,Female,B,94.0,4.7,Maths,77.5,Pass
S0291,Female,B,94.0,4.7,Science,86.5,Pass
S0291,Female,B,94.0,4.7,English,66.5,Pass
S0291,Female,B,94.0,4.7,History,83.9,Pass
S0291,Female,B,94.0,4.7,CS,70.5,Pass
S0292,Male,B,76.9,5.0,Maths,73.9,Pass
S0292,Male,B,76.9,5.0,Science,100.0,Pass
S0292,Male,B,76.9,5.0,English,87.4,Pass
S0292,Male,B,76.9,5.0,History,76.8,Pass
S0292,Male,B,76.9,5.0,CS,100.0,Pass
S0293,Female,A,82.4,3.4,Maths,67.3,Pass
S0293,Female,A,82.4,3.4,Science,88.1,Pass
S0293,Female,A,82.4,3.4,English,61.2,Pass
S0293,Female,A,82.4,3.4,History,74.0,Pass
S0293,Female,A,82.4,3.4,CS,63.0,Pass
S0294,Male,B,84.6,3.6,Maths,80.2,Pass
S0294,Male,B,84.6,3.6,Science,78.2,Pass
S0294,Male,B,84.6,3.6,English,74.6,Pass
S0294,Male,B,84.6,3.6,History,88.6,Pass
S0294,Male,B,84.6,3.6,CS,72.0,Pass
S0295,Female,A,68.1,5.5,Maths,79.6,Pass
S0295,Female,A,68.1,5.5,Science,84.6,Pass
S0295,Female,A,68.1,5.5,English,61.5,Pass
S0295,Female,A,68.1,5.5,History,68.9,Pass
S0295,Female,A,68.1,5.5,CS,76.9,Pass
S0296,Female,D,92.3,7.0,Maths,93.0,Pass
S0296,Female,D,92.3,7.0,Science,100.0,Pass
S0296,Female,D,92.3,7.0,English,84.5,Pass
S0296,Female,D,92.3,7.0,History,83.5,Pass
S0296,Female,D,92.3,7.0,CS,78.0,Pass
S0297,Female,A,57.1,6.2,Maths,77.9,Pass
S0297,Female,A,57.1,6.2,Science,71.6,Pass
S0297,Female,A,57.1,6.2,English,71.9,Pass
S0297,Female,A,57.1,6.2,History,73.7,Pass
S0297,Female,A,57.1,6.2,CS,80.1,Pass
S0298,Female,D,79.8,5.2,Maths,73.7,Pass
S0298,Female,D,79.8,5.2,Science,71.6,Pass
S0298,Female,D,79.8,5.2,English,83.7,Pass
S0298,Female,D,79.8,5.2,History,49.1,Pass
S0298,Female,D,79.8,5.2,CS,73.3,Pass
S0299,Female,C,84.4,4.1,Maths,66.9,Pass
S0299,Female,C,84.4,4.1,Science,90.5,Pass
S0299,Female,C,84.4,4.1,English,74.0,Pass
S0299,Female,C,84.4,4.1,History,72.8,Pass
S0299,Female,C,84.4,4.1,CS,77.9,Pass
S0300,Female,D,65.5,4.3,Maths,67.3,Pass
S0300,Female,D,65.5,4.3,Science,69.2,Pass
S0300,Female,D,65.5,4.3,English,74.2,Pass
S0300,Female,D,65.5,4.3,History,69.1,Pass
S0300,Female,D,65.5,4.3,CS,69.0,Pass
S0301,Female,C,67.3,2.9,Maths,60.8,Pass
S0301,Female,C,67.3,2.9,Science,59.4,Pass
S0301,Female,C,67.3,2.9,English,71.5,Pass
S0301,Female,C,67.3,2.9,History,74.0,Pass
S0301,Female,C,67.3,2.9,CS,56.6,Pass
S0302,Male,B,93.0,1.8,Maths,84.2,Pass
S0302,Male,B,93.0,1.8,Science,84.2,Pass
S0302,Male,B,93.0,1.8,English,86.3,Pass
S0302,Male,B,93.0,1.8,History,79.6,Pass
S0302,Male,B,93.0,1.8,CS,82.9,Pass
S0303,Female,C,87.5,2.3,Maths,97.7,Pass
S0303,Female,C,87.5,2.3,Science,72.9,Pass
S0303,Female,C,87.5,2.3,English,65.4,Pass
S0303,Female,C,87.5,2.3,History,60.5,Pass
S0303,Female,C,87.5,2.3,CS,93.4,Pass
S0304,Male,B,95.7,4.1,Maths,99.5,Pass
S0304,Male,B,95.7,4.1,Science,72.6,Pass
S0304,Male,B,95.7,4.1,English,74.6,Pass
S0304,Male,B,95.7,4.1,History,78.6,Pass
S0304,Male,B,95.7,4.1,CS,94.1,Pass
S0305,Female,A,57.2,3.6,Maths,56.4,Pass
S0305,Female,A,57.2,3.6,Science,49.6,Pass
S0305,Female,A,57.2,3.6,English,90.9,Pass
S0305,Female,A,57.2,3.6,History,72.4,Pass
S0305,Female,A,57.2,3.6,CS,73.8,Pass
S0306,Male,B,69.8,1.8,Maths,67.5,Pass
S0306,Male,B,69.8,1.8,Science,74.2,Pass
S0306,Male,B,69.8,1.8,English,54.4,Pass
S0306,Male,B,69.8,1.8,History,61.1,Pass
S0306,Male,B,69.8,1.8,CS,70.6,Pass
S0307,Male,B,80.7,3.9,Maths,54.4,Pass
S0307,Male,B,80.7,3.9,Science,74.1,Pass
S0307,Male,B,80.7,3.9,English,73.5,Pass
S0307,Male,B,80.7,3.9,History,74.1,Pass
S0307,Male,B,80.7,3.9,CS,71.6,Pass
S0308,Female,A,81.6,3.5,Maths,66.6,Pass
S0308,Female,A,81.6,3.5,Science,58.3,Pass
S0308,Female,A,81.6,3.5,English,78.0,Pass
S0308,Female,A,81.6,3.5,History,73.5,Pass
S0308,Female,A,81.6,3.5,CS,62.8,Pass
S0309,Male,A,91.0,2.2,Maths,77.4,Pass
S0309,Male,A,91.0,2.2,Science,73.8,Pass
S0309,Male,A,91.0,2.2,English,72.2,Pass
S0309,Male,A,91.0,2.2,History,55.2,Pass
S0309,Male,A,91.0,2.2,CS,83.6,Pass
S0310,Male,D,80.2,3.4,Maths,63.6,Pass
S0310,Male,D,80.2,3.4,Science,76.6,Pass
S0310,Male,D,80.2,3.4,English,67.9,Pass
S0310,Male,D,80.2,3.4,History,72.1,Pass
S0310,Male,D,80.2,3.4,CS,87.5,Pass
S0311,Male,C,50.9,3.5,Maths,72.6,Pass
S0311,Male,C,50.9,3.5,Science,78.6,Pass
S0311,Male,C,50.9,3.5,English,70.6,Pass
S0311,Male,C,50.9,3.5,History,71.3,Pass
S0311,Male,C,50.9,3.5,CS,49.5,Pass
S0312,Male,B,65.9,3.1,Maths,67.7,Pass
S0312,Male,B,65.9,3.1,Science,68.7,Pass
S0312,Male,B,65.9,3.1,English,83.1,Pass
S0312,Male,B,65.9,3.1,History,65.8,Pass
S0312,Male,B,65.9,3.1,CS,73.6,Pass
S0313,Male,D,84.1,5.4,Maths,83.3,Pass
S0313,Male,D,84.1,5.4,Science,92.6,Pass
S0313,Male,D,84.1,5.4,English,79.7,Pass
S0313,Male,D,84.1,5.4,History,89.3,Pass
S0313,Male,D,84.1,5.4,CS,64.0,Pass
S0314,Male,A,37.3,1.1,Maths,42.4,Pass
S0314,Male,A,37.3,1.1,Science,35.7,Fail
S0314,Male,A,37.3,1.1,English,66.4,Pass
S0314,Male,A,37.3,1.1,History,65.2,Pass
S0314,Male,A,37.3,1.1,CS,67.5,Pass
S0315,Male,B,84.9,1.0,Maths,65.7,Pass
S0315,Male,B,84.9,1.0,Science,66.9,Pass
S0315,Male,B,84.9,1.0,English,71.3,Pass
S0315,Male,B,84.9,1.0,History,87.0,Pass
S0315,Male,B,84.9,1.0,CS,89.5,Pass
S0316,Male,D,77.2,4.0,Maths,84.1,Pass
S0316,Male,D,77.2,4.0,Science,79.5,Pass
S0316,Male,D,77.2,4.0,English,89.5,Pass
S0316,Male,D,77.2,4.0,History,73.6,Pass
S0316,Male,D,77.2,4.0,CS,72.3,Pass
S0317,Male,C,61.5,4.1,Maths,70.5,Pass
S0317,Male,C,61.5,4.1,Science,62.0,Pass
S0317,Male,C,61.5,4.1,English,70.0,Pass
S0317,Male,C,61.5,4.1,History,60.6,Pass
S0317,Male,C,61.5,4.1,CS,82.0,Pass
S0318,Female,B,71.8,4.6,Maths,81.2,Pass
S0318,Female,B,71.8,4.6,Science,90.0,Pass
S0318,Female,B,71.8,4.6,English,59.5,Pass
S0318,Female,B,71.8,4.6,History,94.8,Pass
S0318,Female,B,71.8,4.6,CS,60.0,Pass
S0319,Male,B,49.3,3.2,Maths,54.2,Pass
S0319,Male,B,49.3,3.2,Science,60.0,Pass
S0319,Male,B,49.3,3.2,English,79.2,Pass
S0319,Male,B,49.3,3.2,History,68.4,Pass
S0319,Male,B,49.3,3.2,CS,63.7,Pass
S0320,Female,A,96.2,2.6,Maths,71.2,Pass
S0320,Female,A,96.2,2.6,Science,65.4,Pass
S0320,Female,A,96.2,2.6,English,90.4,Pass
S0320,Female,A,96.2,2.6,History,87.1,Pass
S0320,Female,A,96.2,2.6,CS,92.6,Pass
S0321,Female,A,90.1,4.0,Maths,84.0,Pass
S0321,Female,A,90.1,4.0,Science,53.6,Pass
S0321,Female,A,90.1,4.0,English,67.6,Pass
S0321,Female,A,90.1,4.0,History,84.7,Pass
S0321,Female,A,90.1,4.0,CS,76.3,Pass
S0322,Male,A,75.6,3.3,Maths,68.8,Pass
S0322,Male,A,75.6,3.3,Science,63.3,Pass
S0322,Male,A,75.6,3.3,English,83.8,Pass
S0322,Male,A,75.6,3.3,History,78.9,Pass
S0322,Male,A,75.6,3.3,CS,79.4,Pass
S0323,Male,D,83.0,6.3,Maths,76.2,Pass
S0323,Male,D,83.0,6.3,Science,84.3,Pass
S0323,Male,D,83.0,6.3,English,69.2,Pass
S0323,Male,D,83.0,6.3,History,81.3,Pass
S0323,Male,D,83.0,6.3,CS,57.3,Pass
S0324,Female,C,75.1,3.5,Maths,58.9,Pass
S0324,Female,C,75.1,3.5,Science,71.3,Pass
S0324,Female,C,75.1,3.5,English,98.3,Pass
S0324,Female,C,75.1,3.5,History,56.5,Pass
S0324,Female,C,75.1,3.5,CS,62.1,Pass
S0325,Female,B,77.0,3.9,Maths,78.1,Pass
S0325,Female,B,77.0,3.9,Science,93.6,Pass
S0325,Female,B,77.0,3.9,English,78.0,Pass
S0325,Female,B,77.0,3.9,History,83.0,Pass
S0325,Female,B,77.0,3.9,CS,72.6,Pass
S0326,Female,D,81.6,7.7,Maths,79.8,Pass
S0326,Female,D,81.6,7.7,Science,85.7,Pass
S0326,Female,D,81.6,7.7,English,78.3,Pass
S0326,Female,D,81.6,7.7,History,92.2,Pass
S0326,Female,D,81.6,7.7,CS,68.8,Pass
S0327,Female,A,81.8,3.7,Maths,85.8,Pass
S0327,Female,A,81.8,3.7,Science,77.3,Pass
S0327,Female,A,81.8,3.7,English,74.8,Pass
S0327,Female,A,81.8,3.7,History,60.5,Pass
S0327,Female,A,81.8,3.7,CS,67.1,Pass
S0328,Female,A,71.5,4.8,Maths,88.1,Pass
S0328,Female,A,71.5,4.8,Science,74.0,Pass
S0328,Female,A,71.5,4.8,English,78.9,Pass
S0328,Female,A,71.5,4.8,History,67.3,Pass
S0328,Female,A,71.5,4.8,CS,75.8,Pass
S0329,Female,B,89.2,5.0,Maths,68.0,Pass
S0329,Female,B,89.2,5.0,Science,82.7,Pass
S0329,Female,B,89.2,5.0,English,85.4,Pass
S0329,Female,B,89.2,5.0,History,84.9,Pass
S0329,Female,B,89.2,5.0,CS,72.6,Pass
S0330,Male,D,76.7,5.1,Maths,74.8,Pass
S0330,Male,D,76.7,5.1,Science,83.6,Pass
S0330,Male,D,76.7,5.1,English,76.1,Pass
S0330,Male,D,76.7,5.1,History,75.3,Pass
S0330,Male,D,76.7,5.1,CS,97.3,Pass
S0331,Female,C,88.2,4.4,Maths,70.8,Pass
S0331,Female,C,88.2,4.4,Science,91.1,Pass
S0331,Female,C,88.2,4.4,English,68.8,Pass
S0331,Female,C,88.2,4.4,History,86.9,Pass
S0331,Female,C,88.2,4.4,CS,87.4,Pass
S0332,Male,D,88.9,4.3,Maths,75.1,Pass
S0332,Male,D,88.9,4.3,Science,68.1,Pass
S0332,Male,D,88.9,4.3,English,60.5,Pass
S0332,Male,D,88.9,4.3,History,74.1,Pass
S0332,Male,D,88.9,4.3,CS,85.5,Pass
S0333,Female,A,95.5,4.2,Maths,71.2,Pass
S0333,Female,A,95.5,4.2,Science,82.9,Pass
S0333,Female,A,95.5,4.2,English,67.2,Pass
S0333,Female,A,95.5,4.2,History,79.6,Pass
S0333,Female,A,95.5,4.2,CS,70.5,Pass
S0334,Female,D,74.4,3.1,Maths,72.8,Pass
S0334,Female,D,74.4,3.1,Science,68.6,Pass
S0334,Female,D,74.4,3.1,English,61.7,Pass
S0334,Female,D,74.4,3.1,History,67.0,Pass
S0334,Female,D,74.4,3.1,CS,64.2,Pass
S0335,Male,A,71.4,4.5,Maths,62.2,Pass
S0335,Male,A,71.4,4.5,Science,86.2,Pass
S0335,Male,A,71.4,4.5,English,71.8,Pass
S0335,Male,A,71.4,4.5,History,53.4,Pass
S0335,Male,A,71.4,4.5,CS,69.2,Pass
S0336,Female,A,82.8,7.0,Maths,93.1,Pass
S0336,Female,A,82.8,7.0,Science,76.3,Pass
S0336,Female,A,82.8,7.0,English,98.9,Pass
S0336,Female,A,82.8,7.0,History,75.3,Pass
S0336,Female,A,82.8,7.0,CS,88.9,Pass
S0337,Male,C,82.3,5.8,Maths,91.7,Pass
S0337,Male,C,82.3,5.8,Science,85.8,Pass
S0337,Male,C,82.3,5.8,English,67.6,Pass
S0337,Male,C,82.3,5.8,History,71.9,Pass
S0337,Male,C,82.3,5.8,CS,93.0,Pass
S0338,Female,A,93.1,4.5,Maths,73.8,Pass
S0338,Female,A,93.1,4.5,Science,91.6,Pass
S0338,Female,A,93.1,4.5,English,77.5,Pass
S0338,Female,A,93.1,4.5,History,83.3,Pass
S0338,Female,A,93.1,4.5,CS,68.0,Pass
S0339,Male,D,59.2,5.3,Maths,67.3,Pass
S0339,Male,D,59.2,5.3,Science,64.6,Pass
S0339,Male,D,59.2,5.3,English,75.6,Pass
S0339,Male,D,59.2,5.3,History,74.3,Pass
S0339,Male,D,59.2,5.3,CS,78.0,Pass
S0340,Female,D,86.9,2.7,Maths,71.6,Pass
S0340,Female,D,86.9,2.7,Science,67.2,Pass
S0340,Female,D,86.9,2.7,English,78.3,Pass
S0340,Female,D,86.9,2.7,History,66.2,Pass
S0340,Female,D,86.9,2.7,CS,87.3,Pass
S0341,Male,C,74.9,3.6,Maths,73.5,Pass
S0341,Male,C,74.9,3.6,Science,71.4,Pass
S0341,Male,C,74.9,3.6,English,79.3,Pass
S0341,Male,C,74.9,3.6,History,73.9,Pass
S0341,Male,C,74.9,3.6,CS,58.1,Pass
S0342,Female,B,48.5,5.4,Maths,59.8,Pass
S0342,Female,B,48.5,5.4,Science,81.0,Pass
S0342,Female,B,48.5,5.4,English,71.2,Pass
S0342,Female,B,48.5,5.4,History,53.6,Pass
S0342,Female,B,48.5,5.4,CS,73.9,Pass
S0343,Female,A,78.5,6.2,Maths,75.4,Pass
S0343,Female,A,78.5,6.2,Science,72.3,Pass
S0343,Female,A,78.5,6.2,English,69.6,Pass
S0343,Female,A,78.5,6.2,History,91.0,Pass
S0343,Female,A,78.5,6.2,CS,61.4,Pass
S0344,Female,C,80.0,2.8,Maths,66.3,Pass
S0344,Female,C,80.0,2.8,Science,75.9,Pass
S0344,Female,C,80.0,2.8,English,90.5,Pass
S0344,Female,C,80.0,2.8,History,80.2,Pass
S0344,Female,C,80.0,2.8,CS,66.2,Pass
S0345,Female,C,77.3,3.3,Maths,90.0,Pass
S0345,Female,C,77.3,3.3,Science,61.2,Pass
S0345,Female,C,77.3,3.3,English,77.4,Pass
S0345,Female,C,77.3,3.3,History,79.6,Pass
S0345,Female,C,77.3,3.3,CS,65.9,Pass
S0346,Female,D,38.7,7.3,Maths,78.1,Pass
S0346,Female,D,38.7,7.3,Science,66.0,Pass
S0346,Female,D,38.7,7.3,English,78.1,Pass
S0346,Female,D,38.7,7.3,History,52.8,Pass
S0346,Female,D,38.7,7.3,CS,74.5,Pass
S0347,Female,C,52.4,4.1,Maths,64.9,Pass
S0347,Female,C,52.4,4.1,Science,80.5,Pass
S0347,Female,C,52.4,4.1,English,68.6,Pass
S0347,Female,C,52.4,4.1,History,81.5,Pass
S0347,Female,C,52.4,4.1,CS,74.1,Pass
S0348,Male,A,87.2,6.7,Maths,83.4,Pass
S0348,Male,A,87.2,6.7,Science,92.5,Pass
S0348,Male,A,87.2,6.7,English,92.6,Pass
S0348,Male,A,87.2,6.7,History,89.4,Pass
S0348,Male,A,87.2,6.7,CS,61.7,Pass
S0349,Female,A,82.3,4.3,Maths,68.5,Pass
S0349,Female,A,82.3,4.3,Science,92.2,Pass
S0349,Female,A,82.3,4.3,English,65.8,Pass
S0349,Female,A,82.3,4.3,History,87.1,Pass
S0349,Female,A,82.3,4.3,CS,85.4,Pass
S0350,Male,D,93.7,4.4,Maths,74.6,Pass
S0350,Male,D,93.7,4.4,Science,61.9,Pass
S0350,Male,D,93.7,4.4,English,76.2,Pass
S0350,Male,D,93.7,4.4,History,100.0,Pass
S0350,Male,D,93.7,4.4,CS,73.2,Pass
S0351,Female,A,71.6,3.5,Maths,65.6,Pass
S0351,Female,A,71.6,3.5,Science,63.6,Pass
S0351,Female,A,71.6,3.5,English,85.7,Pass
S0351,Female,A,71.6,3.5,History,71.1,Pass
S0351,Female,A,71.6,3.5,CS,67.3,Pass
S0352,Male,D,67.2,5.4,Maths,90.1,Pass
S0352,Male,D,67.2,5.4,Science,81.8,Pass
S0352,Male,D,67.2,5.4,English,66.8,Pass
S0352,Male,D,67.2,5.4,History,63.8,Pass
S0352,Male,D,67.2,5.4,CS,87.6,Pass
S0353,Female,A,88.4,6.0,Maths,83.8,Pass
S0353,Female,A,88.4,6.0,Science,68.1,Pass
S0353,Female,A,88.4,6.0,English,65.8,Pass
S0353,Female,A,88.4,6.0,History,72.4,Pass
S0353,Female,A,88.4,6.0,CS,71.2,Pass
S0354,Female,C,75.0,2.4,Maths,51.9,Pass
S0354,Female,C,75.0,2.4,Science,61.4,Pass
S0354,Female,C,75.0,2.4,English,63.2,Pass
S0354,Female,C,75.0,2.4,History,67.8,Pass
S0354,Female,C,75.0,2.4,CS,89.3,Pass
S0355,Male,D,90.9,3.5,Maths,76.5,Pass
S0355,Male,D,90.9,3.5,Science,77.5,Pass
S0355,Male,D,90.9,3.5,English,84.3,Pass
S0355,Male,D,90.9,3.5,History,76.8,Pass
S0355,Male,D,90.9,3.5,CS,83.2,Pass
S0356,Female,B,86.0,5.4,Maths,84.3,Pass
S0356,Female,B,86.0,5.4,Science,82.8,Pass
S0356,Female,B,86.0,5.4,English,100.0,Pass
S0356,Female,B,86.0,5.4,History,90.6,Pass
S0356,Female,B,86.0,5.4,CS,70.7,Pass
S0357,Female,A,62.4,3.8,Maths,75.0,Pass
S0357,Female,A,62.4,3.8,Science,63.4,Pass
S0357,Female,A,62.4,3.8,English,75.8,Pass
S0357,Female,A,62.4,3.8,History,57.6,Pass
S0357,Female,A,62.4,3.8,CS,60.3,Pass
S0358,Female,D,63.5,3.3,Maths,74.0,Pass
S0358,Female,D,63.5,3.3,Science,80.5,Pass
S0358,Female,D,63.5,3.3,English,75.6,Pass
S0358,Female,D,63.5,3.3,History,79.1,Pass
S0358,Female,D,63.5,3.3,CS,74.3,Pass
S0359,Male,A,87.2,5.5,Maths,83.9,Pass
S0359,Male,A,87.2,5.5,Science,77.1,Pass
S0359,Male,A,87.2,5.5,English,90.3,Pass
S0359,Male,A,87.2,5.5,History,92.4,Pass
S0359,Male,A,87.2,5.5,CS,81.5,Pass
S0360,Female,C,48.8,5.7,Maths,69.8,Pass
S0360,Female,C,48.8,5.7,Science,86.9,Pass
S0360,Female,C,48.8,5.7,English,70.7,Pass
S0360,Female,C,48.8,5.7,History,71.7,Pass
S0360,Female,C,48.8,5.7,CS,75.8,Pass
S0361,Female,D,43.6,3.3,Maths,63.7,Pass
S0361,Female,D,43.6,3.3,Science,56.5,Pass
S0361,Female,D,43.6,3.3,English,68.5,Pass
S0361,Female,D,43.6,3.3,History,64.3,Pass
S0361,Female,D,43.6,3.3,CS,83.1,Pass
S0362,Male,C,92.9,4.3,Maths,89.4,Pass
S0362,Male,C,92.9,4.3,Science,75.5,Pass
S0362,Male,C,92.9,4.3,English,88.8,Pass
S0362,Male,C,92.9,4.3,History,84.6,Pass
S0362,Male,C,92.9,4.3,CS,94.6,Pass
S0363,Male,A,76.7,2.2,Maths,67.1,Pass
S0363,Male,A,76.7,2.2,Science,74.3,Pass
S0363,Male,A,76.7,2.2,English,71.4,Pass
S0363,Male,A,76.7,2.2,History,73.0,Pass
S0363,Male,A,76.7,2.2,CS,63.5,Pass
S0364,Male,D,72.6,2.7,Maths,77.8,Pass
S0364,Male,D,72.6,2.7,Science,76.3,Pass
S0364,Male,D,72.6,2.7,English,84.9,Pass
S0364,Male,D,72.6,2.7,History,72.0,Pass
S0364,Male,D,72.6,2.7,CS,68.0,Pass
S0365,Female,A,57.8,4.2,Maths,78.6,Pass
S0365,Female,A,57.8,4.2,Science,62.8,Pass
S0365,Female,A,57.8,4.2,English,81.5,Pass
S0365,Female,A,57.8,4.2,History,81.5,Pass
S0365,Female,A,57.8,4.2,CS,83.3,Pass
S0366,Male,C,74.9,4.0,Maths,79.3,Pass
S0366,Male,C,74.9,4.0,Science,70.7,Pass
S0366,Male,C,74.9,4.0,English,76.6,Pass
S0366,Male,C,74.9,4.0,History,79.4,Pass
S0366,Male,C,74.9,4.0,CS,70.0,Pass
S0367,Female,C,95.6,2.5,Maths,92.1,Pass
S0367,Female,C,95.6,2.5,Science,84.6,Pass
S0367,Female,C,95.6,2.5,English,69.9,Pass
S0367,Female,C,95.6,2.5,History,97.6,Pass
S0367,Female,C,95.6,2.5,CS,79.8,Pass
S0368,Female,B,69.5,2.9,Maths,60.8,Pass
S0368,Female,B,69.5,2.9,Science,63.4,Pass
S0368,Female,B,69.5,2.9,English,86.6,Pass
S0368,Female,B,69.5,2.9,History,89.9,Pass
S0368,Female,B,69.5,2.9,CS,81.8,Pass
S0369,Male,B,97.5,2.4,Maths,92.2,Pass
S0369,Male,B,97.5,2.4,Science,91.2,Pass
S0369,Male,B,97.5,2.4,English,84.6,Pass
S0369,Male,B,97.5,2.4,History,82.3,Pass
S0369,Male,B,97.5,2.4,CS,84.4,Pass
S0370,Female,A,83.6,4.7,Maths,86.8,Pass
S0370,Female,A,83.6,4.7,Science,72.0,Pass
S0370,Female,A,83.6,4.7,English,86.8,Pass
S0370,Female,A,83.6,4.7,History,94.0,Pass
S0370,Female,A,83.6,4.7,CS,77.4,Pass
S0371,Female,D,73.3,1.0,Maths,66.0,Pass
S0371,Female,D,73.3,1.0,Science,73.9,Pass
S0371,Female,D,73.3,1.0,English,62.6,Pass
S0371,Female,D,73.3,1.0,History,55.9,Pass
S0371,Female,D,73.3,1.0,CS,80.6,Pass
S0372,Male,A,73.2,2.5,Maths,67.4,Pass
S0372,Male,A,73.2,2.5,Science,72.1,Pass
S0372,Male,A,73.2,2.5,English,65.8,Pass
S0372,Male,A,73.2,2.5,History,84.7,Pass
S0372,Male,A,73.2,2.5,CS,80.5,Pass
S0373,Male,B,65.7,1.2,Maths,64.7,Pass
S0373,Male,B,65.7,1.2,Science,55.3,Pass
S0373,Male,B,65.7,1.2,English,63.7,Pass
S0373,Male,B,65.7,1.2,History,72.8,Pass
S0373,Male,B,65.7,1.2,CS,69.0,Pass
S0374,Male,C,93.1,4.6,Maths,83.3,Pass
S0374,Male,C,93.1,4.6,Science,84.3,Pass
S0374,Male,C,93.1,4.6,English,89.8,Pass
S0374,Male,C,93.1,4.6,History,81.8,Pass
S0374,Male,C,93.1,4.6,CS,86.7,Pass
S0375,Male,C,76.8,1.3,Maths,60.8,Pass
S0375,Male,C,76.8,1.3,Science,96.2,Pass
S0375,Male,C,76.8,1.3,English,67.8,Pass
S0375,Male,C,76.8,1.3,History,72.7,Pass
S0375,Male,C,76.8,1.3,CS,76.3,Pass
S0376,Male,C,83.9,4.0,Maths,74.2,Pass
S0376,Male,C,83.9,4.0,Science,78.4,Pass
S0376,Male,C,83.9,4.0,English,78.2,Pass
S0376,Male,C,83.9,4.0,History,69.1,Pass
S0376,Male,C,83.9,4.0,CS,82.7,Pass
S0377,Female,C,77.8,6.5,Maths,64.8,Pass
S0377,Female,C,77.8,6.5,Science,98.8,Pass
S0377,Female,C,77.8,6.5,English,89.2,Pass
S0377,Female,C,77.8,6.5,History,87.6,Pass
S0377,Female,C,77.8,6.5,CS,63.9,Pass
S0378,Male,C,86.2,6.5,Maths,76.0,Pass
S0378,Male,C,86.2,6.5,Science,97.8,Pass
S0378,Male,C,86.2,6.5,English,100.0,Pass
S0378,Male,C,86.2,6.5,History,95.8,Pass
S0378,Male,C,86.2,6.5,CS,94.3,Pass
S0379,Male,D,82.8,1.3,Maths,77.7,Pass
S0379,Male,D,82.8,1.3,Science,64.0,Pass
S0379,Male,D,82.8,1.3,English,82.4,Pass
S0379,Male,D,82.8,1.3,History,61.4,Pass
S0379,Male,D,82.8,1.3,CS,60.3,Pass
S0380,Female,B,67.0,4.4,Maths,61.2,Pass
S0380,Female,B,67.0,4.4,Science,83.7,Pass
S0380,Female,B,67.0,4.4,English,73.4,Pass
S0380,Female,B,67.0,4.4,History,75.0,Pass
S0380,Female,B,67.0,4.4,CS,73.8,Pass
S0381,Female,D,73.0,2.5,Maths,60.7,Pass
S0381,Female,D,73.0,2.5,Science,65.2,Pass
S0381,Female,D,73.0,2.5,English,65.7,Pass
S0381,Female,D,73.0,2.5,History,57.9,Pass
S0381,Female,D,73.0,2.5,CS,66.9,Pass
S0382,Female,D,69.0,2.2,Maths,59.3,Pass
S0382,Female,D,69.0,2.2,Science,75.9,Pass
S0382,Female,D,69.0,2.2,English,76.7,Pass
S0382,Female,D,69.0,2.2,History,57.2,Pass
S0382,Female,D,69.0,2.2,CS,67.2,Pass
S0383,Female,D,80.8,3.8,Maths,95.5,Pass
S0383,Female,D,80.8,3.8,Science,67.1,Pass
S0383,Female,D,80.8,3.8,English,81.2,Pass
S0383,Female,D,80.8,3.8,History,78.0,Pass
S0383,Female,D,80.8,3.8,CS,87.8,Pass
S0384,Male,D,87.6,5.8,Maths,85.9,Pass
S0384,Male,D,87.6,5.8,Science,78.6,Pass
S0384,Male,D,87.6,5.8,English,83.6,Pass
S0384,Male,D,87.6,5.8,History,83.8,Pass
S0384,Male,D,87.6,5.8,CS,82.0,Pass
S0385,Male,D,55.0,4.9,Maths,58.1,Pass
S0385,Male,D,55.0,4.9,Science,83.7,Pass
S0385,Male,D,55.0,4.9,English,82.0,Pass
S0385,Male,D,55.0,4.9,History,60.9,Pass
S0385,Male,D,55.0,4.9,CS,68.3,Pass
S0386,Female,A,86.4,2.9,Maths,74.5,Pass
S0386,Female,A,86.4,2.9,Science,65.2,Pass
S0386,Female,A,86.4,2.9,English,58.1,Pass
S0386,Female,A,86.4,2.9,History,70.1,Pass
S0386,Female,A,86.4,2.9,CS,73.2,Pass
S0387,Female,D,87.2,5.1,Maths,66.9,Pass
S0387,Female,D,87.2,5.1,Science,83.0,Pass
S0387,Female,D,87.2,5.1,English,92.9,Pass
S0387,Female,D,87.2,5.1,History,89.7,Pass
S0387,Female,D,87.2,5.1,CS,80.0,Pass
S0388,Female,C,70.0,0.6,Maths,48.9,Pass
S0388,Female,C,70.0,0.6,Science,74.4,Pass
S0388,Female,C,70.0,0.6,English,68.7,Pass
S0388,Female,C,70.0,0.6,History,71.5,Pass
S0388,Female,C,70.0,0.6,CS,86.6,Pass
S0389,Male,B,64.4,2.9,Maths,61.8,Pass
S0389,Male,B,64.4,2.9,Science,41.3,Pass
S0389,Male,B,64.4,2.9,English,59.5,Pass
S0389,Male,B,64.4,2.9,History,74.9,Pass
S0389,Male,B,64.4,2.9,CS,70.3,Pass
S0390,Female,C,78.6,2.8,Maths,62.0,Pass
S0390,Female,C,78.6,2.8,Science,59.9,Pass
S0390,Female,C,78.6,2.8,English,70.6,Pass
S0390,Female,C,78.6,2.8,History,61.7,Pass
S0390,Female,C,78.6,2.8,CS,79.3,Pass
S0391,Female,B,87.0,4.1,Maths,75.2,Pass
S0391,Female,B,87.0,4.1,Science,73.1,Pass
S0391,Female,B,87.0,4.1,English,71.8,Pass
S0391,Female,B,87.0,4.1,History,82.0,Pass
S0391,Female,B,87.0,4.1,CS,79.8,Pass
S0392,Male,C,82.5,3.7,Maths,79.2,Pass
S0392,Male,C,82.5,3.7,Science,78.9,Pass
S0392,Male,C,82.5,3.7,English,76.4,Pass
S0392,Male,C,82.5,3.7,History,66.8,Pass
S0392,Male,C,82.5,3.7,CS,69.8,Pass
S0393,Female,D,74.7,3.8,Maths,71.0,Pass
S0393,Female,D,74.7,3.8,Science,95.6,Pass
S0393,Female,D,74.7,3.8,English,61.5,Pass
S0393,Female,D,74.7,3.8,History,70.8,Pass
S0393,Female,D,74.7,3.8,CS,76.0,Pass
S0394,Female,A,71.1,3.7,Maths,70.8,Pass
S0394,Female,A,71.1,3.7,Science,84.6,Pass
S0394,Female,A,71.1,3.7,English,70.7,Pass
S0394,Female,A,71.1,3.7,History,71.5,Pass
S0394,Female,A,71.1,3.7,CS,82.0,Pass
S0395,Male,B,93.0,4.0,Maths,99.1,Pass
S0395,Male,B,93.0,4.0,Science,95.0,Pass
S0395,Male,B,93.0,4.0,English,79.6,Pass
S0395,Male,B,93.0,4.0,History,80.5,Pass
S0395,Male,B,93.0,4.0,CS,81.4,Pass
S0396,Male,D,74.7,4.8,Maths,78.5,Pass
S0396,Male,D,74.7,4.8,Science,68.5,Pass
S0396,Male,D,74.7,4.8,English,86.4,Pass
S0396,Male,D,74.7,4.8,History,79.1,Pass
S0396,Male,D,74.7,4.8,CS,76.6,Pass
S0397,Female,B,77.9,4.2,Maths,64.1,Pass
S0397,Female,B,77.9,4.2,Science,77.5,Pass
S0397,Female,B,77.9,4.2,English,57.9,Pass
S0397,Female,B,77.9,4.2,History,71.0,Pass
S0397,Female,B,77.9,4.2,CS,71.2,Pass
S0398,Male,D,91.7,3.6,Maths,82.5,Pass
S0398,Male,D,91.7,3.6,Science,98.5,Pass
S0398,Male,D,91.7,3.6,English,85.4,Pass
S0398,Male,D,91.7,3.6,History,94.1,Pass
S0398,Male,D,91.7,3.6,CS,86.1,Pass
S0399,Male,A,68.8,4.6,Maths,86.1,Pass
S0399,Male,A,68.8,4.6,Science,93.4,Pass
S0399,Male,A,68.8,4.6,English,67.5,Pass
S0399,Male,A,68.8,4.6,History,66.9,Pass
S0399,Male,A,68.8,4.6,CS,81.5,Pass
S0400,Male,C,72.8,5.2,Maths,77.3,Pass
S0400,Male,C,72.8,5.2,Science,79.5,Pass
S0400,Male,C,72.8,5.2,English,74.8,Pass
S0400,Male,C,72.8,5.2,History,71.4,Pass
S0400,Male,C,72.8,5.2,CS,93.5,Pass
S0401,Male,D,70.2,3.2,Maths,61.4,Pass
S0401,Male,D,70.2,3.2,Science,79.3,Pass
S0401,Male,D,70.2,3.2,English,77.6,Pass
S0401,Male,D,70.2,3.2,History,56.6,Pass
S0401,Male,D,70.2,3.2,CS,64.1,Pass
S0402,Female,D,50.6,3.9,Maths,61.4,Pass
S0402,Female,D,50.6,3.9,Science,73.6,Pass
S0402,Female,D,50.6,3.9,English,64.3,Pass
S0402,Female,D,50.6,3.9,History,67.1,Pass
S0402,Female,D,50.6,3.9,CS,53.4,Pass
S0403,Female,A,85.6,5.7,Maths,100.0,Pass
S0403,Female,A,85.6,5.7,Science,82.9,Pass
S0403,Female,A,85.6,5.7,English,87.2,Pass
S0403,Female,A,85.6,5.7,History,76.8,Pass
S0403,Female,A,85.6,5.7,CS,75.6,Pass
S0404,Male,D,83.7,2.3,Maths,93.9,Pass
S0404,Male,D,83.7,2.3,Science,55.6,Pass
S0404,Male,D,83.7,2.3,English,77.6,Pass
S0404,Male,D,83.7,2.3,History,62.7,Pass
S0404,Male,D,83.7,2.3,CS,70.8,Pass
S0405,Female,B,58.6,6.7,Maths,69.6,Pass
S0405,Female,B,58.6,6.7,Science,66.1,Pass
S0405,Female,B,58.6,6.7,English,76.3,Pass
S0405,Female,B,58.6,6.7,History,50.3,Pass
S0405,Female,B,58.6,6.7,CS,72.8,Pass
S0406,Female,B,85.6,2.0,Maths,73.8,Pass
S0406,Female,B,85.6,2.0,Science,61.1,Pass
S0406,Female,B,85.6,2.0,English,89.8,Pass
S0406,Female,B,85.6,2.0,History,68.7,Pass
S0406,Female,B,85.6,2.0,CS,72.3,Pass
S0407,Male,B,65.9,3.5,Maths,65.8,Pass
S0407,Male,B,65.9,3.5,Science,70.9,Pass
S0407,Male,B,65.9,3.5,English,84.8,Pass
S0407,Male,B,65.9,3.5,History,96.5,Pass
S0407,Male,B,65.9,3.5,CS,79.2,Pass
S0408,Female,C,91.2,2.6,Maths,88.4,Pass
S0408,Female,C,91.2,2.6,Science,94.7,Pass
S0408,Female,C,91.2,2.6,English,80.0,Pass
S0408,Female,C,91.2,2.6,History,93.2,Pass
S0408,Female,C,91.2,2.6,CS,85.4,Pass
S0409,Male,C,59.2,7.3,Maths,78.8,Pass
S0409,Male,C,59.2,7.3,Science,80.8,Pass
S0409,Male,C,59.2,7.3,English,59.1,Pass
S0409,Male,C,59.2,7.3,History,80.3,Pass
S0409,Male,C,59.2,7.3,CS,61.9,Pass
S0410,Female,B,86.5,3.2,Maths,61.2,Pass
S0410,Female,B,86.5,3.2,Science,79.4,Pass
S0410,Female,B,86.5,3.2,English,66.3,Pass
S0410,Female,B,86.5,3.2,History,77.4,Pass
S0410,Female,B,86.5,3.2,CS,78.8,Pass
S0411,Female,A,64.0,3.2,Maths,72.5,Pass
S0411,Female,A,64.0,3.2,Science,61.7,Pass
S0411,Female,A,64.0,3.2,English,79.7,Pass
S0411,Female,A,64.0,3.2,History,69.8,Pass
S0411,Female,A,64.0,3.2,CS,75.1,Pass
S0412,Female,D,81.7,3.4,Maths,64.4,Pass
S0412,Female,D,81.7,3.4,Science,74.6,Pass
S0412,Female,D,81.7,3.4,English,87.4,Pass
S0412,Female,D,81.7,3.4,History,86.1,Pass
S0412,Female,D,81.7,3.4,CS,68.4,Pass
S0413,Male,A,78.2,4.1,Maths,71.3,Pass
S0413,Male,A,78.2,4.1,Science,66.9,Pass
S0413,Male,A,78.2,4.1,English,70.2,Pass
S0413,Male,A,78.2,4.1,History,62.8,Pass
S0413,Male,A,78.2,4.1,CS,75.4,Pass
S0414,Female,A,67.7,3.5,Maths,78.7,Pass
S0414,Female,A,67.7,3.5,Science,64.5,Pass
S0414,Female,A,67.7,3.5,English,71.4,Pass
S0414,Female,A,67.7,3.5,History,70.1,Pass
S0414,Female,A,67.7,3.5,CS,82.9,Pass
S0415,Male,C,77.5,3.8,Maths,69.7,Pass
S0415,Male,C,77.5,3.8,Science,70.1,Pass
S0415,Male,C,77.5,3.8,English,67.4,Pass
S0415,Male,C,77.5,3.8,History,64.5,Pass
S0415,Male,C,77.5,3.8,CS,81.2,Pass
S0416,Male,B,87.7,0.5,Maths,71.0,Pass
S0416,Male,B,87.7,0.5,Science,72.9,Pass
S0416,Male,B,87.7,0.5,English,85.1,Pass
S0416,Male,B,87.7,0.5,History,85.6,Pass
S0416,Male,B,87.7,0.5,CS,55.9,Pass
S0417,Male,C,78.7,4.1,Maths,83.3,Pass
S0417,Male,C,78.7,4.1,Science,79.0,Pass
S0417,Male,C,78.7,4.1,English,72.2,Pass
S0417,Male,C,78.7,4.1,History,80.1,Pass
S0417,Male,C,78.7,4.1,CS,59.5,Pass
S0418,Female,D,85.8,4.0,Maths,93.4,Pass
S0418,Female,D,85.8,4.0,Science,83.9,Pass
S0418,Female,D,85.8,4.0,English,70.1,Pass
S0418,Female,D,85.8,4.0,History,72.9,Pass
S0418,Female,D,85.8,4.0,CS,61.8,Pass
S0419,Male,A,76.4,5.6,Maths,75.9,Pass
S0419,Male,A,76.4,5.6,Science,74.2,Pass
S0419,Male,A,76.4,5.6,English,65.8,Pass
S0419,Male,A,76.4,5.6,History,86.8,Pass
S0419,Male,A,76.4,5.6,CS,91.8,Pass
S0420,Female,B,78.4,6.0,Maths,80.2,Pass
S0420,Female,B,78.4,6.0,Science,77.4,Pass
S0420,Female,B,78.4,6.0,English,84.8,Pass
S0420,Female,B,78.4,6.0,History,80.2,Pass
S0420,Female,B,78.4,6.0,CS,69.6,Pass
S0421,Female,C,74.2,3.7,Maths,68.2,Pass
S0421,Female,C,74.2,3.7,Science,71.7,Pass
S0421,Female,C,74.2,3.7,English,77.2,Pass
S0421,Female,C,74.2,3.7,History,74.8,Pass
S0421,Female,C,74.2,3.7,CS,76.8,Pass
S0422,Male,D,85.2,5.2,Maths,65.7,Pass
S0422,Male,D,85.2,5.2,Science,87.6,Pass
S0422,Male,D,85.2,5.2,English,81.0,Pass
S0422,Male,D,85.2,5.2,History,100.0,Pass
S0422,Male,D,85.2,5.2,CS,77.1,Pass
S0423,Male,C,92.1,2.3,Maths,80.6,Pass
S0423,Male,C,92.1,2.3,Science,100.0,Pass
S0423,Male,C,92.1,2.3,English,79.3,Pass
S0423,Male,C,92.1,2.3,History,76.6,Pass
S0423,Male,C,92.1,2.3,CS,67.5,Pass
S0424,Male,B,67.0,5.2,Maths,90.7,Pass
S0424,Male,B,67.0,5.2,Science,63.8,Pass
S0424,Male,B,67.0,5.2,English,79.7,Pass
S0424,Male,B,67.0,5.2,History,70.7,Pass
S0424,Male,B,67.0,5.2,CS,73.5,Pass
S0425,Female,C,86.0,3.1,Maths,62.8,Pass
S0425,Female,C,86.0,3.1,Science,90.5,Pass
S0425,Female,C,86.0,3.1,English,74.3,Pass
S0425,Female,C,86.0,3.1,History,64.9,Pass
S0425,Female,C,86.0,3.1,CS,89.6,Pass
S0426,Female,D,95.9,2.2,Maths,73.2,Pass
S0426,Female,D,95.9,2.2,Science,81.6,Pass
S0426,Female,D,95.9,2.2,English,86.6,Pass
S0426,Female,D,95.9,2.2,History,83.0,Pass
S0426,Female,D,95.9,2.2,CS,56.3,Pass
S0427,Male,B,32.8,3.7,Maths,69.3,Pass
S0427,Male,B,32.8,3.7,Science,61.3,Pass
S0427,Male,B,32.8,3.7,English,59.0,Pass
S0427,Male,B,32.8,3.7,History,61.2,Pass
S0427,Male,B,32.8,3.7,CS,46.2,Pass
S0428,Female,D,73.5,6.1,Maths,81.2,Pass
S0428,Female,D,73.5,6.1,Science,65.6,Pass
S0428,Female,D,73.5,6.1,English,76.4,Pass
S0428,Female,D,73.5,6.1,History,80.8,Pass
S0428,Female,D,73.5,6.1,CS,90.0,Pass
S0429,Male,D,69.7,4.3,Maths,66.2,Pass
S0429,Male,D,69.7,4.3,Science,89.0,Pass
S0429,Male,D,69.7,4.3,English,83.9,Pass
S0429,Male,D,69.7,4.3,History,70.1,Pass
S0429,Male,D,69.7,4.3,CS,63.4,Pass
S0430,Female,B,68.7,6.2,Maths,63.7,Pass
S0430,Female,B,68.7,6.2,Science,80.8,Pass
S0430,Female,B,68.7,6.2,English,70.7,Pass
S0430,Female,B,68.7,6.2,History,90.1,Pass
S0430,Female,B,68.7,6.2,CS,71.3,Pass
S0431,Female,A,95.6,2.9,Maths,70.4,Pass
S0431,Female,A,95.6,2.9,Science,81.8,Pass
S0431,Female,A,95.6,2.9,English,72.6,Pass
S0431,Female,A,95.6,2.9,History,79.5,Pass
S0431,Female,A,95.6,2.9,CS,89.3,Pass
S0432,Female,D,63.3,5.6,Maths,76.3,Pass
S0432,Female,D,63.3,5.6,Science,76.3,Pass
S0432,Female,D,63.3,5.6,English,77.2,Pass
S0432,Female,D,63.3,5.6,History,58.2,Pass
S0432,Female,D,63.3,5.6,CS,79.0,Pass
S0433,Female,A,83.6,3.0,Maths,77.7,Pass
S0433,Female,A,83.6,3.0,Science,85.0,Pass
S0433,Female,A,83.6,3.0,English,82.2,Pass
S0433,Female,A,83.6,3.0,History,74.1,Pass
S0433,Female,A,83.6,3.0,CS,86.4,Pass
S0434,Female,B,64.4,4.3,Maths,70.1,Pass
S0434,Female,B,64.4,4.3,Science,75.5,Pass
S0434,Female,B,64.4,4.3,English,69.9,Pass
S0434,Female,B,64.4,4.3,History,77.6,Pass
S0434,Female,B,64.4,4.3,CS,69.2,Pass
S0435,Male,A,75.3,4.3,Maths,92.7,Pass
S0435,Male,A,75.3,4.3,Science,96.4,Pass
S0435,Male,A,75.3,4.3,English,85.0,Pass
S0435,Male,A,75.3,4.3,History,91.7,Pass
S0435,Male,A,75.3,4.3,CS,60.9,Pass
S0436,Male,C,72.3,5.0,Maths,62.5,Pass
S0436,Male,C,72.3,5.0,Science,73.5,Pass
S0436,Male,C,72.3,5.0,English,77.1,Pass
S0436,Male,C,72.3,5.0,History,74.7,Pass
S0436,Male,C,72.3,5.0,CS,60.2,Pass
S0437,Male,B,88.0,4.4,Maths,91.7,Pass
S0437,Male,B,88.0,4.4,Science,100.0,Pass
S0437,Male,B,88.0,4.4,English,92.9,Pass
S0437,Male,B,88.0,4.4,History,91.0,Pass
S0437,Male,B,88.0,4.4,CS,82.4,Pass
S0438,Male,C,79.3,2.9,Maths,66.1,Pass
S0438,Male,C,79.3,2.9,Science,75.3,Pass
S0438,Male,C,79.3,2.9,English,95.6,Pass
S0438,Male,C,79.3,2.9,History,71.0,Pass
S0438,Male,C,79.3,2.9,CS,70.0,Pass
S0439,Female,D,83.3,5.3,Maths,91.7,Pass
S0439,Female,D,83.3,5.3,Science,92.4,Pass
S0439,Female,D,83.3,5.3,English,72.2,Pass
S0439,Female,D,83.3,5.3,History,78.0,Pass
S0439,Female,D,83.3,5.3,CS,75.6,Pass
S0440,Female,D,81.4,6.6,Maths,83.3,Pass
S0440,Female,D,81.4,6.6,Science,93.7,Pass
S0440,Female,D,81.4,6.6,English,74.6,Pass
S0440,Female,D,81.4,6.6,History,93.5,Pass
S0440,Female,D,81.4,6.6,CS,83.6,Pass
S0441,Female,D,89.9,3.1,Maths,100.0,Pass
S0441,Female,D,89.9,3.1,Science,81.4,Pass
S0441,Female,D,89.9,3.1,English,77.2,Pass
S0441,Female,D,89.9,3.1,History,84.0,Pass
S0441,Female,D,89.9,3.1,CS,74.8,Pass
S0442,Male,A,93.6,1.2,Maths,57.6,Pass
S0442,Male,A,93.6,1.2,Science,73.2,Pass
S0442,Male,A,93.6,1.2,English,73.0,Pass
S0442,Male,A,93.6,1.2,History,59.7,Pass
S0442,Male,A,93.6,1.2,CS,74.9,Pass
S0443,Female,B,88.5,4.7,Maths,60.4,Pass
S0443,Female,B,88.5,4.7,Science,77.6,Pass
S0443,Female,B,88.5,4.7,English,83.5,Pass
S0443,Female,B,88.5,4.7,History,82.0,Pass
S0443,Female,B,88.5,4.7,CS,76.9,Pass
S0444,Male,A,72.7,3.5,Maths,73.0,Pass
S0444,Male,A,72.7,3.5,Science,66.0,Pass
S0444,Male,A,72.7,3.5,English,73.9,Pass
S0444,Male,A,72.7,3.5,History,74.4,Pass
S0444,Male,A,72.7,3.5,CS,64.8,Pass
S0445,Male,D,85.8,3.8,Maths,81.0,Pass
S0445,Male,D,85.8,3.8,Science,81.0,Pass
S0445,Male,D,85.8,3.8,English,76.7,Pass
S0445,Male,D,85.8,3.8,History,100.0,Pass
S0445,Male,D,85.8,3.8,CS,76.9,Pass
S0446,Female,C,88.9,4.8,Maths,78.6,Pass
S0446,Female,C,88.9,4.8,Science,77.1,Pass
S0446,Female,C,88.9,4.8,English,71.6,Pass
S0446,Female,C,88.9,4.8,History,88.2,Pass
S0446,Female,C,88.9,4.8,CS,74.5,Pass
S0447,Female,B,83.3,3.3,Maths,70.9,Pass
S0447,Female,B,83.3,3.3,Science,71.2,Pass
S0447,Female,B,83.3,3.3,English,66.8,Pass
S0447,Female,B,83.3,3.3,History,59.1,Pass
S0447,Female,B,83.3,3.3,CS,72.0,Pass
S0448,Female,C,69.7,3.6,Maths,81.8,Pass
S0448,Female,C,69.7,3.6,Science,75.1,Pass
S0448,Female,C,69.7,3.6,English,88.7,Pass
S0448,Female,C,69.7,3.6,History,80.6,Pass
S0448,Female,C,69.7,3.6,CS,78.3,Pass
S0449,Male,C,90.9,3.8,Maths,98.8,Pass
S0449,Male,C,90.9,3.8,Science,79.0,Pass
S0449,Male,C,90.9,3.8,English,80.6,Pass
S0449,Male,C,90.9,3.8,History,79.9,Pass
S0449,Male,C,90.9,3.8,CS,95.4,Pass
S0450,Female,B,78.2,6.2,Maths,80.9,Pass
S0450,Female,B,78.2,6.2,Science,74.4,Pass
S0450,Female,B,78.2,6.2,English,86.8,Pass
S0450,Female,B,78.2,6.2,History,72.7,Pass
S0450,Female,B,78.2,6.2,CS,86.2,Pass
S0451,Male,B,89.6,4.0,Maths,84.1,Pass
S0451,Male,B,89.6,4.0,Science,78.1,Pass
S0451,Male,B,89.6,4.0,English,85.6,Pass
S0451,Male,B,89.6,4.0,History,65.1,Pass
S0451,Male,B,89.6,4.0,CS,81.6,Pass
S0452,Female,A,68.5,2.1,Maths,65.2,Pass
S0452,Female,A,68.5,2.1,Science,98.5,Pass
S0452,Female,A,68.5,2.1,English,71.4,Pass
S0452,Female,A,68.5,2.1,History,63.9,Pass
S0452,Female,A,68.5,2.1,CS,56.0,Pass
S0453,Female,B,81.9,2.2,Maths,87.0,Pass
S0453,Female,B,81.9,2.2,Science,70.5,Pass
S0453,Female,B,81.9,2.2,English,66.1,Pass
S0453,Female,B,81.9,2.2,History,77.4,Pass
S0453,Female,B,81.9,2.2,CS,80.5,Pass
S0454,Male,B,89.8,4.2,Maths,86.7,Pass
S0454,Male,B,89.8,4.2,Science,80.6,Pass
S0454,Male,B,89.8,4.2,English,82.0,Pass
S0454,Male,B,89.8,4.2,History,82.7,Pass
S0454,Male,B,89.8,4.2,CS,83.7,Pass
S0455,Male,D,94.0,2.3,Maths,82.1,Pass
S0455,Male,D,94.0,2.3,Science,88.8,Pass
S0455,Male,D,94.0,2.3,English,78.4,Pass
S0455,Male,D,94.0,2.3,History,69.6,Pass
S0455,Male,D,94.0,2.3,CS,76.4,Pass
S0456,Male,D,82.7,1.7,Maths,80.7,Pass
S0456,Male,D,82.7,1.7,Science,55.3,Pass
S0456,Male,D,82.7,1.7,English,55.3,Pass
S0456,Male,D,82.7,1.7,History,82.3,Pass
S0456,Male,D,82.7,1.7,CS,88.3,Pass
S0457,Female,D,92.1,5.0,Maths,69.9,Pass
S0457,Female,D,92.1,5.0,Science,83.5,Pass
S0457,Female,D,92.1,5.0,English,78.5,Pass
S0457,Female,D,92.1,5.0,History,79.9,Pass
S0457,Female,D,92.1,5.0,CS,85.6,Pass
S0458,Male,A,90.3,5.0,Maths,69.2,Pass
S0458,Male,A,90.3,5.0,Science,71.1,Pass
S0458,Male,A,90.3,5.0,English,79.1,Pass
S0458,Male,A,90.3,5.0,History,80.7,Pass
S0458,Male,A,90.3,5.0,CS,70.9,Pass
S0459,Female,D,93.9,3.4,Maths,88.0,Pass
S0459,Female,D,93.9,3.4,Science,75.9,Pass
S0459,Female,D,93.9,3.4,English,75.8,Pass
S0459,Female,D,93.9,3.4,History,82.9,Pass
S0459,Female,D,93.9,3.4,CS,78.8,Pass
S0460,Female,B,80.9,4.4,Maths,86.5,Pass
S0460,Female,B,80.9,4.4,Science,68.8,Pass
S0460,Female,B,80.9,4.4,English,64.2,Pass
S0460,Female,B,80.9,4.4,History,75.1,Pass
S0460,Female,B,80.9,4.4,CS,78.8,Pass
S0461,Female,B,75.4,4.3,Maths,63.8,Pass
S0461,Female,B,75.4,4.3,Science,62.3,Pass
S0461,Female,B,75.4,4.3,English,78.0,Pass
S0461,Female,B,75.4,4.3,History,68.6,Pass
S0461,Female,B,75.4,4.3,CS,61.7,Pass
S0462,Male,D,66.7,4.9,Maths,84.5,Pass
S0462,Male,D,66.7,4.9,Science,68.5,Pass
S0462,Male,D,66.7,4.9,English,86.3,Pass
S0462,Male,D,66.7,4.9,History,75.1,Pass
S0462,Male,D,66.7,4.9,CS,77.8,Pass
S0463,Female,D,75.5,4.9,Maths,75.3,Pass
S0463,Female,D,75.5,4.9,Science,50.9,Pass
S0463,Female,D,75.5,4.9,English,66.1,Pass
S0463,Female,D,75.5,4.9,History,76.2,Pass
S0463,Female,D,75.5,4.9,CS,81.1,Pass
S0464,Male,A,78.2,0.5,Maths,51.6,Pass
S0464,Male,A,78.2,0.5,Science,68.9,Pass
S0464,Male,A,78.2,0.5,English,58.2,Pass
S0464,Male,A,78.2,0.5,History,71.8,Pass
S0464,Male,A,78.2,0.5,CS,69.3,Pass
S0465,Female,B,88.4,3.6,Maths,86.2,Pass
S0465,Female,B,88.4,3.6,Science,89.5,Pass
S0465,Female,B,88.4,3.6,English,83.4,Pass
S0465,Female,B,88.4,3.6,History,87.4,Pass
S0465,Female,B,88.4,3.6,CS,75.3,Pass
S0466,Female,C,89.8,4.8,Maths,100.0,Pass
S0466,Female,C,89.8,4.8,Science,69.3,Pass
S0466,Female,C,89.8,4.8,English,76.2,Pass
S0466,Female,C,89.8,4.8,History,90.5,Pass
S0466,Female,C,89.8,4.8,CS,89.0,Pass
S0467,Female,C,82.1,3.4,Maths,81.3,Pass
S0467,Female,C,82.1,3.4,Science,83.2,Pass
S0467,Female,C,82.1,3.4,English,55.6,Pass
S0467,Female,C,82.1,3.4,History,92.3,Pass
S0467,Female,C,82.1,3.4,CS,74.4,Pass
S0468,Female,B,92.1,4.1,Maths,93.2,Pass
S0468,Female,B,92.1,4.1,Science,60.4,Pass
S0468,Female,B,92.1,4.1,English,83.3,Pass
S0468,Female,B,92.1,4.1,History,75.1,Pass
S0468,Female,B,92.1,4.1,CS,86.5,Pass
S0469,Male,C,61.7,5.1,Maths,76.9,Pass
S0469,Male,C,61.7,5.1,Science,77.4,Pass
S0469,Male,C,61.7,5.1,English,63.2,Pass
S0469,Male,C,61.7,5.1,History,73.2,Pass
S0469,Male,C,61.7,5.1,CS,72.0,Pass
S0470,Male,D,84.9,4.1,Maths,83.7,Pass
S0470,Male,D,84.9,4.1,Science,88.6,Pass
S0470,Male,D,84.9,4.1,English,80.2,Pass
S0470,Male,D,84.9,4.1,History,66.0,Pass
S0470,Male,D,84.9,4.1,CS,79.8,Pass
S0471,Male,A,92.2,6.3,Maths,100.0,Pass
S0471,Male,A,92.2,6.3,Science,100.0,Pass
S0471,Male,A,92.2,6.3,English,55.4,Pass
S0471,Male,A,92.2,6.3,History,85.8,Pass
S0471,Male,A,92.2,6.3,CS,94.5,Pass
S0472,Male,C,45.6,5.7,Maths,68.2,Pass
S0472,Male,C,45.6,5.7,Science,65.5,Pass
S0472,Male,C,45.6,5.7,English,67.4,Pass
S0472,Male,C,45.6,5.7,History,75.6,Pass
S0472,Male,C,45.6,5.7,CS,58.6,Pass
S0473,Male,C,66.3,3.8,Maths,84.4,Pass
S0473,Male,C,66.3,3.8,Science,72.0,Pass
S0473,Male,C,66.3,3.8,English,63.2,Pass
S0473,Male,C,66.3,3.8,History,83.8,Pass
S0473,Male,C,66.3,3.8,CS,57.1,Pass
S0474,Male,D,78.1,3.7,Maths,70.3,Pass
S0474,Male,D,78.1,3.7,Science,70.1,Pass
S0474,Male,D,78.1,3.7,English,97.3,Pass
S0474,Male,D,78.1,3.7,History,69.0,Pass
S0474,Male,D,78.1,3.7,CS,54.3,Pass
S0475,Male,B,90.6,0.5,Maths,67.4,Pass
S0475,Male,B,90.6,0.5,Science,77.7,Pass
S0475,Male,B,90.6,0.5,English,81.0,Pass
S0475,Male,B,90.6,0.5,History,96.0,Pass
S0475,Male,B,90.6,0.5,CS,87.3,Pass
S0476,Male,A,98.5,3.5,Maths,83.5,Pass
S0476,Male,A,98.5,3.5,Science,72.7,Pass
S0476,Male,A,98.5,3.5,English,97.8,Pass
S0476,Male,A,98.5,3.5,History,77.9,Pass
S0476,Male,A,98.5,3.5,CS,75.0,Pass
S0477,Male,C,81.8,2.0,Maths,69.3,Pass
S0477,Male,C,81.8,2.0,Science,61.0,Pass
S0477,Male,C,81.8,2.0,English,68.8,Pass
S0477,Male,C,81.8,2.0,History,71.1,Pass
S0477,Male,C,81.8,2.0,CS,80.8,Pass
S0478,Female,C,86.2,4.3,Maths,75.6,Pass
S0478,Female,C,86.2,4.3,Science,66.8,Pass
S0478,Female,C,86.2,4.3,English,63.5,Pass
S0478,Female,C,86.2,4.3,History,81.6,Pass
S0478,Female,C,86.2,4.3,CS,80.2,Pass
S0479,Female,B,91.7,4.2,Maths,75.4,Pass
S0479,Female,B,91.7,4.2,Science,76.3,Pass
S0479,Female,B,91.7,4.2,English,84.8,Pass
S0479,Female,B,91.7,4.2,History,94.9,Pass
S0479,Female,B,91.7,4.2,CS,73.2,Pass
S0480,Male,D,88.3,5.0,Maths,82.5,Pass
S0480,Male,D,88.3,5.0,Science,91.2,Pass
S0480,Male,D,88.3,5.0,English,73.8,Pass
S0480,Male,D,88.3,5.0,History,81.4,Pass
S0480,Male,D,88.3,5.0,CS,81.2,Pass
S0481,Male,D,72.5,6.1,Maths,65.8,Pass
S0481,Male,D,72.5,6.1,Science,80.6,Pass
S0481,Male,D,72.5,6.1,English,79.2,Pass
S0481,Male,D,72.5,6.1,History,84.5,Pass
S0481,Male,D,72.5,6.1,CS,67.1,Pass
S0482,Male,A,64.6,4.0,Maths,72.4,Pass
S0482,Male,A,64.6,4.0,Science,86.1,Pass
S0482,Male,A,64.6,4.0,English,93.1,Pass
S0482,Male,A,64.6,4.0,History,85.1,Pass
S0482,Male,A,64.6,4.0,CS,60.5,Pass
S0483,Female,D,92.2,7.4,Maths,92.0,Pass
S0483,Female,D,92.2,7.4,Science,82.7,Pass
S0483,Female,D,92.2,7.4,English,90.3,Pass
S0483,Female,D,92.2,7.4,History,79.8,Pass
S0483,Female,D,92.2,7.4,CS,70.4,Pass
S0484,Male,A,94.2,4.3,Maths,78.5,Pass
S0484,Male,A,94.2,4.3,Science,89.2,Pass
S0484,Male,A,94.2,4.3,English,84.8,Pass
S0484,Male,A,94.2,4.3,History,86.0,Pass
S0484,Male,A,94.2,4.3,CS,84.1,Pass
S0485,Male,B,81.7,2.0,Maths,77.6,Pass
S0485,Male,B,81.7,2.0,Science,78.9,Pass
S0485,Male,B,81.7,2.0,English,70.8,Pass
S0485,Male,B,81.7,2.0,History,74.4,Pass
S0485,Male,B,81.7,2.0,CS,91.0,Pass
S0486,Male,A,96.0,3.2,Maths,81.5,Pass
S0486,Male,A,96.0,3.2,Science,80.5,Pass
S0486,Male,A,96.0,3.2,English,81.1,Pass
S0486,Male,A,96.0,3.2,History,77.9,Pass
S0486,Male,A,96.0,3.2,CS,75.8,Pass
S0487,Male,B,97.9,3.4,Maths,83.3,Pass
S0487,Male,B,97.9,3.4,Science,76.2,Pass
S0487,Male,B,97.9,3.4,English,79.8,Pass
S0487,Male,B,97.9,3.4,History,73.4,Pass
S0487,Male,B,97.9,3.4,CS,82.3,Pass
S0488,Male,D,93.3,4.9,Maths,88.6,Pass
S0488,Male,D,93.3,4.9,Science,80.6,Pass
S0488,Male,D,93.3,4.9,English,62.7,Pass
S0488,Male,D,93.3,4.9,History,88.7,Pass
S0488,Male,D,93.3,4.9,CS,84.0,Pass
S0489,Female,B,56.7,2.6,Maths,57.2,Pass
S0489,Female,B,56.7,2.6,Science,74.9,Pass
S0489,Female,B,56.7,2.6,English,53.2,Pass
S0489,Female,B,56.7,2.6,History,77.6,Pass
S0489,Female,B,56.7,2.6,CS,66.6,Pass
S0490,Female,C,94.4,3.6,Maths,57.7,Pass
S0490,Female,C,94.4,3.6,Science,82.2,Pass
S0490,Female,C,94.4,3.6,English,76.4,Pass
S0490,Female,C,94.4,3.6,History,74.8,Pass
S0490,Female,C,94.4,3.6,CS,73.0,Pass
S0491,Female,A,64.3,3.8,Maths,70.5,Pass
S0491,Female,A,64.3,3.8,Science,66.9,Pass
S0491,Female,A,64.3,3.8,English,53.2,Pass
S0491,Female,A,64.3,3.8,History,84.5,Pass
S0491,Female,A,64.3,3.8,CS,69.4,Pass
S0492,Female,C,64.4,3.3,Maths,63.7,Pass
S0492,Female,C,64.4,3.3,Science,59.7,Pass
S0492,Female,C,64.4,3.3,English,78.7,Pass
S0492,Female,C,64.4,3.3,History,58.0,Pass
S0492,Female,C,64.4,3.3,CS,72.3,Pass
S0493,Female,B,90.5,5.2,Maths,76.7,Pass
S0493,Female,B,90.5,5.2,Science,77.3,Pass
S0493,Female,B,90.5,5.2,English,71.6,Pass
S0493,Female,B,90.5,5.2,History,76.4,Pass
S0493,Female,B,90.5,5.2,CS,82.7,Pass
S0494,Male,C,71.7,5.0,Maths,78.8,Pass
S0494,Male,C,71.7,5.0,Science,68.6,Pass
S0494,Male,C,71.7,5.0,English,75.5,Pass
S0494,Male,C,71.7,5.0,History,85.3,Pass
S0494,Male,C,71.7,5.0,CS,59.8,Pass
S0495,Female,D,73.2,5.7,Maths,78.4,Pass
S0495,Female,D,73.2,5.7,Science,69.0,Pass
S0495,Female,D,73.2,5.7,English,67.9,Pass
S0495,Female,D,73.2,5.7,History,81.1,Pass
S0495,Female,D,73.2,5.7,CS,73.0,Pass
S0496,Female,C,87.0,3.5,Maths,65.9,Pass
S0496,Female,C,87.0,3.5,Science,91.3,Pass
S0496,Female,C,87.0,3.5,English,87.3,Pass
S0496,Female,C,87.0,3.5,History,58.8,Pass
S0496,Female,C,87.0,3.5,CS,63.4,Pass
S0497,Male,A,48.2,5.8,Maths,77.0,Pass
S0497,Male,A,48.2,5.8,Science,68.2,Pass
S0497,Male,A,48.2,5.8,English,86.1,Pass
S0497,Male,A,48.2,5.8,History,77.2,Pass
S0497,Male,A,48.2,5.8,CS,74.1,Pass
S0498,Female,B,93.0,2.0,Maths,66.6,Pass
S0498,Female,B,93.0,2.0,Science,81.7,Pass
S0498,Female,B,93.0,2.0,English,64.1,Pass
S0498,Female,B,93.0,2.0,History,89.9,Pass
S0498,Female,B,93.0,2.0,CS,81.0,Pass
S0499,Male,A,93.7,1.9,Maths,68.7,Pass
S0499,Male,A,93.7,1.9,Science,85.0,Pass
S0499,Male,A,93.7,1.9,English,99.3,Pass
S0499,Male,A,93.7,1.9,History,74.8,Pass
S0499,Male,A,93.7,1.9,CS,82.4,Pass
S0500,Male,B,97.5,2.2,Maths,74.3,Pass
S0500,Male,B,97.5,2.2,Science,79.5,Pass
S0500,Male,B,97.5,2.2,English,63.5,Pass
S0500,Male,B,97.5,2.2,History,78.6,Pass
S0500,Male,B,97.5,2.2,CS,79.0,Pass
S0501,Female,A,91.0,4.0,Maths,98.3,Pass
S0501,Female,A,91.0,4.0,Science,62.4,Pass
S0501,Female,A,91.0,4.0,English,77.5,Pass
S0501,Female,A,91.0,4.0,History,93.2,Pass
S0501,Female,A,91.0,4.0,CS,77.9,Pass
S0502,Female,C,88.0,5.8,Maths,81.3,Pass
S0502,Female,C,88.0,5.8,Science,74.7,Pass
S0502,Female,C,88.0,5.8,English,73.7,Pass
S0502,Female,C,88.0,5.8,History,64.7,Pass
S0502,Female,C,88.0,5.8,CS,76.7,Pass
S0503,Female,B,83.3,3.1,Maths,66.3,Pass
S0503,Female,B,83.3,3.1,Science,77.4,Pass
S0503,Female,B,83.3,3.1,English,68.3,Pass
S0503,Female,B,83.3,3.1,History,71.4,Pass
S0503,Female,B,83.3,3.1,CS,71.7,Pass
S0504,Male,A,64.4,3.3,Maths,70.4,Pass
S0504,Male,A,64.4,3.3,Science,65.6,Pass
S0504,Male,A,64.4,3.3,English,60.3,Pass
S0504,Male,A,64.4,3.3,History,71.7,Pass
S0504,Male,A,64.4,3.3,CS,81.6,Pass
S0505,Female,A,71.9,3.7,Maths,75.2,Pass
S0505,Female,A,71.9,3.7,Science,67.8,Pass
S0505,Female,A,71.9,3.7,English,72.7,Pass
S0505,Female,A,71.9,3.7,History,53.4,Pass
S0505,Female,A,71.9,3.7,CS,72.5,Pass
S0506,Female,D,95.4,4.9,Maths,79.3,Pass
S0506,Female,D,95.4,4.9,Science,74.0,Pass
S0506,Female,D,95.4,4.9,English,75.8,Pass
S0506,Female,D,95.4,4.9,History,79.2,Pass
S0506,Female,D,95.4,4.9,CS,93.3,Pass
S0507,Male,D,89.1,3.3,Maths,89.2,Pass
S0507,Male,D,89.1,3.3,Science,69.0,Pass
S0507,Male,D,89.1,3.3,English,73.1,Pass
S0507,Male,D,89.1,3.3,History,73.4,Pass
S0507,Male,D,89.1,3.3,CS,86.4,Pass
S0508,Female,D,93.5,3.2,Maths,80.9,Pass
S0508,Female,D,93.5,3.2,Science,80.4,Pass
S0508,Female,D,93.5,3.2,English,84.8,Pass
S0508,Female,D,93.5,3.2,History,73.5,Pass
S0508,Female,D,93.5,3.2,CS,93.1,Pass
S0509,Male,A,84.2,2.0,Maths,74.2,Pass
S0509,Male,A,84.2,2.0,Science,65.7,Pass
S0509,Male,A,84.2,2.0,English,71.9,Pass
S0509,Male,A,84.2,2.0,History,86.5,Pass
S0509,Male,A,84.2,2.0,CS,70.0,Pass
S0510,Male,B,79.1,3.1,Maths,84.5,Pass
S0510,Male,B,79.1,3.1,Science,68.8,Pass
S0510,Male,B,79.1,3.1,English,67.4,Pass
S0510,Male,B,79.1,3.1,History,81.6,Pass
S0510,Male,B,79.1,3.1,CS,66.3,Pass
S0511,Male,D,86.6,5.8,Maths,90.7,Pass
S0511,Male,D,86.6,5.8,Science,86.0,Pass
S0511,Male,D,86.6,5.8,English,73.8,Pass
S0511,Male,D,86.6,5.8,History,81.8,Pass
S0511,Male,D,86.6,5.8,CS,77.0,Pass
S0512,Female,C,78.7,4.1,Maths,80.4,Pass
S0512,Female,C,78.7,4.1,Science,95.8,Pass
S0512,Female,C,78.7,4.1,English,73.2,Pass
S0512,Female,C,78.7,4.1,History,82.2,Pass
S0512,Female,C,78.7,4.1,CS,77.1,Pass
S0513,Male,A,79.4,2.9,Maths,74.8,Pass
S0513,Male,A,79.4,2.9,Science,72.9,Pass
S0513,Male,A,79.4,2.9,English,66.0,Pass
S0513,Male,A,79.4,2.9,History,77.9,Pass
S0513,Male,A,79.4,2.9,CS,71.7,Pass
S0514,Male,A,90.5,5.9,Maths,74.8,Pass
S0514,Male,A,90.5,5.9,Science,94.0,Pass
S0514,Male,A,90.5,5.9,English,84.8,Pass
S0514,Male,A,90.5,5.9,History,81.6,Pass
S0514,Male,A,90.5,5.9,CS,97.3,Pass
S0515,Male,B,41.0,3.1,Maths,45.2,Pass
S0515,Male,B,41.0,3.1,Science,76.3,Pass
S0515,Male,B,41.0,3.1,English,54.7,Pass
S0515,Male,B,41.0,3.1,History,65.7,Pass
S0515,Male,B,41.0,3.1,CS,57.7,Pass
S0516,Male,D,86.8,6.1,Maths,74.1,Pass
S0516,Male,D,86.8,6.1,Science,96.4,Pass
S0516,Male,D,86.8,6.1,English,100.0,Pass
S0516,Male,D,86.8,6.1,History,81.1,Pass
S0516,Male,D,86.8,6.1,CS,86.7,Pass
S0517,Male,A,85.9,6.1,Maths,83.6,Pass
S0517,Male,A,85.9,6.1,Science,100.0,Pass
S0517,Male,A,85.9,6.1,English,61.9,Pass
S0517,Male,A,85.9,6.1,History,86.8,Pass
S0517,Male,A,85.9,6.1,CS,75.7,Pass
S0518,Female,D,95.2,4.1,Maths,58.2,Pass
S0518,Female,D,95.2,4.1,Science,78.1,Pass
S0518,Female,D,95.2,4.1,English,100.0,Pass
S0518,Female,D,95.2,4.1,History,75.2,Pass
S0518,Female,D,95.2,4.1,CS,89.6,Pass
S0519,Male,C,77.6,1.8,Maths,83.8,Pass
S0519,Male,C,77.6,1.8,Science,71.7,Pass
S0519,Male,C,77.6,1.8,English,73.0,Pass
S0519,Male,C,77.6,1.8,History,54.6,Pass
S0519,Male,C,77.6,1.8,CS,64.6,Pass
S0520,Female,D,87.8,7.4,Maths,95.3,Pass
S0520,Female,D,87.8,7.4,Science,86.8,Pass
S0520,Female,D,87.8,7.4,English,89.9,Pass
S0520,Female,D,87.8,7.4,History,87.6,Pass
S0520,Female,D,87.8,7.4,CS,100.0,Pass
S0521,Female,D,79.0,4.6,Maths,73.6,Pass
S0521,Female,D,79.0,4.6,Science,93.9,Pass
S0521,Female,D,79.0,4.6,English,79.2,Pass
S0521,Female,D,79.0,4.6,History,94.8,Pass
S0521,Female,D,79.0,4.6,CS,65.6,Pass
S0522,Male,B,86.2,3.5,Maths,79.7,Pass
S0522,Male,B,86.2,3.5,Science,74.0,Pass
S0522,Male,B,86.2,3.5,English,79.3,Pass
S0522,Male,B,86.2,3.5,History,90.1,Pass
S0522,Male,B,86.2,3.5,CS,81.7,Pass
S0523,Male,D,84.5,5.4,Maths,93.4,Pass
S0523,Male,D,84.5,5.4,Science,74.5,Pass
S0523,Male,D,84.5,5.4,English,73.0,Pass
S0523,Male,D,84.5,5.4,History,81.4,Pass
S0523,Male,D,84.5,5.4,CS,80.8,Pass
S0524,Female,A,72.6,5.1,Maths,75.0,Pass
S0524,Female,A,72.6,5.1,Science,67.3,Pass
S0524,Female,A,72.6,5.1,English,88.9,Pass
S0524,Female,A,72.6,5.1,History,73.3,Pass
S0524,Female,A,72.6,5.1,CS,91.1,Pass
S0525,Male,B,55.1,6.0,Maths,73.6,Pass
S0525,Male,B,55.1,6.0,Science,79.9,Pass
S0525,Male,B,55.1,6.0,English,79.0,Pass
S0525,Male,B,55.1,6.0,History,65.2,Pass
S0525,Male,B,55.1,6.0,CS,77.1,Pass
S0526,Male,A,86.2,3.0,Maths,96.1,Pass
S0526,Male,A,86.2,3.0,Science,79.4,Pass
S0526,Male,A,86.2,3.0,English,85.9,Pass
S0526,Male,A,86.2,3.0,History,83.8,Pass
S0526,Male,A,86.2,3.0,CS,79.9,Pass
S0527,Female,A,76.8,4.5,Maths,78.9,Pass
S0527,Female,A,76.8,4.5,Science,82.5,Pass
S0527,Female,A,76.8,4.5,English,84.6,Pass
S0527,Female,A,76.8,4.5,History,63.5,Pass
S0527,Female,A,76.8,4.5,CS,79.5,Pass
S0528,Female,A,78.1,2.2,Maths,71.0,Pass
S0528,Female,A,78.1,2.2,Science,69.0,Pass
S0528,Female,A,78.1,2.2,English,85.8,Pass
S0528,Female,A,78.1,2.2,History,65.5,Pass
S0528,Female,A,78.1,2.2,CS,58.9,Pass
S0529,Female,A,80.6,5.0,Maths,87.1,Pass
S0529,Female,A,80.6,5.0,Science,65.0,Pass
S0529,Female,A,80.6,5.0,English,59.9,Pass
S0529,Female,A,80.6,5.0,History,88.3,Pass
S0529,Female,A,80.6,5.0,CS,80.8,Pass
S0530,Male,A,92.1,4.0,Maths,85.3,Pass
S0530,Male,A,92.1,4.0,Science,76.1,Pass
S0530,Male,A,92.1,4.0,English,66.7,Pass
S0530,Male,A,92.1,4.0,History,68.7,Pass
S0530,Male,A,92.1,4.0,CS,77.8,Pass
S0531,Female,B,92.8,4.4,Maths,69.0,Pass
S0531,Female,B,92.8,4.4,Science,84.8,Pass
S0531,Female,B,92.8,4.4,English,77.1,Pass
S0531,Female,B,92.8,4.4,History,83.5,Pass
S0531,Female,B,92.8,4.4,CS,83.2,Pass
S0532,Female,A,57.1,3.8,Maths,73.5,Pass
S0532,Female,A,57.1,3.8,Science,74.7,Pass
S0532,Female,A,57.1,3.8,English,66.2,Pass
S0532,Female,A,57.1,3.8,History,71.5,Pass
S0532,Female,A,57.1,3.8,CS,72.0,Pass
S0533,Male,A,60.7,3.6,Maths,46.2,Pass
S0533,Male,A,60.7,3.6,Science,76.9,Pass
S0533,Male,A,60.7,3.6,English,72.0,Pass
S0533,Male,A,60.7,3.6,History,76.1,Pass
S0533,Male,A,60.7,3.6,CS,57.6,Pass
S0534,Female,D,81.9,2.7,Maths,71.8,Pass
S0534,Female,D,81.9,2.7,Science,64.1,Pass
S0534,Female,D,81.9,2.7,English,82.4,Pass
S0534,Female,D,81.9,2.7,History,60.9,Pass
S0534,Female,D,81.9,2.7,CS,65.7,Pass
S0535,Male,A,80.6,5.2,Maths,84.9,Pass
S0535,Male,A,80.6,5.2,Science,73.2,Pass
S0535,Male,A,80.6,5.2,English,70.3,Pass
S0535,Male,A,80.6,5.2,History,88.6,Pass
S0535,Male,A,80.6,5.2,CS,89.0,Pass
S0536,Male,A,63.0,6.2,Maths,83.6,Pass
S0536,Male,A,63.0,6.2,Science,84.9,Pass
S0536,Male,A,63.0,6.2,English,74.1,Pass
S0536,Male,A,63.0,6.2,History,74.3,Pass
S0536,Male,A,63.0,6.2,CS,69.9,Pass
S0537,Female,A,87.5,3.2,Maths,79.3,Pass
S0537,Female,A,87.5,3.2,Science,72.3,Pass
S0537,Female,A,87.5,3.2,English,73.3,Pass
S0537,Female,A,87.5,3.2,History,83.6,Pass
S0537,Female,A,87.5,3.2,CS,89.4,Pass
S0538,Male,A,84.5,4.8,Maths,84.0,Pass
S0538,Male,A,84.5,4.8,Science,98.0,Pass
S0538,Male,A,84.5,4.8,English,73.0,Pass
S0538,Male,A,84.5,4.8,History,61.6,Pass
S0538,Male,A,84.5,4.8,CS,87.2,Pass
S0539,Male,C,91.3,4.6,Maths,74.0,Pass
S0539,Male,C,91.3,4.6,Science,78.9,Pass
S0539,Male,C,91.3,4.6,English,64.0,Pass
S0539,Male,C,91.3,4.6,History,72.7,Pass
S0539,Male,C,91.3,4.6,CS,66.7,Pass
S0540,Female,D,88.7,4.0,Maths,75.3,Pass
S0540,Female,D,88.7,4.0,Science,75.7,Pass
S0540,Female,D,88.7,4.0,English,80.5,Pass
S0540,Female,D,88.7,4.0,History,92.0,Pass
S0540,Female,D,88.7,4.0,CS,86.4,Pass
S0541,Female,C,86.1,1.7,Maths,58.0,Pass
S0541,Female,C,86.1,1.7,Science,80.3,Pass
S0541,Female,C,86.1,1.7,English,75.4,Pass
S0541,Female,C,86.1,1.7,History,73.3,Pass
S0541,Female,C,86.1,1.7,CS,74.0,Pass
S0542,Female,C,51.6,2.0,Maths,66.6,Pass
S0542,Female,C,51.6,2.0,Science,57.6,Pass
S0542,Female,C,51.6,2.0,English,62.7,Pass
S0542,Female,C,51.6,2.0,History,76.4,Pass
S0542,Female,C,51.6,2.0,CS,57.5,Pass
S0543,Female,A,94.6,2.8,Maths,68.8,Pass
S0543,Female,A,94.6,2.8,Science,78.4,Pass
S0543,Female,A,94.6,2.8,English,67.7,Pass
S0543,Female,A,94.6,2.8,History,61.8,Pass
S0543,Female,A,94.6,2.8,CS,75.6,Pass
S0544,Female,D,57.4,0.8,Maths,78.3,Pass
S0544,Female,D,57.4,0.8,Science,63.4,Pass
S0544,Female,D,57.4,0.8,English,65.6,Pass
S0544,Female,D,57.4,0.8,History,42.5,Pass
S0544,Female,D,57.4,0.8,CS,68.2,Pass
S0545,Male,A,75.5,6.1,Maths,80.8,Pass
S0545,Male,A,75.5,6.1,Science,73.2,Pass
S0545,Male,A,75.5,6.1,English,81.7,Pass
S0545,Male,A,75.5,6.1,History,81.6,Pass
S0545,Male,A,75.5,6.1,CS,69.3,Pass
S0546,Male,C,84.7,4.6,Maths,82.8,Pass
S0546,Male,C,84.7,4.6,Science,91.5,Pass
S0546,Male,C,84.7,4.6,English,77.2,Pass
S0546,Male,C,84.7,4.6,History,70.8,Pass
S0546,Male,C,84.7,4.6,CS,77.7,Pass
S0547,Male,B,86.8,4.0,Maths,87.5,Pass
S0547,Male,B,86.8,4.0,Science,66.7,Pass
S0547,Male,B,86.8,4.0,English,84.7,Pass
S0547,Male,B,86.8,4.0,History,72.2,Pass
S0547,Male,B,86.8,4.0,CS,81.4,Pass
S0548,Male,D,63.2,0.7,Maths,59.7,Pass
S0548,Male,D,63.2,0.7,Science,59.7,Pass
S0548,Male,D,63.2,0.7,English,80.6,Pass
S0548,Male,D,63.2,0.7,History,51.3,Pass
S0548,Male,D,63.2,0.7,CS,70.2,Pass
S0549,Female,B,88.2,1.3,Maths,91.3,Pass
S0549,Female,B,88.2,1.3,Science,80.8,Pass
S0549,Female,B,88.2,1.3,English,60.7,Pass
S0549,Female,B,88.2,1.3,History,61.2,Pass
S0549,Female,B,88.2,1.3,CS,66.5,Pass
S0550,Male,C,91.1,4.0,Maths,81.9,Pass
S0550,Male,C,91.1,4.0,Science,82.6,Pass
S0550,Male,C,91.1,4.0,English,67.6,Pass
S0550,Male,C,91.1,4.0,History,71.6,Pass
S0550,Male,C,91.1,4.0,CS,72.2,Pass
S0551,Male,B,87.6,7.0,Maths,83.4,Pass
S0551,Male,B,87.6,7.0,Science,100.0,Pass
S0551,Male,B,87.6,7.0,English,75.8,Pass
S0551,Male,B,87.6,7.0,History,75.4,Pass
S0551,Male,B,87.6,7.0,CS,73.8,Pass
S0552,Male,C,85.8,3.0,Maths,83.0,Pass
S0552,Male,C,85.8,3.0,Science,76.2,Pass
S0552,Male,C,85.8,3.0,English,67.7,Pass
S0552,Male,C,85.8,3.0,History,73.0,Pass
S0552,Male,C,85.8,3.0,CS,68.7,Pass
S0553,Male,D,60.4,5.3,Maths,76.7,Pass
S0553,Male,D,60.4,5.3,Science,100.0,Pass
S0553,Male,D,60.4,5.3,English,79.2,Pass
S0553,Male,D,60.4,5.3,History,72.8,Pass
S0553,Male,D,60.4,5.3,CS,67.1,Pass
S0554,Female,C,85.7,3.3,Maths,63.8,Pass
S0554,Female,C,85.7,3.3,Science,84.6,Pass
S0554,Female,C,85.7,3.3,English,84.1,Pass
S0554,Female,C,85.7,3.3,History,72.6,Pass
S0554,Female,C,85.7,3.3,CS,89.4,Pass
S0555,Male,B,82.6,4.1,Maths,78.2,Pass
S0555,Male,B,82.6,4.1,Science,85.7,Pass
S0555,Male,B,82.6,4.1,English,80.9,Pass
S0555,Male,B,82.6,4.1,History,76.2,Pass
S0555,Male,B,82.6,4.1,CS,68.4,Pass
S0556,Male,B,96.0,5.8,Maths,84.0,Pass
S0556,Male,B,96.0,5.8,Science,93.9,Pass
S0556,Male,B,96.0,5.8,English,80.4,Pass
S0556,Male,B,96.0,5.8,History,89.8,Pass
S0556,Male,B,96.0,5.8,CS,74.6,Pass
S0557,Male,C,69.9,3.5,Maths,80.7,Pass
S0557,Male,C,69.9,3.5,Science,76.0,Pass
S0557,Male,C,69.9,3.5,English,60.9,Pass
S0557,Male,C,69.9,3.5,History,70.7,Pass
S0557,Male,C,69.9,3.5,CS,82.2,Pass
S0558,Male,B,79.5,3.0,Maths,62.2,Pass
S0558,Male,B,79.5,3.0,Science,64.1,Pass
S0558,Male,B,79.5,3.0,English,74.1,Pass
S0558,Male,B,79.5,3.0,History,96.1,Pass
S0558,Male,B,79.5,3.0,CS,68.0,Pass
S0559,Female,A,81.0,6.1,Maths,86.5,Pass
S0559,Female,A,81.0,6.1,Science,84.1,Pass
S0559,Female,A,81.0,6.1,English,75.6,Pass
S0559,Female,A,81.0,6.1,History,83.2,Pass
S0559,Female,A,81.0,6.1,CS,77.1,Pass
S0560,Male,B,75.5,4.1,Maths,72.2,Pass
S0560,Male,B,75.5,4.1,Science,59.2,Pass
S0560,Male,B,75.5,4.1,English,75.5,Pass
S0560,Male,B,75.5,4.1,History,84.8,Pass
S0560,Male,B,75.5,4.1,CS,76.3,Pass
S0561,Male,A,96.9,5.6,Maths,96.2,Pass
S0561,Male,A,96.9,5.6,Science,91.1,Pass
S0561,Male,A,96.9,5.6,English,84.7,Pass
S0561,Male,A,96.9,5.6,History,79.1,Pass
S0561,Male,A,96.9,5.6,CS,80.5,Pass
S0562,Male,A,87.4,3.0,Maths,62.5,Pass
S0562,Male,A,87.4,3.0,Science,74.5,Pass
S0562,Male,A,87.4,3.0,English,78.6,Pass
S0562,Male,A,87.4,3.0,History,94.3,Pass
S0562,Male,A,87.4,3.0,CS,82.5,Pass
S0563,Female,B,80.0,6.1,Maths,72.6,Pass
S0563,Female,B,80.0,6.1,Science,66.8,Pass
S0563,Female,B,80.0,6.1,English,79.2,Pass
S0563,Female,B,80.0,6.1,History,89.3,Pass
S0563,Female,B,80.0,6.1,CS,79.0,Pass
S0564,Female,D,72.9,4.4,Maths,81.1,Pass
S0564,Female,D,72.9,4.4,Science,73.9,Pass
S0564,Female,D,72.9,4.4,English,82.9,Pass
S0564,Female,D,72.9,4.4,History,59.7,Pass
S0564,Female,D,72.9,4.4,CS,91.7,Pass
S0565,Female,D,91.9,4.7,Maths,70.8,Pass
S0565,Female,D,91.9,4.7,Science,89.8,Pass
S0565,Female,D,91.9,4.7,English,79.2,Pass
S0565,Female,D,91.9,4.7,History,80.7,Pass
S0565,Female,D,91.9,4.7,CS,79.5,Pass
S0566,Female,B,81.9,4.2,Maths,80.5,Pass
S0566,Female,B,81.9,4.2,Science,82.5,Pass
S0566,Female,B,81.9,4.2,English,88.5,Pass
S0566,Female,B,81.9,4.2,History,92.0,Pass
S0566,Female,B,81.9,4.2,CS,81.3,Pass
S0567,Female,B,67.8,3.2,Maths,89.0,Pass
S0567,Female,B,67.8,3.2,Science,72.8,Pass
S0567,Female,B,67.8,3.2,English,82.6,Pass
S0567,Female,B,67.8,3.2,History,76.1,Pass
S0567,Female,B,67.8,3.2,CS,66.3,Pass
S0568,Male,A,87.8,4.0,Maths,81.1,Pass
S0568,Male,A,87.8,4.0,Science,84.4,Pass
S0568,Male,A,87.8,4.0,English,79.0,Pass
S0568,Male,A,87.8,4.0,History,83.5,Pass
S0568,Male,A,87.8,4.0,CS,88.0,Pass
S0569,Male,D,61.4,3.3,Maths,69.8,Pass
S0569,Male,D,61.4,3.3,Science,40.6,Pass
S0569,Male,D,61.4,3.3,English,86.9,Pass
S0569,Male,D,61.4,3.3,History,67.1,Pass
S0569,Male,D,61.4,3.3,CS,61.8,Pass
S0570,Female,A,88.2,5.4,Maths,71.1,Pass
S0570,Female,A,88.2,5.4,Science,79.0,Pass
S0570,Female,A,88.2,5.4,English,76.7,Pass
S0570,Female,A,88.2,5.4,History,75.0,Pass
S0570,Female,A,88.2,5.4,CS,75.5,Pass
S0571,Male,D,82.7,3.7,Maths,82.5,Pass
S0571,Male,D,82.7,3.7,Science,97.5,Pass
S0571,Male,D,82.7,3.7,English,85.4,Pass
S0571,Male,D,82.7,3.7,History,88.4,Pass
S0571,Male,D,82.7,3.7,CS,73.4,Pass
S0572,Female,D,88.3,1.8,Maths,76.0,Pass
S0572,Female,D,88.3,1.8,Science,79.3,Pass
S0572,Female,D,88.3,1.8,English,68.4,Pass
S0572,Female,D,88.3,1.8,History,70.7,Pass
S0572,Female,D,88.3,1.8,CS,83.5,Pass
S0573,Male,C,77.0,1.5,Maths,82.0,Pass
S0573,Male,C,77.0,1.5,Science,71.7,Pass
S0573,Male,C,77.0,1.5,English,59.1,Pass
S0573,Male,C,77.0,1.5,History,68.1,Pass
S0573,Male,C,77.0,1.5,CS,56.6,Pass
S0574,Female,B,86.7,1.4,Maths,74.6,Pass
S0574,Female,B,86.7,1.4,Science,76.4,Pass
S0574,Female,B,86.7,1.4,English,71.1,Pass
S0574,Female,B,86.7,1.4,History,76.3,Pass
S0574,Female,B,86.7,1.4,CS,78.0,Pass
S0575,Female,D,96.2,4.9,Maths,86.3,Pass
S0575,Female,D,96.2,4.9,Science,71.7,Pass
S0575,Female,D,96.2,4.9,English,81.2,Pass
S0575,Female,D,96.2,4.9,History,87.8,Pass
S0575,Female,D,96.2,4.9,CS,99.5,Pass
S0576,Male,C,60.9,2.3,Maths,65.1,Pass
S0576,Male,C,60.9,2.3,Science,73.3,Pass
S0576,Male,C,60.9,2.3,English,76.6,Pass
S0576,Male,C,60.9,2.3,History,65.9,Pass
S0576,Male,C,60.9,2.3,CS,79.3,Pass
S0577,Female,C,65.5,4.5,Maths,85.6,Pass
S0577,Female,C,65.5,4.5,Science,87.4,Pass
S0577,Female,C,65.5,4.5,English,78.1,Pass
S0577,Female,C,65.5,4.5,History,97.2,Pass
S0577,Female,C,65.5,4.5,CS,67.4,Pass
S0578,Female,D,63.0,4.2,Maths,93.6,Pass
S0578,Female,D,63.0,4.2,Science,80.0,Pass
S0578,Female,D,63.0,4.2,English,85.7,Pass
S0578,Female,D,63.0,4.2,History,69.1,Pass
S0578,Female,D,63.0,4.2,CS,80.8,Pass
S0579,Female,D,87.7,3.9,Maths,93.4,Pass
S0579,Female,D,87.7,3.9,Science,68.2,Pass
S0579,Female,D,87.7,3.9,English,77.5,Pass
S0579,Female,D,87.7,3.9,History,57.7,Pass
S0579,Female,D,87.7,3.9,CS,77.3,Pass
S0580,Male,A,86.5,4.7,Maths,72.1,Pass
S0580,Male,A,86.5,4.7,Science,78.1,Pass
S0580,Male,A,86.5,4.7,English,100.0,Pass
S0580,Male,A,86.5,4.7,History,97.5,Pass
S0580,Male,A,86.5,4.7,CS,65.9,Pass
S0581,Male,D,51.7,4.2,Maths,74.6,Pass
S0581,Male,D,51.7,4.2,Science,77.0,Pass
S0581,Male,D,51.7,4.2,English,65.6,Pass
S0581,Male,D,51.7,4.2,History,70.8,Pass
S0581,Male,D,51.7,4.2,CS,71.8,Pass
S0582,Female,D,81.0,0.5,Maths,56.8,Pass
S0582,Female,D,81.0,0.5,Science,60.0,Pass
S0582,Female,D,81.0,0.5,English,72.0,Pass
S0582,Female,D,81.0,0.5,History,71.3,Pass
S0582,Female,D,81.0,0.5,CS,63.2,Pass
S0583,Male,A,67.8,3.5,Maths,64.4,Pass
S0583,Male,A,67.8,3.5,Science,71.5,Pass
S0583,Male,A,67.8,3.5,English,81.2,Pass
S0583,Male,A,67.8,3.5,History,71.6,Pass
S0583,Male,A,67.8,3.5,CS,88.6,Pass
S0584,Male,B,84.3,4.6,Maths,72.6,Pass
S0584,Male,B,84.3,4.6,Science,81.5,Pass
S0584,Male,B,84.3,4.6,English,76.0,Pass
S0584,Male,B,84.3,4.6,History,85.4,Pass
S0584,Male,B,84.3,4.6,CS,71.7,Pass
S0585,Female,D,61.5,6.5,Maths,95.7,Pass
S0585,Female,D,61.5,6.5,Science,59.5,Pass
S0585,Female,D,61.5,6.5,English,93.5,Pass
S0585,Female,D,61.5,6.5,History,77.3,Pass
S0585,Female,D,61.5,6.5,CS,81.9,Pass
S0586,Female,A,73.3,6.5,Maths,93.4,Pass
S0586,Female,A,73.3,6.5,Science,88.6,Pass
S0586,Female,A,73.3,6.5,English,72.7,Pass
S0586,Female,A,73.3,6.5,History,86.0,Pass
S0586,Female,A,73.3,6.5,CS,98.7,Pass
S0587,Male,B,91.3,2.0,Maths,67.4,Pass
S0587,Male,B,91.3,2.0,Science,97.5,Pass
S0587,Male,B,91.3,2.0,English,80.2,Pass
S0587,Male,B,91.3,2.0,History,72.0,Pass
S0587,Male,B,91.3,2.0,CS,67.4,Pass
S0588,Male,C,83.7,3.5,Maths,74.8,Pass
S0588,Male,C,83.7,3.5,Science,57.5,Pass
S0588,Male,C,83.7,3.5,English,72.9,Pass
S0588,Male,C,83.7,3.5,History,74.4,Pass
S0588,Male,C,83.7,3.5,CS,66.3,Pass
S0589,Male,C,68.0,1.7,Maths,76.2,Pass
S0589,Male,C,68.0,1.7,Science,66.5,Pass
S0589,Male,C,68.0,1.7,English,62.3,Pass
S0589,Male,C,68.0,1.7,History,65.4,Pass
S0589,Male,C,68.0,1.7,CS,72.2,Pass
S0590,Male,D,49.3,6.3,Maths,73.1,Pass
S0590,Male,D,49.3,6.3,Science,65.3,Pass
S0590,Male,D,49.3,6.3,English,73.6,Pass
S0590,Male,D,49.3,6.3,History,71.8,Pass
S0590,Male,D,49.3,6.3,CS,61.0,Pass
S0591,Female,A,72.4,5.5,Maths,74.9,Pass
S0591,Female,A,72.4,5.5,Science,83.6,Pass
S0591,Female,A,72.4,5.5,English,83.5,Pass
S0591,Female,A,72.4,5.5,History,75.5,Pass
S0591,Female,A,72.4,5.5,CS,84.5,Pass
S0592,Male,B,80.0,4.5,Maths,68.3,Pass
S0592,Male,B,80.0,4.5,Science,68.6,Pass
S0592,Male,B,80.0,4.5,English,75.6,Pass
S0592,Male,B,80.0,4.5,History,93.0,Pass
S0592,Male,B,80.0,4.5,CS,79.7,Pass
S0593,Male,D,99.8,4.2,Maths,80.7,Pass
S0593,Male,D,99.8,4.2,Science,98.9,Pass
S0593,Male,D,99.8,4.2,English,80.6,Pass
S0593,Male,D,99.8,4.2,History,100.0,Pass
S0593,Male,D,99.8,4.2,CS,78.3,Pass
S0594,Female,C,91.8,6.1,Maths,74.6,Pass
S0594,Female,C,91.8,6.1,Science,83.0,Pass
S0594,Female,C,91.8,6.1,English,82.2,Pass
S0594,Female,C,91.8,6.1,History,76.6,Pass
S0594,Female,C,91.8,6.1,CS,100.0,Pass
S0595,Male,A,75.3,5.8,Maths,82.4,Pass
S0595,Male,A,75.3,5.8,Science,83.9,Pass
S0595,Male,A,75.3,5.8,English,74.6,Pass
S0595,Male,A,75.3,5.8,History,73.4,Pass
S0595,Male,A,75.3,5.8,CS,89.5,Pass
S0596,Male,B,92.8,5.7,Maths,67.6,Pass
S0596,Male,B,92.8,5.7,Science,72.9,Pass
S0596,Male,B,92.8,5.7,English,81.8,Pass
S0596,Male,B,92.8,5.7,History,97.8,Pass
S0596,Male,B,92.8,5.7,CS,80.6,Pass
S0597,Female,B,81.5,4.7,Maths,83.0,Pass
S0597,Female,B,81.5,4.7,Science,79.1,Pass
S0597,Female,B,81.5,4.7,English,91.8,Pass
S0597,Female,B,81.5,4.7,History,63.0,Pass
S0597,Female,B,81.5,4.7,CS,86.2,Pass
S0598,Female,C,84.3,3.5,Maths,75.3,Pass
S0598,Female,C,84.3,3.5,Science,86.5,Pass
S0598,Female,C,84.3,3.5,English,69.1,Pass
S0598,Female,C,84.3,3.5,History,77.5,Pass
S0598,Female,C,84.3,3.5,CS,76.2,Pass
S0599,Female,B,96.5,5.2,Maths,74.2,Pass
S0599,Female,B,96.5,5.2,Science,71.4,Pass
S0599,Female,B,96.5,5.2,English,78.4,Pass
S0599,Female,B,96.5,5.2,History,85.6,Pass
S0599,Female,B,96.5,5.2,CS,76.7,Pass
S0600,Female,C,57.6,5.2,Maths,69.4,Pass
S0600,Female,C,57.6,5.2,Science,53.9,Pass
S0600,Female,C,57.6,5.2,English,69.0,Pass
S0600,Female,C,57.6,5.2,History,83.0,Pass
S0600,Female,C,57.6,5.2,CS,79.8,Pass
S0601,Male,B,73.1,3.7,Maths,73.5,Pass
S0601,Male,B,73.1,3.7,Science,76.8,Pass
S0601,Male,B,73.1,3.7,English,66.1,Pass
S0601,Male,B,73.1,3.7,History,90.6,Pass
S0601,Male,B,73.1,3.7,CS,95.0,Pass
S0602,Female,C,81.1,3.5,Maths,77.9,Pass
S0602,Female,C,81.1,3.5,Science,100.0,Pass
S0602,Female,C,81.1,3.5,English,69.5,Pass
S0602,Female,C,81.1,3.5,History,63.8,Pass
S0602,Female,C,81.1,3.5,CS,69.2,Pass
S0603,Female,A,88.2,5.7,Maths,80.7,Pass
S0603,Female,A,88.2,5.7,Science,100.0,Pass
S0603,Female,A,88.2,5.7,English,80.0,Pass
S0603,Female,A,88.2,5.7,History,74.3,Pass
S0603,Female,A,88.2,5.7,CS,73.9,Pass
S0604,Female,C,81.0,6.5,Maths,93.7,Pass
S0604,Female,C,81.0,6.5,Science,92.3,Pass
S0604,Female,C,81.0,6.5,English,77.4,Pass
S0604,Female,C,81.0,6.5,History,63.5,Pass
S0604,Female,C,81.0,6.5,CS,71.0,Pass
S0605,Female,D,90.1,2.9,Maths,95.0,Pass
S0605,Female,D,90.1,2.9,Science,84.7,Pass
S0605,Female,D,90.1,2.9,English,78.4,Pass
S0605,Female,D,90.1,2.9,History,96.5,Pass
S0605,Female,D,90.1,2.9,CS,97.4,Pass
S0606,Female,A,93.3,3.6,Maths,79.8,Pass
S0606,Female,A,93.3,3.6,Science,80.0,Pass
S0606,Female,A,93.3,3.6,English,74.4,Pass
S0606,Female,A,93.3,3.6,History,77.4,Pass
S0606,Female,A,93.3,3.6,CS,65.3,Pass
S0607,Female,B,94.6,4.5,Maths,67.5,Pass
S0607,Female,B,94.6,4.5,Science,65.2,Pass
S0607,Female,B,94.6,4.5,English,93.3,Pass
S0607,Female,B,94.6,4.5,History,66.8,Pass
S0607,Female,B,94.6,4.5,CS,100.0,Pass
S0608,Male,C,83.7,4.7,Maths,72.3,Pass
S0608,Male,C,83.7,4.7,Science,97.0,Pass
S0608,Male,C,83.7,4.7,English,75.9,Pass
S0608,Male,C,83.7,4.7,History,63.9,Pass
S0608,Male,C,83.7,4.7,CS,92.4,Pass
S0609,Female,C,80.4,3.2,Maths,89.6,Pass
S0609,Female,C,80.4,3.2,Science,66.5,Pass
S0609,Female,C,80.4,3.2,English,72.2,Pass
S0609,Female,C,80.4,3.2,History,66.5,Pass
S0609,Female,C,80.4,3.2,CS,74.3,Pass
S0610,Male,C,93.1,6.8,Maths,87.7,Pass
S0610,Male,C,93.1,6.8,Science,83.1,Pass
S0610,Male,C,93.1,6.8,English,68.4,Pass
S0610,Male,C,93.1,6.8,History,80.8,Pass
S0610,Male,C,93.1,6.8,CS,93.6,Pass
S0611,Female,C,85.8,4.6,Maths,77.9,Pass
S0611,Female,C,85.8,4.6,Science,76.7,Pass
S0611,Female,C,85.8,4.6,English,70.7,Pass
S0611,Female,C,85.8,4.6,History,73.9,Pass
S0611,Female,C,85.8,4.6,CS,94.1,Pass
S0612,Female,C,86.1,4.8,Maths,69.0,Pass
S0612,Female,C,86.1,4.8,Science,87.6,Pass
S0612,Female,C,86.1,4.8,English,80.9,Pass
S0612,Female,C,86.1,4.8,History,82.9,Pass
S0612,Female,C,86.1,4.8,CS,73.1,Pass
S0613,Female,C,84.0,6.6,Maths,80.0,Pass
S0613,Female,C,84.0,6.6,Science,83.4,Pass
S0613,Female,C,84.0,6.6,English,78.3,Pass
S0613,Female,C,84.0,6.6,History,86.8,Pass
S0613,Female,C,84.0,6.6,CS,88.1,Pass
S0614,Female,A,89.2,3.3,Maths,100.0,Pass
S0614,Female,A,89.2,3.3,Science,81.2,Pass
S0614,Female,A,89.2,3.3,English,59.3,Pass
S0614,Female,A,89.2,3.3,History,90.0,Pass
S0614,Female,A,89.2,3.3,CS,76.4,Pass
S0615,Male,D,78.0,3.9,Maths,96.2,Pass
S0615,Male,D,78.0,3.9,Science,90.8,Pass
S0615,Male,D,78.0,3.9,English,71.1,Pass
S0615,Male,D,78.0,3.9,History,83.3,Pass
S0615,Male,D,78.0,3.9,CS,70.2,Pass
S0616,Female,B,89.3,2.1,Maths,76.0,Pass
S0616,Female,B,89.3,2.1,Science,82.8,Pass
S0616,Female,B,89.3,2.1,English,87.1,Pass
S0616,Female,B,89.3,2.1,History,85.0,Pass
S0616,Female,B,89.3,2.1,CS,76.8,Pass
S0617,Female,A,78.6,3.7,Maths,100.0,Pass
S0617,Female,A,78.6,3.7,Science,72.4,Pass
S0617,Female,A,78.6,3.7,English,60.0,Pass
S0617,Female,A,78.6,3.7,History,61.9,Pass
S0617,Female,A,78.6,3.7,CS,90.8,Pass
S0618,Male,B,78.4,1.8,Maths,71.3,Pass
S0618,Male,B,78.4,1.8,Science,73.6,Pass
S0618,Male,B,78.4,1.8,English,66.6,Pass
S0618,Male,B,78.4,1.8,History,67.5,Pass
S0618,Male,B,78.4,1.8,CS,64.2,Pass
S0619,Male,B,61.9,5.1,Maths,78.5,Pass
S0619,Male,B,61.9,5.1,Science,72.8,Pass
S0619,Male,B,61.9,5.1,English,78.2,Pass
S0619,Male,B,61.9,5.1,History,77.2,Pass
S0619,Male,B,61.9,5.1,CS,69.6,Pass
S0620,Male,A,91.4,4.6,Maths,67.1,Pass
S0620,Male,A,91.4,4.6,Science,66.2,Pass
S0620,Male,A,91.4,4.6,English,100.0,Pass
S0620,Male,A,91.4,4.6,History,96.5,Pass
S0620,Male,A,91.4,4.6,CS,95.1,Pass
S0621,Female,D,72.0,3.6,Maths,67.0,Pass
S0621,Female,D,72.0,3.6,Science,73.9,Pass
S0621,Female,D,72.0,3.6,English,65.6,Pass
S0621,Female,D,72.0,3.6,History,60.6,Pass
S0621,Female,D,72.0,3.6,CS,67.9,Pass
S0622,Male,A,77.0,3.8,Maths,89.1,Pass
S0622,Male,A,77.0,3.8,Science,84.2,Pass
S0622,Male,A,77.0,3.8,English,66.1,Pass
S0622,Male,A,77.0,3.8,History,72.7,Pass
S0622,Male,A,77.0,3.8,CS,83.3,Pass
S0623,Female,B,48.8,5.1,Maths,64.2,Pass
S0623,Female,B,48.8,5.1,Science,70.7,Pass
S0623,Female,B,48.8,5.1,English,74.0,Pass
S0623,Female,B,48.8,5.1,History,73.8,Pass
S0623,Female,B,48.8,5.1,CS,72.5,Pass
S0624,Male,B,84.4,2.3,Maths,68.4,Pass
S0624,Male,B,84.4,2.3,Science,69.4,Pass
S0624,Male,B,84.4,2.3,English,63.6,Pass
S0624,Male,B,84.4,2.3,History,59.3,Pass
S0624,Male,B,84.4,2.3,CS,73.8,Pass
S0625,Female,D,73.1,4.3,Maths,83.7,Pass
S0625,Female,D,73.1,4.3,Science,61.7,Pass
S0625,Female,D,73.1,4.3,English,78.3,Pass
S0625,Female,D,73.1,4.3,History,83.4,Pass
S0625,Female,D,73.1,4.3,CS,57.2,Pass
S0626,Male,C,83.0,5.0,Maths,77.3,Pass
S0626,Male,C,83.0,5.0,Science,96.5,Pass
S0626,Male,C,83.0,5.0,English,85.5,Pass
S0626,Male,C,83.0,5.0,History,61.3,Pass
S0626,Male,C,83.0,5.0,CS,86.6,Pass
S0627,Female,D,69.6,1.3,Maths,61.1,Pass
S0627,Female,D,69.6,1.3,Science,75.5,Pass
S0627,Female,D,69.6,1.3,English,61.6,Pass
S0627,Female,D,69.6,1.3,History,68.0,Pass
S0627,Female,D,69.6,1.3,CS,63.2,Pass
S0628,Male,A,77.2,5.0,Maths,78.2,Pass
S0628,Male,A,77.2,5.0,Science,72.5,Pass
S0628,Male,A,77.2,5.0,English,76.0,Pass
S0628,Male,A,77.2,5.0,History,66.5,Pass
S0628,Male,A,77.2,5.0,CS,83.1,Pass
S0629,Female,D,51.8,1.5,Maths,65.3,Pass
S0629,Female,D,51.8,1.5,Science,47.3,Pass
S0629,Female,D,51.8,1.5,English,73.4,Pass
S0629,Female,D,51.8,1.5,History,61.8,Pass
S0629,Female,D,51.8,1.5,CS,65.1,Pass
S0630,Female,D,90.4,3.8,Maths,87.4,Pass
S0630,Female,D,90.4,3.8,Science,83.1,Pass
S0630,Female,D,90.4,3.8,English,91.4,Pass
S0630,Female,D,90.4,3.8,History,76.8,Pass
S0630,Female,D,90.4,3.8,CS,90.1,Pass
S0631,Female,B,68.8,2.3,Maths,71.4,Pass
S0631,Female,B,68.8,2.3,Science,75.2,Pass
S0631,Female,B,68.8,2.3,English,74.2,Pass
S0631,Female,B,68.8,2.3,History,82.6,Pass
S0631,Female,B,68.8,2.3,CS,77.4,Pass
S0632,Female,C,63.3,6.1,Maths,71.8,Pass
S0632,Female,C,63.3,6.1,Science,69.9,Pass
S0632,Female,C,63.3,6.1,English,75.8,Pass
S0632,Female,C,63.3,6.1,History,68.7,Pass
S0632,Female,C,63.3,6.1,CS,65.8,Pass
S0633,Male,A,99.5,2.3,Maths,58.1,Pass
S0633,Male,A,99.5,2.3,Science,63.9,Pass
S0633,Male,A,99.5,2.3,English,99.2,Pass
S0633,Male,A,99.5,2.3,History,72.8,Pass
S0633,Male,A,99.5,2.3,CS,98.4,Pass
S0634,Male,D,76.5,1.5,Maths,75.0,Pass
S0634,Male,D,76.5,1.5,Science,70.5,Pass
S0634,Male,D,76.5,1.5,English,56.0,Pass
S0634,Male,D,76.5,1.5,History,71.0,Pass
S0634,Male,D,76.5,1.5,CS,89.9,Pass
S0635,Male,D,73.4,4.2,Maths,91.0,Pass
S0635,Male,D,73.4,4.2,Science,78.2,Pass
S0635,Male,D,73.4,4.2,English,63.9,Pass
S0635,Male,D,73.4,4.2,History,65.9,Pass
S0635,Male,D,73.4,4.2,CS,66.9,Pass
S0636,Male,B,48.9,3.4,Maths,79.2,Pass
S0636,Male,B,48.9,3.4,Science,82.7,Pass
S0636,Male,B,48.9,3.4,English,68.4,Pass
S0636,Male,B,48.9,3.4,History,63.4,Pass
S0636,Male,B,48.9,3.4,CS,81.9,Pass
S0637,Female,C,87.1,1.7,Maths,64.8,Pass
S0637,Female,C,87.1,1.7,Science,75.1,Pass
S0637,Female,C,87.1,1.7,English,79.2,Pass
S0637,Female,C,87.1,1.7,History,66.0,Pass
S0637,Female,C,87.1,1.7,CS,68.3,Pass
S0638,Female,B,87.0,4.8,Maths,73.5,Pass
S0638,Female,B,87.0,4.8,Science,94.9,Pass
S0638,Female,B,87.0,4.8,English,99.8,Pass
S0638,Female,B,87.0,4.8,History,81.8,Pass
S0638,Female,B,87.0,4.8,CS,78.0,Pass
S0639,Female,A,81.7,1.0,Maths,65.5,Pass
S0639,Female,A,81.7,1.0,Science,71.5,Pass
S0639,Female,A,81.7,1.0,English,66.0,Pass
S0639,Female,A,81.7,1.0,History,70.6,Pass
S0639,Female,A,81.7,1.0,CS,75.7,Pass
S0640,Female,C,93.2,2.4,Maths,73.8,Pass
S0640,Female,C,93.2,2.4,Science,75.9,Pass
S0640,Female,C,93.2,2.4,English,76.0,Pass
S0640,Female,C,93.2,2.4,History,74.7,Pass
S0640,Female,C,93.2,2.4,CS,73.4,Pass
S0641,Female,C,79.2,3.1,Maths,82.7,Pass
S0641,Female,C,79.2,3.1,Science,57.3,Pass
S0641,Female,C,79.2,3.1,English,90.8,Pass
S0641,Female,C,79.2,3.1,History,76.4,Pass
S0641,Female,C,79.2,3.1,CS,81.1,Pass
S0642,Female,D,86.8,5.2,Maths,88.7,Pass
S0642,Female,D,86.8,5.2,Science,74.4,Pass
S0642,Female,D,86.8,5.2,English,72.3,Pass
S0642,Female,D,86.8,5.2,History,71.1,Pass
S0642,Female,D,86.8,5.2,CS,79.0,Pass
S0643,Male,D,69.9,5.9,Maths,84.8,Pass
S0643,Male,D,69.9,5.9,Science,72.0,Pass
S0643,Male,D,69.9,5.9,English,83.9,Pass
S0643,Male,D,69.9,5.9,History,54.2,Pass
S0643,Male,D,69.9,5.9,CS,74.0,Pass
S0644,Male,B,66.5,5.7,Maths,87.9,Pass
S0644,Male,B,66.5,5.7,Science,74.6,Pass
S0644,Male,B,66.5,5.7,English,68.0,Pass
S0644,Male,B,66.5,5.7,History,69.7,Pass
S0644,Male,B,66.5,5.7,CS,46.0,Pass
S0645,Female,D,92.0,3.8,Maths,70.0,Pass
S0645,Female,D,92.0,3.8,Science,90.7,Pass
S0645,Female,D,92.0,3.8,English,74.3,Pass
S0645,Female,D,92.0,3.8,History,75.5,Pass
S0645,Female,D,92.0,3.8,CS,56.8,Pass
S0646,Female,C,57.4,0.5,Maths,46.9,Pass
S0646,Female,C,57.4,0.5,Science,75.1,Pass
S0646,Female,C,57.4,0.5,English,69.4,Pass
S0646,Female,C,57.4,0.5,History,50.2,Pass
S0646,Female,C,57.4,0.5,CS,56.9,Pass
S0647,Male,C,75.4,4.6,Maths,76.5,Pass
S0647,Male,C,75.4,4.6,Science,64.8,Pass
S0647,Male,C,75.4,4.6,English,56.8,Pass
S0647,Male,C,75.4,4.6,History,75.2,Pass
S0647,Male,C,75.4,4.6,CS,82.5,Pass
S0648,Male,C,69.2,6.2,Maths,84.1,Pass
S0648,Male,C,69.2,6.2,Science,86.9,Pass
S0648,Male,C,69.2,6.2,English,62.6,Pass
S0648,Male,C,69.2,6.2,History,78.7,Pass
S0648,Male,C,69.2,6.2,CS,75.5,Pass
S0649,Female,D,83.1,5.9,Maths,80.8,Pass
S0649,Female,D,83.1,5.9,Science,79.5,Pass
S0649,Female,D,83.1,5.9,English,75.0,Pass
S0649,Female,D,83.1,5.9,History,51.5,Pass
S0649,Female,D,83.1,5.9,CS,93.3,Pass
S0650,Male,C,66.9,4.7,Maths,77.8,Pass
S0650,Male,C,66.9,4.7,Science,59.6,Pass
S0650,Male,C,66.9,4.7,English,79.2,Pass
S0650,Male,C,66.9,4.7,History,70.0,Pass
S0650,Male,C,66.9,4.7,CS,70.3,Pass
S0651,Male,A,84.3,2.2,Maths,67.0,Pass
S0651,Male,A,84.3,2.2,Science,80.1,Pass
S0651,Male,A,84.3,2.2,English,66.7,Pass
S0651,Male,A,84.3,2.2,History,63.7,Pass
S0651,Male,A,84.3,2.2,CS,86.0,Pass
S0652,Female,A,60.6,3.2,Maths,67.8,Pass
S0652,Female,A,60.6,3.2,Science,68.1,Pass
S0652,Female,A,60.6,3.2,English,76.5,Pass
S0652,Female,A,60.6,3.2,History,62.9,Pass
S0652,Female,A,60.6,3.2,CS,64.9,Pass
S0653,Female,B,71.4,6.9,Maths,83.3,Pass
S0653,Female,B,71.4,6.9,Science,64.8,Pass
S0653,Female,B,71.4,6.9,English,82.4,Pass
S0653,Female,B,71.4,6.9,History,72.7,Pass
S0653,Female,B,71.4,6.9,CS,88.8,Pass
S0654,Male,C,85.3,1.9,Maths,79.8,Pass
S0654,Male,C,85.3,1.9,Science,78.5,Pass
S0654,Male,C,85.3,1.9,English,58.3,Pass
S0654,Male,C,85.3,1.9,History,73.3,Pass
S0654,Male,C,85.3,1.9,CS,62.6,Pass
S0655,Female,C,92.7,2.3,Maths,77.0,Pass
S0655,Female,C,92.7,2.3,Science,54.2,Pass
S0655,Female,C,92.7,2.3,English,62.0,Pass
S0655,Female,C,92.7,2.3,History,89.3,Pass
S0655,Female,C,92.7,2.3,CS,81.1,Pass
S0656,Male,B,80.6,5.4,Maths,76.5,Pass
S0656,Male,B,80.6,5.4,Science,70.9,Pass
S0656,Male,B,80.6,5.4,English,69.2,Pass
S0656,Male,B,80.6,5.4,History,82.0,Pass
S0656,Male,B,80.6,5.4,CS,76.6,Pass
S0657,Female,C,56.6,3.4,Maths,84.2,Pass
S0657,Female,C,56.6,3.4,Science,66.8,Pass
S0657,Female,C,56.6,3.4,English,69.3,Pass
S0657,Female,C,56.6,3.4,History,54.8,Pass
S0657,Female,C,56.6,3.4,CS,65.1,Pass
S0658,Male,D,88.0,2.2,Maths,77.6,Pass
S0658,Male,D,88.0,2.2,Science,72.1,Pass
S0658,Male,D,88.0,2.2,English,71.0,Pass
S0658,Male,D,88.0,2.2,History,79.1,Pass
S0658,Male,D,88.0,2.2,CS,91.0,Pass
S0659,Female,B,79.8,6.3,Maths,83.0,Pass
S0659,Female,B,79.8,6.3,Science,93.0,Pass
S0659,Female,B,79.8,6.3,English,87.7,Pass
S0659,Female,B,79.8,6.3,History,92.4,Pass
S0659,Female,B,79.8,6.3,CS,75.4,Pass
S0660,Male,B,58.6,4.7,Maths,69.9,Pass
S0660,Male,B,58.6,4.7,Science,69.9,Pass
S0660,Male,B,58.6,4.7,English,77.4,Pass
S0660,Male,B,58.6,4.7,History,79.9,Pass
S0660,Male,B,58.6,4.7,CS,73.2,Pass
S0661,Male,C,86.0,3.4,Maths,86.4,Pass
S0661,Male,C,86.0,3.4,Science,72.0,Pass
S0661,Male,C,86.0,3.4,English,86.5,Pass
S0661,Male,C,86.0,3.4,History,87.8,Pass
S0661,Male,C,86.0,3.4,CS,84.4,Pass
S0662,Female,B,94.7,2.3,Maths,79.3,Pass
S0662,Female,B,94.7,2.3,Science,85.1,Pass
S0662,Female,B,94.7,2.3,English,69.0,Pass
S0662,Female,B,94.7,2.3,History,80.0,Pass
S0662,Female,B,94.7,2.3,CS,81.0,Pass
S0663,Male,D,84.2,7.1,Maths,71.1,Pass
S0663,Male,D,84.2,7.1,Science,89.2,Pass
S0663,Male,D,84.2,7.1,English,71.9,Pass
S0663,Male,D,84.2,7.1,History,80.1,Pass
S0663,Male,D,84.2,7.1,CS,84.8,Pass
S0664,Male,D,68.1,4.0,Maths,66.0,Pass
S0664,Male,D,68.1,4.0,Science,74.2,Pass
S0664,Male,D,68.1,4.0,English,74.0,Pass
S0664,Male,D,68.1,4.0,History,65.1,Pass
S0664,Male,D,68.1,4.0,CS,79.0,Pass
S0665,Male,C,91.3,6.1,Maths,76.9,Pass
S0665,Male,C,91.3,6.1,Science,100.0,Pass
S0665,Male,C,91.3,6.1,English,83.5,Pass
S0665,Male,C,91.3,6.1,History,72.9,Pass
S0665,Male,C,91.3,6.1,CS,74.7,Pass
S0666,Female,B,49.8,5.3,Maths,82.1,Pass
S0666,Female,B,49.8,5.3,Science,66.5,Pass
S0666,Female,B,49.8,5.3,English,57.0,Pass
S0666,Female,B,49.8,5.3,History,79.2,Pass
S0666,Female,B,49.8,5.3,CS,66.5,Pass
S0667,Female,C,93.8,3.2,Maths,86.1,Pass
S0667,Female,C,93.8,3.2,Science,88.9,Pass
S0667,Female,C,93.8,3.2,English,82.3,Pass
S0667,Female,C,93.8,3.2,History,100.0,Pass
S0667,Female,C,93.8,3.2,CS,62.3,Pass
S0668,Female,A,94.1,3.2,Maths,71.5,Pass
S0668,Female,A,94.1,3.2,Science,77.1,Pass
S0668,Female,A,94.1,3.2,English,100.0,Pass
S0668,Female,A,94.1,3.2,History,97.7,Pass
S0668,Female,A,94.1,3.2,CS,92.6,Pass
S0669,Male,B,91.7,6.2,Maths,76.9,Pass
S0669,Male,B,91.7,6.2,Science,78.1,Pass
S0669,Male,B,91.7,6.2,English,76.6,Pass
S0669,Male,B,91.7,6.2,History,77.0,Pass
S0669,Male,B,91.7,6.2,CS,99.8,Pass
S0670,Male,A,42.3,6.2,Maths,67.6,Pass
S0670,Male,A,42.3,6.2,Science,69.0,Pass
S0670,Male,A,42.3,6.2,English,77.8,Pass
S0670,Male,A,42.3,6.2,History,53.4,Pass
S0670,Male,A,42.3,6.2,CS,70.6,Pass
S0671,Male,A,89.8,1.2,Maths,63.3,Pass
S0671,Male,A,89.8,1.2,Science,71.4,Pass
S0671,Male,A,89.8,1.2,English,68.4,Pass
S0671,Male,A,89.8,1.2,History,67.9,Pass
S0671,Male,A,89.8,1.2,CS,76.6,Pass
S0672,Female,A,57.5,4.8,Maths,74.1,Pass
S0672,Female,A,57.5,4.8,Science,69.7,Pass
S0672,Female,A,57.5,4.8,English,75.6,Pass
S0672,Female,A,57.5,4.8,History,63.2,Pass
S0672,Female,A,57.5,4.8,CS,78.7,Pass
S0673,Female,C,88.4,3.8,Maths,77.1,Pass
S0673,Female,C,88.4,3.8,Science,74.3,Pass
S0673,Female,C,88.4,3.8,English,71.2,Pass
S0673,Female,C,88.4,3.8,History,76.8,Pass
S0673,Female,C,88.4,3.8,CS,97.9,Pass
S0674,Female,A,69.2,2.5,Maths,70.0,Pass
S0674,Female,A,69.2,2.5,Science,59.2,Pass
S0674,Female,A,69.2,2.5,English,79.8,Pass
S0674,Female,A,69.2,2.5,History,65.9,Pass
S0674,Female,A,69.2,2.5,CS,73.5,Pass
S0675,Female,C,83.3,4.4,Maths,72.7,Pass
S0675,Female,C,83.3,4.4,Science,91.6,Pass
S0675,Female,C,83.3,4.4,English,72.9,Pass
S0675,Female,C,83.3,4.4,History,92.8,Pass
S0675,Female,C,83.3,4.4,CS,68.3,Pass
S0676,Male,B,93.1,2.0,Maths,73.9,Pass
S0676,Male,B,93.1,2.0,Science,90.9,Pass
S0676,Male,B,93.1,2.0,English,78.6,Pass
S0676,Male,B,93.1,2.0,History,99.6,Pass
S0676,Male,B,93.1,2.0,CS,74.2,Pass
S0677,Female,B,64.4,3.3,Maths,73.5,Pass
S0677,Female,B,64.4,3.3,Science,90.0,Pass
S0677,Female,B,64.4,3.3,English,55.8,Pass
S0677,Female,B,64.4,3.3,History,54.5,Pass
S0677,Female,B,64.4,3.3,CS,63.0,Pass
S0678,Male,D,81.5,2.8,Maths,83.2,Pass
S0678,Male,D,81.5,2.8,Science,59.0,Pass
S0678,Male,D,81.5,2.8,English,81.0,Pass
S0678,Male,D,81.5,2.8,History,80.3,Pass
S0678,Male,D,81.5,2.8,CS,95.2,Pass
S0679,Male,C,82.6,3.3,Maths,86.7,Pass
S0679,Male,C,82.6,3.3,Science,79.9,Pass
S0679,Male,C,82.6,3.3,English,89.9,Pass
S0679,Male,C,82.6,3.3,History,81.7,Pass
S0679,Male,C,82.6,3.3,CS,71.7,Pass
S0680,Male,C,86.4,3.9,Maths,67.3,Pass
S0680,Male,C,86.4,3.9,Science,73.0,Pass
S0680,Male,C,86.4,3.9,English,78.3,Pass
S0680,Male,C,86.4,3.9,History,80.5,Pass
S0680,Male,C,86.4,3.9,CS,57.4,Pass
S0681,Male,C,67.1,2.5,Maths,67.9,Pass
S0681,Male,C,67.1,2.5,Science,70.4,Pass
S0681,Male,C,67.1,2.5,English,75.6,Pass
S0681,Male,C,67.1,2.5,History,86.4,Pass
S0681,Male,C,67.1,2.5,CS,71.9,Pass
S0682,Male,A,60.3,6.4,Maths,66.7,Pass
S0682,Male,A,60.3,6.4,Science,57.6,Pass
S0682,Male,A,60.3,6.4,English,82.7,Pass
S0682,Male,A,60.3,6.4,History,67.1,Pass
S0682,Male,A,60.3,6.4,CS,84.5,Pass
S0683,Male,A,75.2,4.7,Maths,91.0,Pass
S0683,Male,A,75.2,4.7,Science,61.6,Pass
S0683,Male,A,75.2,4.7,English,82.6,Pass
S0683,Male,A,75.2,4.7,History,90.0,Pass
S0683,Male,A,75.2,4.7,CS,87.2,Pass
S0684,Male,C,49.3,6.7,Maths,52.2,Pass
S0684,Male,C,49.3,6.7,Science,64.7,Pass
S0684,Male,C,49.3,6.7,English,60.4,Pass
S0684,Male,C,49.3,6.7,History,78.4,Pass
S0684,Male,C,49.3,6.7,CS,77.3,Pass
S0685,Female,D,80.7,3.8,Maths,49.7,Pass
S0685,Female,D,80.7,3.8,Science,73.7,Pass
S0685,Female,D,80.7,3.8,English,84.7,Pass
S0685,Female,D,80.7,3.8,History,78.2,Pass
S0685,Female,D,80.7,3.8,CS,78.2,Pass
S0686,Male,A,90.9,3.2,Maths,75.0,Pass
S0686,Male,A,90.9,3.2,Science,68.0,Pass
S0686,Male,A,90.9,3.2,English,78.5,Pass
S0686,Male,A,90.9,3.2,History,79.2,Pass
S0686,Male,A,90.9,3.2,CS,84.8,Pass
S0687,Male,A,72.8,6.6,Maths,87.1,Pass
S0687,Male,A,72.8,6.6,Science,81.0,Pass
S0687,Male,A,72.8,6.6,English,91.1,Pass
S0687,Male,A,72.8,6.6,History,76.4,Pass
S0687,Male,A,72.8,6.6,CS,65.7,Pass
S0688,Female,D,85.1,3.1,Maths,81.6,Pass
S0688,Female,D,85.1,3.1,Science,78.0,Pass
S0688,Female,D,85.1,3.1,English,81.8,Pass
S0688,Female,D,85.1,3.1,History,64.1,Pass
S0688,Female,D,85.1,3.1,CS,94.7,Pass
S0689,Female,D,60.0,3.7,Maths,77.6,Pass
S0689,Female,D,60.0,3.7,Science,67.6,Pass
S0689,Female,D,60.0,3.7,English,61.1,Pass
S0689,Female,D,60.0,3.7,History,81.2,Pass
S0689,Female,D,60.0,3.7,CS,59.5,Pass
S0690,Female,A,64.8,5.1,Maths,97.2,Pass
S0690,Female,A,64.8,5.1,Science,68.5,Pass
S0690,Female,A,64.8,5.1,English,91.8,Pass
S0690,Female,A,64.8,5.1,History,72.7,Pass
S0690,Female,A,64.8,5.1,CS,90.4,Pass
S0691,Male,B,64.4,2.1,Maths,61.3,Pass
S0691,Male,B,64.4,2.1,Science,68.8,Pass
S0691,Male,B,64.4,2.1,English,76.7,Pass
S0691,Male,B,64.4,2.1,History,75.2,Pass
S0691,Male,B,64.4,2.1,CS,79.6,Pass
S0692,Female,C,72.7,5.1,Maths,72.1,Pass
S0692,Female,C,72.7,5.1,Science,77.8,Pass
S0692,Female,C,72.7,5.1,English,89.4,Pass
S0692,Female,C,72.7,5.1,History,69.9,Pass
S0692,Female,C,72.7,5.1,CS,82.7,Pass
S0693,Male,A,71.6,4.9,Maths,74.1,Pass
S0693,Male,A,71.6,4.9,Science,78.3,Pass
S0693,Male,A,71.6,4.9,English,77.1,Pass
S0693,Male,A,71.6,4.9,History,68.4,Pass
S0693,Male,A,71.6,4.9,CS,73.6,Pass
S0694,Male,B,81.1,5.9,Maths,82.6,Pass
S0694,Male,B,81.1,5.9,Science,80.1,Pass
S0694,Male,B,81.1,5.9,English,96.9,Pass
S0694,Male,B,81.1,5.9,History,91.2,Pass
S0694,Male,B,81.1,5.9,CS,84.0,Pass
S0695,Female,B,80.2,5.3,Maths,72.1,Pass
S0695,Female,B,80.2,5.3,Science,71.5,Pass
S0695,Female,B,80.2,5.3,English,99.5,Pass
S0695,Female,B,80.2,5.3,History,69.6,Pass
S0695,Female,B,80.2,5.3,CS,80.9,Pass
S0696,Female,C,89.2,5.9,Maths,87.3,Pass
S0696,Female,C,89.2,5.9,Science,80.6,Pass
S0696,Female,C,89.2,5.9,English,73.6,Pass
S0696,Female,C,89.2,5.9,History,75.8,Pass
S0696,Female,C,89.2,5.9,CS,78.2,Pass
S0697,Female,B,66.3,3.8,Maths,65.5,Pass
S0697,Female,B,66.3,3.8,Science,85.8,Pass
S0697,Female,B,66.3,3.8,English,72.5,Pass
S0697,Female,B,66.3,3.8,History,67.3,Pass
S0697,Female,B,66.3,3.8,CS,73.6,Pass
S0698,Female,B,96.6,2.7,Maths,86.1,Pass
S0698,Female,B,96.6,2.7,Science,76.0,Pass
S0698,Female,B,96.6,2.7,English,88.4,Pass
S0698,Female,B,96.6,2.7,History,66.7,Pass
S0698,Female,B,96.6,2.7,CS,91.1,Pass
S0699,Female,B,61.8,7.2,Maths,77.8,Pass
S0699,Female,B,61.8,7.2,Science,77.4,Pass
S0699,Female,B,61.8,7.2,English,70.9,Pass
S0699,Female,B,61.8,7.2,History,65.6,Pass
S0699,Female,B,61.8,7.2,CS,61.2,Pass
S0700,Male,D,93.9,1.7,Maths,69.0,Pass
S0700,Male,D,93.9,1.7,Science,82.5,Pass
S0700,Male,D,93.9,1.7,English,67.0,Pass
S0700,Male,D,93.9,1.7,History,61.1,Pass
S0700,Male,D,93.9,1.7,CS,67.5,Pass
S0701,Male,A,69.9,1.9,Maths,65.9,Pass
S0701,Male,A,69.9,1.9,Science,66.2,Pass
S0701,Male,A,69.9,1.9,English,68.4,Pass
S0701,Male,A,69.9,1.9,History,80.0,Pass
S0701,Male,A,69.9,1.9,CS,82.2,Pass
S0702,Male,A,77.1,4.8,Maths,97.9,Pass
S0702,Male,A,77.1,4.8,Science,61.6,Pass
S0702,Male,A,77.1,4.8,English,69.3,Pass
S0702,Male,A,77.1,4.8,History,84.8,Pass
S0702,Male,A,77.1,4.8,CS,73.3,Pass
S0703,Male,A,86.8,6.4,Maths,92.5,Pass
S0703,Male,A,86.8,6.4,Science,86.0,Pass
S0703,Male,A,86.8,6.4,English,99.7,Pass
S0703,Male,A,86.8,6.4,History,94.3,Pass
S0703,Male,A,86.8,6.4,CS,94.5,Pass
S0704,Female,D,95.9,4.3,Maths,78.2,Pass
S0704,Female,D,95.9,4.3,Science,81.4,Pass
S0704,Female,D,95.9,4.3,English,79.3,Pass
S0704,Female,D,95.9,4.3,History,67.3,Pass
S0704,Female,D,95.9,4.3,CS,97.0,Pass
S0705,Male,D,62.3,5.5,Maths,82.1,Pass
S0705,Male,D,62.3,5.5,Science,71.2,Pass
S0705,Male,D,62.3,5.5,English,87.7,Pass
S0705,Male,D,62.3,5.5,History,68.4,Pass
S0705,Male,D,62.3,5.5,CS,56.3,Pass
S0706,Female,C,68.6,1.0,Maths,77.7,Pass
S0706,Female,C,68.6,1.0,Science,54.8,Pass
S0706,Female,C,68.6,1.0,English,65.6,Pass
S0706,Female,C,68.6,1.0,History,69.7,Pass
S0706,Female,C,68.6,1.0,CS,71.5,Pass
S0707,Female,A,83.8,3.3,Maths,85.1,Pass
S0707,Female,A,83.8,3.3,Science,82.4,Pass
S0707,Female,A,83.8,3.3,English,82.1,Pass
S0707,Female,A,83.8,3.3,History,68.7,Pass
S0707,Female,A,83.8,3.3,CS,79.6,Pass
S0708,Female,D,72.4,1.2,Maths,54.0,Pass
S0708,Female,D,72.4,1.2,Science,84.7,Pass
S0708,Female,D,72.4,1.2,English,55.1,Pass
S0708,Female,D,72.4,1.2,History,65.6,Pass
S0708,Female,D,72.4,1.2,CS,55.9,Pass
S0709,Male,B,74.8,5.2,Maths,70.5,Pass
S0709,Male,B,74.8,5.2,Science,77.9,Pass
S0709,Male,B,74.8,5.2,English,72.5,Pass
S0709,Male,B,74.8,5.2,History,89.2,Pass
S0709,Male,B,74.8,5.2,CS,80.0,Pass
S0710,Male,D,49.3,1.7,Maths,58.5,Pass
S0710,Male,D,49.3,1.7,Science,61.8,Pass
S0710,Male,D,49.3,1.7,English,75.3,Pass
S0710,Male,D,49.3,1.7,History,72.2,Pass
S0710,Male,D,49.3,1.7,CS,51.8,Pass
S0711,Female,B,94.3,2.1,Maths,70.6,Pass
S0711,Female,B,94.3,2.1,Science,82.2,Pass
S0711,Female,B,94.3,2.1,English,81.0,Pass
S0711,Female,B,94.3,2.1,History,66.9,Pass
S0711,Female,B,94.3,2.1,CS,84.9,Pass
S0712,Female,D,89.1,4.8,Maths,72.4,Pass
S0712,Female,D,89.1,4.8,Science,94.3,Pass
S0712,Female,D,89.1,4.8,English,86.6,Pass
S0712,Female,D,89.1,4.8,History,70.0,Pass
S0712,Female,D,89.1,4.8,CS,76.0,Pass
S0713,Female,D,95.0,5.6,Maths,79.2,Pass
S0713,Female,D,95.0,5.6,Science,86.3,Pass
S0713,Female,D,95.0,5.6,English,82.6,Pass
S0713,Female,D,95.0,5.6,History,73.2,Pass
S0713,Female,D,95.0,5.6,CS,70.7,Pass
S0714,Female,A,94.2,3.8,Maths,86.3,Pass
S0714,Female,A,94.2,3.8,Science,83.6,Pass
S0714,Female,A,94.2,3.8,English,81.8,Pass
S0714,Female,A,94.2,3.8,History,83.5,Pass
S0714,Female,A,94.2,3.8,CS,74.6,Pass
S0715,Female,C,74.6,4.9,Maths,78.9,Pass
S0715,Female,C,74.6,4.9,Science,100.0,Pass
S0715,Female,C,74.6,4.9,English,88.8,Pass
S0715,Female,C,74.6,4.9,History,74.2,Pass
S0715,Female,C,74.6,4.9,CS,71.9,Pass
S0716,Male,B,85.3,4.8,Maths,51.6,Pass
S0716,Male,B,85.3,4.8,Science,90.9,Pass
S0716,Male,B,85.3,4.8,English,88.1,Pass
S0716,Male,B,85.3,4.8,History,74.8,Pass
S0716,Male,B,85.3,4.8,CS,65.9,Pass
S0717,Female,B,77.3,3.7,Maths,64.0,Pass
S0717,Female,B,77.3,3.7,Science,80.0,Pass
S0717,Female,B,77.3,3.7,English,74.6,Pass
S0717,Female,B,77.3,3.7,History,82.4,Pass
S0717,Female,B,77.3,3.7,CS,76.4,Pass
S0718,Male,B,86.1,2.4,Maths,85.2,Pass
S0718,Male,B,86.1,2.4,Science,79.2,Pass
S0718,Male,B,86.1,2.4,English,83.8,Pass
S0718,Male,B,86.1,2.4,History,54.6,Pass
S0718,Male,B,86.1,2.4,CS,63.2,Pass
S0719,Female,C,97.5,4.8,Maths,80.3,Pass
S0719,Female,C,97.5,4.8,Science,94.7,Pass
S0719,Female,C,97.5,4.8,English,100.0,Pass
S0719,Female,C,97.5,4.8,History,82.3,Pass
S0719,Female,C,97.5,4.8,CS,77.8,Pass
S0720,Female,B,81.9,4.9,Maths,59.8,Pass
S0720,Female,B,81.9,4.9,Science,88.0,Pass
S0720,Female,B,81.9,4.9,English,73.9,Pass
S0720,Female,B,81.9,4.9,History,100.0,Pass
S0720,Female,B,81.9,4.9,CS,72.0,Pass
S0721,Male,C,77.1,5.3,Maths,99.9,Pass
S0721,Male,C,77.1,5.3,Science,86.3,Pass
S0721,Male,C,77.1,5.3,English,68.5,Pass
S0721,Male,C,77.1,5.3,History,81.1,Pass
S0721,Male,C,77.1,5.3,CS,86.5,Pass
S0722,Male,C,72.1,4.5,Maths,73.3,Pass
S0722,Male,C,72.1,4.5,Science,83.9,Pass
S0722,Male,C,72.1,4.5,English,83.7,Pass
S0722,Male,C,72.1,4.5,History,81.5,Pass
S0722,Male,C,72.1,4.5,CS,75.4,Pass
S0723,Male,D,71.1,2.2,Maths,59.1,Pass
S0723,Male,D,71.1,2.2,Science,70.1,Pass
S0723,Male,D,71.1,2.2,English,72.6,Pass
S0723,Male,D,71.1,2.2,History,52.1,Pass
S0723,Male,D,71.1,2.2,CS,72.5,Pass
S0724,Female,D,92.6,5.0,Maths,81.9,Pass
S0724,Female,D,92.6,5.0,Science,69.9,Pass
S0724,Female,D,92.6,5.0,English,79.5,Pass
S0724,Female,D,92.6,5.0,History,79.7,Pass
S0724,Female,D,92.6,5.0,CS,100.0,Pass
S0725,Male,A,63.3,4.0,Maths,74.2,Pass
S0725,Male,A,63.3,4.0,Science,82.3,Pass
S0725,Male,A,63.3,4.0,English,70.8,Pass
S0725,Male,A,63.3,4.0,History,53.2,Pass
S0725,Male,A,63.3,4.0,CS,78.7,Pass
S0726,Male,D,61.0,3.3,Maths,63.3,Pass
S0726,Male,D,61.0,3.3,Science,66.5,Pass
S0726,Male,D,61.0,3.3,English,59.3,Pass
S0726,Male,D,61.0,3.3,History,70.6,Pass
S0726,Male,D,61.0,3.3,CS,80.5,Pass
S0727,Male,A,93.2,3.6,Maths,89.4,Pass
S0727,Male,A,93.2,3.6,Science,95.9,Pass
S0727,Male,A,93.2,3.6,English,97.4,Pass
S0727,Male,A,93.2,3.6,History,59.6,Pass
S0727,Male,A,93.2,3.6,CS,68.1,Pass
S0728,Male,C,57.7,3.0,Maths,50.2,Pass
S0728,Male,C,57.7,3.0,Science,74.6,Pass
S0728,Male,C,57.7,3.0,English,61.3,Pass
S0728,Male,C,57.7,3.0,History,63.3,Pass
S0728,Male,C,57.7,3.0,CS,66.1,Pass
S0729,Male,B,68.6,5.3,Maths,80.1,Pass
S0729,Male,B,68.6,5.3,Science,61.4,Pass
S0729,Male,B,68.6,5.3,English,63.6,Pass
S0729,Male,B,68.6,5.3,History,76.2,Pass
S0729,Male,B,68.6,5.3,CS,88.2,Pass
S0730,Male,C,80.7,1.9,Maths,72.7,Pass
S0730,Male,C,80.7,1.9,Science,65.1,Pass
S0730,Male,C,80.7,1.9,English,51.5,Pass
S0730,Male,C,80.7,1.9,History,82.5,Pass
S0730,Male,C,80.7,1.9,CS,65.6,Pass
S0731,Male,C,58.1,2.5,Maths,56.0,Pass
S0731,Male,C,58.1,2.5,Science,50.3,Pass
S0731,Male,C,58.1,2.5,English,53.1,Pass
S0731,Male,C,58.1,2.5,History,57.8,Pass
S0731,Male,C,58.1,2.5,CS,65.1,Pass
S0732,Male,D,90.8,3.5,Maths,67.2,Pass
S0732,Male,D,90.8,3.5,Science,81.1,Pass
S0732,Male,D,90.8,3.5,English,76.8,Pass
S0732,Male,D,90.8,3.5,History,100.0,Pass
S0732,Male,D,90.8,3.5,CS,62.2,Pass
S0733,Male,B,84.8,6.4,Maths,84.9,Pass
S0733,Male,B,84.8,6.4,Science,85.0,Pass
S0733,Male,B,84.8,6.4,English,73.0,Pass
S0733,Male,B,84.8,6.4,History,84.2,Pass
S0733,Male,B,84.8,6.4,CS,91.0,Pass
S0734,Male,D,69.7,5.6,Maths,78.0,Pass
S0734,Male,D,69.7,5.6,Science,90.9,Pass
S0734,Male,D,69.7,5.6,English,55.3,Pass
S0734,Male,D,69.7,5.6,History,68.6,Pass
S0734,Male,D,69.7,5.6,CS,91.8,Pass
S0735,Male,B,91.0,1.5,Maths,84.5,Pass
S0735,Male,B,91.0,1.5,Science,80.8,Pass
S0735,Male,B,91.0,1.5,English,87.7,Pass
S0735,Male,B,91.0,1.5,History,56.2,Pass
S0735,Male,B,91.0,1.5,CS,83.3,Pass
S0736,Female,A,86.3,6.0,Maths,93.6,Pass
S0736,Female,A,86.3,6.0,Science,76.4,Pass
S0736,Female,A,86.3,6.0,English,100.0,Pass
S0736,Female,A,86.3,6.0,History,84.9,Pass
S0736,Female,A,86.3,6.0,CS,61.0,Pass
S0737,Male,B,88.4,6.0,Maths,87.4,Pass
S0737,Male,B,88.4,6.0,Science,76.4,Pass
S0737,Male,B,88.4,6.0,English,95.2,Pass
S0737,Male,B,88.4,6.0,History,89.0,Pass
S0737,Male,B,88.4,6.0,CS,77.6,Pass
S0738,Male,C,84.8,2.2,Maths,89.9,Pass
S0738,Male,C,84.8,2.2,Science,84.3,Pass
S0738,Male,C,84.8,2.2,English,66.6,Pass
S0738,Male,C,84.8,2.2,History,73.4,Pass
S0738,Male,C,84.8,2.2,CS,80.1,Pass
S0739,Male,C,40.7,0.5,Maths,54.6,Pass
S0739,Male,C,40.7,0.5,Science,54.9,Pass
S0739,Male,C,40.7,0.5,English,58.6,Pass
S0739,Male,C,40.7,0.5,History,47.5,Pass
S0739,Male,C,40.7,0.5,CS,35.9,Fail
S0740,Male,D,58.3,3.9,Maths,72.7,Pass
S0740,Male,D,58.3,3.9,Science,50.4,Pass
S0740,Male,D,58.3,3.9,English,60.3,Pass
S0740,Male,D,58.3,3.9,History,52.6,Pass
S0740,Male,D,58.3,3.9,CS,53.8,Pass
S0741,Male,A,71.7,5.7,Maths,82.2,Pass
S0741,Male,A,71.7,5.7,Science,75.7,Pass
S0741,Male,A,71.7,5.7,English,75.3,Pass
S0741,Male,A,71.7,5.7,History,64.7,Pass
S0741,Male,A,71.7,5.7,CS,71.3,Pass
S0742,Male,B,83.9,6.4,Maths,86.7,Pass
S0742,Male,B,83.9,6.4,Science,82.4,Pass
S0742,Male,B,83.9,6.4,English,91.2,Pass
S0742,Male,B,83.9,6.4,History,92.6,Pass
S0742,Male,B,83.9,6.4,CS,80.4,Pass
S0743,Female,D,57.9,2.7,Maths,49.2,Pass
S0743,Female,D,57.9,2.7,Science,60.2,Pass
S0743,Female,D,57.9,2.7,English,66.8,Pass
S0743,Female,D,57.9,2.7,History,60.0,Pass
S0743,Female,D,57.9,2.7,CS,57.2,Pass
S0744,Male,B,95.4,6.6,Maths,87.6,Pass
S0744,Male,B,95.4,6.6,Science,100.0,Pass
S0744,Male,B,95.4,6.6,English,82.0,Pass
S0744,Male,B,95.4,6.6,History,86.8,Pass
S0744,Male,B,95.4,6.6,CS,73.7,Pass
S0745,Male,A,77.6,0.7,Maths,82.0,Pass
S0745,Male,A,77.6,0.7,Science,78.3,Pass
S0745,Male,A,77.6,0.7,English,77.6,Pass
S0745,Male,A,77.6,0.7,History,83.2,Pass
S0745,Male,A,77.6,0.7,CS,65.3,Pass
S0746,Male,D,48.4,3.4,Maths,63.4,Pass
S0746,Male,D,48.4,3.4,Science,83.5,Pass
S0746,Male,D,48.4,3.4,English,72.7,Pass
S0746,Male,D,48.4,3.4,History,44.2,Pass
S0746,Male,D,48.4,3.4,CS,71.0,Pass
S0747,Male,B,98.0,3.4,Maths,75.3,Pass
S0747,Male,B,98.0,3.4,Science,90.1,Pass
S0747,Male,B,98.0,3.4,English,85.2,Pass
S0747,Male,B,98.0,3.4,History,63.7,Pass
S0747,Male,B,98.0,3.4,CS,83.8,Pass
S0748,Male,D,76.2,5.7,Maths,81.4,Pass
S0748,Male,D,76.2,5.7,Science,82.9,Pass
S0748,Male,D,76.2,5.7,English,85.1,Pass
S0748,Male,D,76.2,5.7,History,94.3,Pass
S0748,Male,D,76.2,5.7,CS,83.4,Pass
S0749,Female,D,79.6,5.9,Maths,81.0,Pass
S0749,Female,D,79.6,5.9,Science,92.2,Pass
S0749,Female,D,79.6,5.9,English,100.0,Pass
S0749,Female,D,79.6,5.9,History,89.9,Pass
S0749,Female,D,79.6,5.9,CS,82.8,Pass
S0750,Female,D,91.1,5.4,Maths,87.5,Pass
S0750,Female,D,91.1,5.4,Science,85.8,Pass
S0750,Female,D,91.1,5.4,English,83.4,Pass
S0750,Female,D,91.1,5.4,History,100.0,Pass
S0750,Female,D,91.1,5.4,CS,75.7,Pass
S0751,Male,C,76.2,2.0,Maths,83.4,Pass
S0751,Male,C,76.2,2.0,Science,70.6,Pass
S0751,Male,C,76.2,2.0,English,57.0,Pass
S0751,Male,C,76.2,2.0,History,69.9,Pass
S0751,Male,C,76.2,2.0,CS,66.4,Pass
S0752,Male,D,94.3,5.3,Maths,89.7,Pass
S0752,Male,D,94.3,5.3,Science,84.8,Pass
S0752,Male,D,94.3,5.3,English,73.7,Pass
S0752,Male,D,94.3,5.3,History,98.6,Pass
S0752,Male,D,94.3,5.3,CS,94.8,Pass
S0753,Male,D,84.5,4.8,Maths,95.7,Pass
S0753,Male,D,84.5,4.8,Science,82.2,Pass
S0753,Male,D,84.5,4.8,English,79.5,Pass
S0753,Male,D,84.5,4.8,History,86.9,Pass
S0753,Male,D,84.5,4.8,CS,74.1,Pass
S0754,Male,B,74.5,1.5,Maths,71.7,Pass
S0754,Male,B,74.5,1.5,Science,68.6,Pass
S0754,Male,B,74.5,1.5,English,55.7,Pass
S0754,Male,B,74.5,1.5,History,71.6,Pass
S0754,Male,B,74.5,1.5,CS,65.9,Pass
S0755,Female,A,90.4,0.9,Maths,71.5,Pass
S0755,Female,A,90.4,0.9,Science,77.6,Pass
S0755,Female,A,90.4,0.9,English,86.6,Pass
S0755,Female,A,90.4,0.9,History,65.4,Pass
S0755,Female,A,90.4,0.9,CS,70.5,Pass
S0756,Male,B,88.3,5.6,Maths,74.9,Pass
S0756,Male,B,88.3,5.6,Science,74.3,Pass
S0756,Male,B,88.3,5.6,English,76.7,Pass
S0756,Male,B,88.3,5.6,History,80.6,Pass
S0756,Male,B,88.3,5.6,CS,88.5,Pass
S0757,Male,C,57.2,3.7,Maths,72.8,Pass
S0757,Male,C,57.2,3.7,Science,59.0,Pass
S0757,Male,C,57.2,3.7,English,82.6,Pass
S0757,Male,C,57.2,3.7,History,79.1,Pass
S0757,Male,C,57.2,3.7,CS,60.6,Pass
S0758,Female,C,97.7,2.1,Maths,90.7,Pass
S0758,Female,C,97.7,2.1,Science,81.7,Pass
S0758,Female,C,97.7,2.1,English,76.9,Pass
S0758,Female,C,97.7,2.1,History,82.0,Pass
S0758,Female,C,97.7,2.1,CS,78.2,Pass
S0759,Male,A,77.7,3.7,Maths,81.1,Pass
S0759,Male,A,77.7,3.7,Science,77.6,Pass
S0759,Male,A,77.7,3.7,English,72.3,Pass
S0759,Male,A,77.7,3.7,History,55.4,Pass
S0759,Male,A,77.7,3.7,CS,81.0,Pass
S0760,Male,C,82.2,4.5,Maths,75.0,Pass
S0760,Male,C,82.2,4.5,Science,86.5,Pass
S0760,Male,C,82.2,4.5,English,83.6,Pass
S0760,Male,C,82.2,4.5,History,75.3,Pass
S0760,Male,C,82.2,4.5,CS,89.0,Pass
S0761,Female,A,36.1,3.9,Maths,65.6,Pass
S0761,Female,A,36.1,3.9,Science,65.2,Pass
S0761,Female,A,36.1,3.9,English,62.2,Pass
S0761,Female,A,36.1,3.9,History,80.4,Pass
S0761,Female,A,36.1,3.9,CS,56.4,Pass
S0762,Male,C,73.9,1.7,Maths,67.3,Pass
S0762,Male,C,73.9,1.7,Science,58.2,Pass
S0762,Male,C,73.9,1.7,English,77.8,Pass
S0762,Male,C,73.9,1.7,History,64.7,Pass
S0762,Male,C,73.9,1.7,CS,65.8,Pass
S0763,Male,C,87.1,6.8,Maths,79.6,Pass
S0763,Male,C,87.1,6.8,Science,85.4,Pass
S0763,Male,C,87.1,6.8,English,72.3,Pass
S0763,Male,C,87.1,6.8,History,62.4,Pass
S0763,Male,C,87.1,6.8,CS,89.4,Pass
S0764,Male,C,82.9,5.5,Maths,59.8,Pass
S0764,Male,C,82.9,5.5,Science,89.4,Pass
S0764,Male,C,82.9,5.5,English,96.5,Pass
S0764,Male,C,82.9,5.5,History,79.3,Pass
S0764,Male,C,82.9,5.5,CS,93.9,Pass
S0765,Female,B,74.2,3.5,Maths,74.0,Pass
S0765,Female,B,74.2,3.5,Science,90.2,Pass
S0765,Female,B,74.2,3.5,English,69.7,Pass
S0765,Female,B,74.2,3.5,History,50.6,Pass
S0765,Female,B,74.2,3.5,CS,73.4,Pass
S0766,Male,B,56.3,3.6,Maths,86.1,Pass
S0766,Male,B,56.3,3.6,Science,74.3,Pass
S0766,Male,B,56.3,3.6,English,63.8,Pass
S0766,Male,B,56.3,3.6,History,72.3,Pass
S0766,Male,B,56.3,3.6,CS,78.7,Pass
S0767,Male,C,78.9,4.5,Maths,76.9,Pass
S0767,Male,C,78.9,4.5,Science,100.0,Pass
S0767,Male,C,78.9,4.5,English,72.6,Pass
S0767,Male,C,78.9,4.5,History,87.8,Pass
S0767,Male,C,78.9,4.5,CS,85.4,Pass
S0768,Male,C,59.1,2.3,Maths,60.3,Pass
S0768,Male,C,59.1,2.3,Science,63.1,Pass
S0768,Male,C,59.1,2.3,English,77.5,Pass
S0768,Male,C,59.1,2.3,History,68.8,Pass
S0768,Male,C,59.1,2.3,CS,70.7,Pass
S0769,Male,D,92.1,4.5,Maths,65.2,Pass
S0769,Male,D,92.1,4.5,Science,88.2,Pass
S0769,Male,D,92.1,4.5,English,84.5,Pass
S0769,Male,D,92.1,4.5,History,81.0,Pass
S0769,Male,D,92.1,4.5,CS,85.2,Pass
S0770,Female,B,55.3,2.0,Maths,61.5,Pass
S0770,Female,B,55.3,2.0,Science,59.7,Pass
S0770,Female,B,55.3,2.0,English,63.2,Pass
S0770,Female,B,55.3,2.0,History,61.0,Pass
S0770,Female,B,55.3,2.0,CS,87.4,Pass
S0771,Male,B,90.3,3.9,Maths,89.0,Pass
S0771,Male,B,90.3,3.9,Science,70.2,Pass
S0771,Male,B,90.3,3.9,English,100.0,Pass
S0771,Male,B,90.3,3.9,History,75.5,Pass
S0771,Male,B,90.3,3.9,CS,80.2,Pass
S0772,Female,B,73.6,2.2,Maths,80.5,Pass
S0772,Female,B,73.6,2.2,Science,51.9,Pass
S0772,Female,B,73.6,2.2,English,69.2,Pass
S0772,Female,B,73.6,2.2,History,65.8,Pass
S0772,Female,B,73.6,2.2,CS,73.6,Pass
S0773,Female,C,93.8,2.3,Maths,81.5,Pass
S0773,Female,C,93.8,2.3,Science,77.0,Pass
S0773,Female,C,93.8,2.3,English,76.5,Pass
S0773,Female,C,93.8,2.3,History,88.4,Pass
S0773,Female,C,93.8,2.3,CS,80.8,Pass
S0774,Female,A,67.9,6.5,Maths,78.7,Pass
S0774,Female,A,67.9,6.5,Science,79.8,Pass
S0774,Female,A,67.9,6.5,English,96.7,Pass
S0774,Female,A,67.9,6.5,History,80.0,Pass
S0774,Female,A,67.9,6.5,CS,73.2,Pass
S0775,Male,B,58.7,4.1,Maths,51.7,Pass
S0775,Male,B,58.7,4.1,Science,56.5,Pass
S0775,Male,B,58.7,4.1,English,66.1,Pass
S0775,Male,B,58.7,4.1,History,69.7,Pass
S0775,Male,B,58.7,4.1,CS,65.2,Pass
S0776,Female,A,78.8,4.3,Maths,80.8,Pass
S0776,Female,A,78.8,4.3,Science,71.6,Pass
S0776,Female,A,78.8,4.3,English,68.1,Pass
S0776,Female,A,78.8,4.3,History,83.4,Pass
S0776,Female,A,78.8,4.3,CS,91.0,Pass
S0777,Female,C,88.7,1.0,Maths,62.5,Pass
S0777,Female,C,88.7,1.0,Science,76.0,Pass
S0777,Female,C,88.7,1.0,English,54.5,Pass
S0777,Female,C,88.7,1.0,History,58.8,Pass
S0777,Female,C,88.7,1.0,CS,67.7,Pass
S0778,Male,D,90.7,3.1,Maths,89.8,Pass
S0778,Male,D,90.7,3.1,Science,70.6,Pass
S0778,Male,D,90.7,3.1,English,70.3,Pass
S0778,Male,D,90.7,3.1,History,78.8,Pass
S0778,Male,D,90.7,3.1,CS,78.8,Pass
S0779,Female,D,68.1,4.7,Maths,67.0,Pass
S0779,Female,D,68.1,4.7,Science,94.7,Pass
S0779,Female,D,68.1,4.7,English,72.2,Pass
S0779,Female,D,68.1,4.7,History,75.9,Pass
S0779,Female,D,68.1,4.7,CS,70.8,Pass
S0780,Female,B,63.2,4.3,Maths,76.9,Pass
S0780,Female,B,63.2,4.3,Science,84.9,Pass
S0780,Female,B,63.2,4.3,English,89.2,Pass
S0780,Female,B,63.2,4.3,History,64.9,Pass
S0780,Female,B,63.2,4.3,CS,83.5,Pass
S0781,Male,A,65.0,0.8,Maths,71.5,Pass
S0781,Male,A,65.0,0.8,Science,75.8,Pass
S0781,Male,A,65.0,0.8,English,65.1,Pass
S0781,Male,A,65.0,0.8,History,64.2,Pass
S0781,Male,A,65.0,0.8,CS,75.4,Pass
S0782,Female,A,69.8,4.3,Maths,84.1,Pass
S0782,Female,A,69.8,4.3,Science,90.2,Pass
S0782,Female,A,69.8,4.3,English,76.6,Pass
S0782,Female,A,69.8,4.3,History,73.5,Pass
S0782,Female,A,69.8,4.3,CS,50.0,Pass
S0783,Male,A,50.8,4.5,Maths,53.2,Pass
S0783,Male,A,50.8,4.5,Science,65.4,Pass
S0783,Male,A,50.8,4.5,English,58.3,Pass
S0783,Male,A,50.8,4.5,History,77.5,Pass
S0783,Male,A,50.8,4.5,CS,56.2,Pass
S0784,Female,D,75.1,5.9,Maths,74.4,Pass
S0784,Female,D,75.1,5.9,Science,74.8,Pass
S0784,Female,D,75.1,5.9,English,91.4,Pass
S0784,Female,D,75.1,5.9,History,73.3,Pass
S0784,Female,D,75.1,5.9,CS,83.9,Pass
S0785,Female,D,84.6,3.0,Maths,78.4,Pass
S0785,Female,D,84.6,3.0,Science,85.4,Pass
S0785,Female,D,84.6,3.0,English,84.9,Pass
S0785,Female,D,84.6,3.0,History,76.1,Pass
S0785,Female,D,84.6,3.0,CS,59.4,Pass
S0786,Male,C,78.7,0.6,Maths,67.6,Pass
S0786,Male,C,78.7,0.6,Science,69.7,Pass
S0786,Male,C,78.7,0.6,English,72.7,Pass
S0786,Male,C,78.7,0.6,History,62.5,Pass
S0786,Male,C,78.7,0.6,CS,81.3,Pass
S0787,Female,A,77.3,2.5,Maths,73.3,Pass
S0787,Female,A,77.3,2.5,Science,64.0,Pass
S0787,Female,A,77.3,2.5,English,68.6,Pass
S0787,Female,A,77.3,2.5,History,92.5,Pass
S0787,Female,A,77.3,2.5,CS,79.8,Pass
S0788,Male,A,79.6,2.4,Maths,84.1,Pass
S0788,Male,A,79.6,2.4,Science,63.2,Pass
S0788,Male,A,79.6,2.4,English,66.7,Pass
S0788,Male,A,79.6,2.4,History,66.8,Pass
S0788,Male,A,79.6,2.4,CS,75.4,Pass
S0789,Female,D,81.7,5.1,Maths,78.0,Pass
S0789,Female,D,81.7,5.1,Science,74.8,Pass
S0789,Female,D,81.7,5.1,English,76.1,Pass
S0789,Female,D,81.7,5.1,History,71.8,Pass
S0789,Female,D,81.7,5.1,CS,77.9,Pass
S0790,Female,B,62.7,0.5,Maths,75.9,Pass
S0790,Female,B,62.7,0.5,Science,49.7,Pass
S0790,Female,B,62.7,0.5,English,68.3,Pass
S0790,Female,B,62.7,0.5,History,78.6,Pass
S0790,Female,B,62.7,0.5,CS,63.0,Pass
S0791,Male,A,78.9,3.3,Maths,70.0,Pass
S0791,Male,A,78.9,3.3,Science,84.6,Pass
S0791,Male,A,78.9,3.3,English,65.5,Pass
S0791,Male,A,78.9,3.3,History,75.1,Pass
S0791,Male,A,78.9,3.3,CS,64.9,Pass
S0792,Male,A,85.2,6.1,Maths,64.1,Pass
S0792,Male,A,85.2,6.1,Science,81.3,Pass
S0792,Male,A,85.2,6.1,English,70.2,Pass
S0792,Male,A,85.2,6.1,History,82.7,Pass
S0792,Male,A,85.2,6.1,CS,94.0,Pass
S0793,Male,B,77.4,4.0,Maths,94.8,Pass
S0793,Male,B,77.4,4.0,Science,77.2,Pass
S0793,Male,B,77.4,4.0,English,86.4,Pass
S0793,Male,B,77.4,4.0,History,80.2,Pass
S0793,Male,B,77.4,4.0,CS,72.4,Pass
S0794,Male,C,50.3,5.3,Maths,51.5,Pass
S0794,Male,C,50.3,5.3,Science,87.0,Pass
S0794,Male,C,50.3,5.3,English,60.3,Pass
S0794,Male,C,50.3,5.3,History,84.6,Pass
S0794,Male,C,50.3,5.3,CS,76.1,Pass
S0795,Male,D,70.7,1.5,Maths,59.5,Pass
S0795,Male,D,70.7,1.5,Science,72.4,Pass
S0795,Male,D,70.7,1.5,English,90.6,Pass
S0795,Male,D,70.7,1.5,History,84.6,Pass
S0795,Male,D,70.7,1.5,CS,64.2,Pass
S0796,Male,B,88.4,1.6,Maths,67.6,Pass
S0796,Male,B,88.4,1.6,Science,75.7,Pass
S0796,Male,B,88.4,1.6,English,73.1,Pass
S0796,Male,B,88.4,1.6,History,86.7,Pass
S0796,Male,B,88.4,1.6,CS,82.1,Pass
S0797,Male,C,87.8,6.2,Maths,66.7,Pass
S0797,Male,C,87.8,6.2,Science,88.2,Pass
S0797,Male,C,87.8,6.2,English,81.9,Pass
S0797,Male,C,87.8,6.2,History,84.0,Pass
S0797,Male,C,87.8,6.2,CS,86.1,Pass
S0798,Male,A,91.0,4.2,Maths,92.6,Pass
S0798,Male,A,91.0,4.2,Science,90.4,Pass
S0798,Male,A,91.0,4.2,English,73.1,Pass
S0798,Male,A,91.0,4.2,History,80.0,Pass
S0798,Male,A,91.0,4.2,CS,76.1,Pass
S0799,Female,A,68.0,4.2,Maths,56.9,Pass
S0799,Female,A,68.0,4.2,Science,72.6,Pass
S0799,Female,A,68.0,4.2,English,92.1,Pass
S0799,Female,A,68.0,4.2,History,56.6,Pass
S0799,Female,A,68.0,4.2,CS,73.5,Pass
S0800,Female,A,81.7,2.3,Maths,73.6,Pass
S0800,Female,A,81.7,2.3,Science,77.0,Pass
S0800,Female,A,81.7,2.3,English,64.5,Pass
S0800,Female,A,81.7,2.3,History,59.9,Pass
S0800,Female,A,81.7,2.3,CS,60.4,Pass
S0801,Female,D,78.9,4.2,Maths,90.3,Pass
S0801,Female,D,78.9,4.2,Science,67.1,Pass
S0801,Female,D,78.9,4.2,English,72.0,Pass
S0801,Female,D,78.9,4.2,History,98.0,Pass
S0801,Female,D,78.9,4.2,CS,69.6,Pass
S0802,Male,C,76.4,2.3,Maths,75.9,Pass
S0802,Male,C,76.4,2.3,Science,83.1,Pass
S0802,Male,C,76.4,2.3,English,82.6,Pass
S0802,Male,C,76.4,2.3,History,59.2,Pass
S0802,Male,C,76.4,2.3,CS,65.3,Pass
S0803,Female,D,96.9,5.8,Maths,88.6,Pass
S0803,Female,D,96.9,5.8,Science,100.0,Pass
S0803,Female,D,96.9,5.8,English,78.0,Pass
S0803,Female,D,96.9,5.8,History,80.7,Pass
S0803,Female,D,96.9,5.8,CS,89.8,Pass
S0804,Female,A,92.5,8.1,Maths,95.1,Pass
S0804,Female,A,92.5,8.1,Science,95.7,Pass
S0804,Female,A,92.5,8.1,English,80.5,Pass
S0804,Female,A,92.5,8.1,History,83.6,Pass
S0804,Female,A,92.5,8.1,CS,91.1,Pass
S0805,Male,A,95.5,4.7,Maths,95.7,Pass
S0805,Male,A,95.5,4.7,Science,80.7,Pass
S0805,Male,A,95.5,4.7,English,82.9,Pass
S0805,Male,A,95.5,4.7,History,72.8,Pass
S0805,Male,A,95.5,4.7,CS,100.0,Pass
S0806,Male,D,59.5,3.0,Maths,70.5,Pass
S0806,Male,D,59.5,3.0,Science,79.7,Pass
S0806,Male,D,59.5,3.0,English,69.2,Pass
S0806,Male,D,59.5,3.0,History,69.8,Pass
S0806,Male,D,59.5,3.0,CS,53.9,Pass
S0807,Female,A,56.7,0.5,Maths,41.5,Pass
S0807,Female,A,56.7,0.5,Science,75.5,Pass
S0807,Female,A,56.7,0.5,English,63.8,Pass
S0807,Female,A,56.7,0.5,History,65.1,Pass
S0807,Female,A,56.7,0.5,CS,50.5,Pass
S0808,Male,A,86.1,1.5,Maths,64.7,Pass
S0808,Male,A,86.1,1.5,Science,84.4,Pass
S0808,Male,A,86.1,1.5,English,91.2,Pass
S0808,Male,A,86.1,1.5,History,67.6,Pass
S0808,Male,A,86.1,1.5,CS,80.5,Pass
S0809,Male,C,86.7,6.3,Maths,85.6,Pass
S0809,Male,C,86.7,6.3,Science,82.5,Pass
S0809,Male,C,86.7,6.3,English,100.0,Pass
S0809,Male,C,86.7,6.3,History,79.1,Pass
S0809,Male,C,86.7,6.3,CS,96.1,Pass
S0810,Female,C,90.3,2.5,Maths,80.8,Pass
S0810,Female,C,90.3,2.5,Science,76.8,Pass
S0810,Female,C,90.3,2.5,English,90.7,Pass
S0810,Female,C,90.3,2.5,History,79.9,Pass
S0810,Female,C,90.3,2.5,CS,76.0,Pass
S0811,Male,A,96.2,3.4,Maths,94.5,Pass
S0811,Male,A,96.2,3.4,Science,93.2,Pass
S0811,Male,A,96.2,3.4,English,92.8,Pass
S0811,Male,A,96.2,3.4,History,41.9,Pass
S0811,Male,A,96.2,3.4,CS,85.1,Pass
S0812,Male,B,85.4,5.0,Maths,82.7,Pass
S0812,Male,B,85.4,5.0,Science,80.2,Pass
S0812,Male,B,85.4,5.0,English,86.7,Pass
S0812,Male,B,85.4,5.0,History,83.2,Pass
S0812,Male,B,85.4,5.0,CS,87.4,Pass
S0813,Female,C,71.3,6.2,Maths,76.1,Pass
S0813,Female,C,71.3,6.2,Science,93.8,Pass
S0813,Female,C,71.3,6.2,English,86.6,Pass
S0813,Female,C,71.3,6.2,History,84.3,Pass
S0813,Female,C,71.3,6.2,CS,83.8,Pass
S0814,Female,B,70.4,3.7,Maths,85.1,Pass
S0814,Female,B,70.4,3.7,Science,83.7,Pass
S0814,Female,B,70.4,3.7,English,72.4,Pass
S0814,Female,B,70.4,3.7,History,83.4,Pass
S0814,Female,B,70.4,3.7,CS,75.3,Pass
S0815,Male,B,96.8,3.4,Maths,100.0,Pass
S0815,Male,B,96.8,3.4,Science,91.8,Pass
S0815,Male,B,96.8,3.4,English,74.6,Pass
S0815,Male,B,96.8,3.4,History,100.0,Pass
S0815,Male,B,96.8,3.4,CS,59.8,Pass
S0816,Female,A,88.2,4.1,Maths,86.0,Pass
S0816,Female,A,88.2,4.1,Science,72.7,Pass
S0816,Female,A,88.2,4.1,English,98.5,Pass
S0816,Female,A,88.2,4.1,History,82.2,Pass
S0816,Female,A,88.2,4.1,CS,71.7,Pass
S0817,Female,B,93.2,3.1,Maths,76.4,Pass
S0817,Female,B,93.2,3.1,Science,71.9,Pass
S0817,Female,B,93.2,3.1,English,76.0,Pass
S0817,Female,B,93.2,3.1,History,75.8,Pass
S0817,Female,B,93.2,3.1,CS,71.6,Pass
S0818,Female,D,52.9,3.1,Maths,69.9,Pass
S0818,Female,D,52.9,3.1,Science,71.1,Pass
S0818,Female,D,52.9,3.1,English,57.2,Pass
S0818,Female,D,52.9,3.1,History,50.6,Pass
S0818,Female,D,52.9,3.1,CS,70.3,Pass
S0819,Female,C,92.8,4.6,Maths,87.4,Pass
S0819,Female,C,92.8,4.6,Science,89.4,Pass
S0819,Female,C,92.8,4.6,English,87.6,Pass
S0819,Female,C,92.8,4.6,History,97.8,Pass
S0819,Female,C,92.8,4.6,CS,92.0,Pass
S0820,Male,D,60.2,4.3,Maths,98.4,Pass
S0820,Male,D,60.2,4.3,Science,100.0,Pass
S0820,Male,D,60.2,4.3,English,54.0,Pass
S0820,Male,D,60.2,4.3,History,49.7,Pass
S0820,Male,D,60.2,4.3,CS,71.6,Pass
S0821,Male,A,85.4,7.2,Maths,90.1,Pass
S0821,Male,A,85.4,7.2,Science,84.3,Pass
S0821,Male,A,85.4,7.2,English,92.1,Pass
S0821,Male,A,85.4,7.2,History,82.3,Pass
S0821,Male,A,85.4,7.2,CS,78.1,Pass
S0822,Female,A,79.6,4.7,Maths,72.8,Pass
S0822,Female,A,79.6,4.7,Science,76.2,Pass
S0822,Female,A,79.6,4.7,English,86.6,Pass
S0822,Female,A,79.6,4.7,History,73.3,Pass
S0822,Female,A,79.6,4.7,CS,75.3,Pass
S0823,Male,C,60.0,5.7,Maths,80.2,Pass
S0823,Male,C,60.0,5.7,Science,72.5,Pass
S0823,Male,C,60.0,5.7,English,85.6,Pass
S0823,Male,C,60.0,5.7,History,65.3,Pass
S0823,Male,C,60.0,5.7,CS,63.1,Pass
S0824,Female,A,83.5,2.4,Maths,77.9,Pass
S0824,Female,A,83.5,2.4,Science,78.9,Pass
S0824,Female,A,83.5,2.4,English,66.2,Pass
S0824,Female,A,83.5,2.4,History,88.3,Pass
S0824,Female,A,83.5,2.4,CS,94.1,Pass
S0825,Female,C,61.8,4.8,Maths,66.8,Pass
S0825,Female,C,61.8,4.8,Science,88.0,Pass
S0825,Female,C,61.8,4.8,English,49.3,Pass
S0825,Female,C,61.8,4.8,History,83.9,Pass
S0825,Female,C,61.8,4.8,CS,64.5,Pass
S0826,Male,D,76.5,2.9,Maths,83.5,Pass
S0826,Male,D,76.5,2.9,Science,64.2,Pass
S0826,Male,D,76.5,2.9,English,73.1,Pass
S0826,Male,D,76.5,2.9,History,65.7,Pass
S0826,Male,D,76.5,2.9,CS,71.7,Pass
S0827,Female,B,68.0,4.6,Maths,92.9,Pass
S0827,Female,B,68.0,4.6,Science,73.5,Pass
S0827,Female,B,68.0,4.6,English,95.7,Pass
S0827,Female,B,68.0,4.6,History,70.7,Pass
S0827,Female,B,68.0,4.6,CS,89.5,Pass
S0828,Male,C,65.3,5.0,Maths,58.4,Pass
S0828,Male,C,65.3,5.0,Science,71.8,Pass
S0828,Male,C,65.3,5.0,English,69.3,Pass
S0828,Male,C,65.3,5.0,History,90.0,Pass
S0828,Male,C,65.3,5.0,CS,76.5,Pass
S0829,Female,C,89.9,4.1,Maths,59.2,Pass
S0829,Female,C,89.9,4.1,Science,67.0,Pass
S0829,Female,C,89.9,4.1,English,70.0,Pass
S0829,Female,C,89.9,4.1,History,89.4,Pass
S0829,Female,C,89.9,4.1,CS,88.2,Pass
S0830,Male,A,86.3,7.6,Maths,83.1,Pass
S0830,Male,A,86.3,7.6,Science,80.6,Pass
S0830,Male,A,86.3,7.6,English,93.3,Pass
S0830,Male,A,86.3,7.6,History,74.8,Pass
S0830,Male,A,86.3,7.6,CS,90.7,Pass
S0831,Female,D,76.0,6.1,Maths,83.8,Pass
S0831,Female,D,76.0,6.1,Science,77.4,Pass
S0831,Female,D,76.0,6.1,English,84.1,Pass
S0831,Female,D,76.0,6.1,History,81.1,Pass
S0831,Female,D,76.0,6.1,CS,85.1,Pass
S0832,Female,A,74.2,5.8,Maths,65.4,Pass
S0832,Female,A,74.2,5.8,Science,84.9,Pass
S0832,Female,A,74.2,5.8,English,89.0,Pass
S0832,Female,A,74.2,5.8,History,82.0,Pass
S0832,Female,A,74.2,5.8,CS,84.8,Pass
S0833,Male,D,69.9,5.1,Maths,75.2,Pass
S0833,Male,D,69.9,5.1,Science,85.2,Pass
S0833,Male,D,69.9,5.1,English,76.9,Pass
S0833,Male,D,69.9,5.1,History,64.8,Pass
S0833,Male,D,69.9,5.1,CS,84.5,Pass
S0834,Female,C,91.2,6.6,Maths,69.3,Pass
S0834,Female,C,91.2,6.6,Science,88.5,Pass
S0834,Female,C,91.2,6.6,English,81.8,Pass
S0834,Female,C,91.2,6.6,History,81.2,Pass
S0834,Female,C,91.2,6.6,CS,87.4,Pass
S0835,Female,A,72.9,1.8,Maths,63.5,Pass
S0835,Female,A,72.9,1.8,Science,75.7,Pass
S0835,Female,A,72.9,1.8,English,71.1,Pass
S0835,Female,A,72.9,1.8,History,64.4,Pass
S0835,Female,A,72.9,1.8,CS,83.9,Pass
S0836,Female,C,87.1,6.1,Maths,85.3,Pass
S0836,Female,C,87.1,6.1,Science,89.6,Pass
S0836,Female,C,87.1,6.1,English,97.4,Pass
S0836,Female,C,87.1,6.1,History,97.3,Pass
S0836,Female,C,87.1,6.1,CS,89.0,Pass
S0837,Female,A,75.1,2.5,Maths,69.5,Pass
S0837,Female,A,75.1,2.5,Science,58.3,Pass
S0837,Female,A,75.1,2.5,English,74.6,Pass
S0837,Female,A,75.1,2.5,History,83.5,Pass
S0837,Female,A,75.1,2.5,CS,76.1,Pass
S0838,Female,C,64.8,3.2,Maths,36.3,Fail
S0838,Female,C,64.8,3.2,Science,79.4,Pass
S0838,Female,C,64.8,3.2,English,80.1,Pass
S0838,Female,C,64.8,3.2,History,67.7,Pass
S0838,Female,C,64.8,3.2,CS,80.6,Pass
S0839,Male,D,73.2,4.8,Maths,82.9,Pass
S0839,Male,D,73.2,4.8,Science,69.8,Pass
S0839,Male,D,73.2,4.8,English,89.3,Pass
S0839,Male,D,73.2,4.8,History,64.0,Pass
S0839,Male,D,73.2,4.8,CS,76.1,Pass
S0840,Male,D,56.5,5.8,Maths,72.1,Pass
S0840,Male,D,56.5,5.8,Science,65.4,Pass
S0840,Male,D,56.5,5.8,English,76.7,Pass
S0840,Male,D,56.5,5.8,History,86.8,Pass
S0840,Male,D,56.5,5.8,CS,86.1,Pass
S0841,Male,D,73.2,2.3,Maths,78.7,Pass
S0841,Male,D,73.2,2.3,Science,54.5,Pass
S0841,Male,D,73.2,2.3,English,58.1,Pass
S0841,Male,D,73.2,2.3,History,73.2,Pass
S0841,Male,D,73.2,2.3,CS,71.2,Pass
S0842,Female,B,85.0,3.2,Maths,72.0,Pass
S0842,Female,B,85.0,3.2,Science,96.0,Pass
S0842,Female,B,85.0,3.2,English,78.0,Pass
S0842,Female,B,85.0,3.2,History,82.4,Pass
S0842,Female,B,85.0,3.2,CS,86.8,Pass
S0843,Female,C,87.7,4.1,Maths,80.2,Pass
S0843,Female,C,87.7,4.1,Science,100.0,Pass
S0843,Female,C,87.7,4.1,English,70.2,Pass
S0843,Female,C,87.7,4.1,History,73.5,Pass
S0843,Female,C,87.7,4.1,CS,70.2,Pass
S0844,Male,B,83.6,3.7,Maths,93.2,Pass
S0844,Male,B,83.6,3.7,Science,85.5,Pass
S0844,Male,B,83.6,3.7,English,72.1,Pass
S0844,Male,B,83.6,3.7,History,68.9,Pass
S0844,Male,B,83.6,3.7,CS,91.4,Pass
S0845,Male,D,54.5,5.3,Maths,75.5,Pass
S0845,Male,D,54.5,5.3,Science,86.0,Pass
S0845,Male,D,54.5,5.3,English,71.3,Pass
S0845,Male,D,54.5,5.3,History,77.0,Pass
S0845,Male,D,54.5,5.3,CS,74.9,Pass
S0846,Female,B,67.6,9.2,Maths,77.3,Pass
S0846,Female,B,67.6,9.2,Science,82.1,Pass
S0846,Female,B,67.6,9.2,English,71.7,Pass
S0846,Female,B,67.6,9.2,History,88.5,Pass
S0846,Female,B,67.6,9.2,CS,91.2,Pass
S0847,Male,D,48.6,4.6,Maths,78.7,Pass
S0847,Male,D,48.6,4.6,Science,75.5,Pass
S0847,Male,D,48.6,4.6,English,67.6,Pass
S0847,Male,D,48.6,4.6,History,84.4,Pass
S0847,Male,D,48.6,4.6,CS,77.8,Pass
S0848,Female,B,90.7,2.9,Maths,91.9,Pass
S0848,Female,B,90.7,2.9,Science,92.5,Pass
S0848,Female,B,90.7,2.9,English,76.8,Pass
S0848,Female,B,90.7,2.9,History,81.9,Pass
S0848,Female,B,90.7,2.9,CS,85.8,Pass
S0849,Male,C,63.4,2.1,Maths,56.6,Pass
S0849,Male,C,63.4,2.1,Science,56.9,Pass
S0849,Male,C,63.4,2.1,English,55.1,Pass
S0849,Male,C,63.4,2.1,History,67.0,Pass
S0849,Male,C,63.4,2.1,CS,64.8,Pass
S0850,Female,A,83.7,3.5,Maths,62.8,Pass
S0850,Female,A,83.7,3.5,Science,78.6,Pass
S0850,Female,A,83.7,3.5,English,76.2,Pass
S0850,Female,A,83.7,3.5,History,89.0,Pass
S0850,Female,A,83.7,3.5,CS,97.3,Pass
S0851,Male,C,77.9,2.6,Maths,78.1,Pass
S0851,Male,C,77.9,2.6,Science,66.6,Pass
S0851,Male,C,77.9,2.6,English,80.0,Pass
S0851,Male,C,77.9,2.6,History,73.7,Pass
S0851,Male,C,77.9,2.6,CS,71.2,Pass
S0852,Male,A,80.1,4.7,Maths,69.8,Pass
S0852,Male,A,80.1,4.7,Science,73.8,Pass
S0852,Male,A,80.1,4.7,English,76.6,Pass
S0852,Male,A,80.1,4.7,History,86.5,Pass
S0852,Male,A,80.1,4.7,CS,83.5,Pass
S0853,Female,A,75.0,4.7,Maths,95.1,Pass
S0853,Female,A,75.0,4.7,Science,83.6,Pass
S0853,Female,A,75.0,4.7,English,81.1,Pass
S0853,Female,A,75.0,4.7,History,73.8,Pass
S0853,Female,A,75.0,4.7,CS,66.5,Pass
S0854,Female,B,82.1,3.3,Maths,70.5,Pass
S0854,Female,B,82.1,3.3,Science,69.2,Pass
S0854,Female,B,82.1,3.3,English,50.6,Pass
S0854,Female,B,82.1,3.3,History,66.2,Pass
S0854,Female,B,82.1,3.3,CS,92.3,Pass
S0855,Male,B,82.1,7.0,Maths,87.3,Pass
S0855,Male,B,82.1,7.0,Science,79.8,Pass
S0855,Male,B,82.1,7.0,English,87.6,Pass
S0855,Male,B,82.1,7.0,History,64.1,Pass
S0855,Male,B,82.1,7.0,CS,86.4,Pass
S0856,Male,C,69.7,2.9,Maths,84.5,Pass
S0856,Male,C,69.7,2.9,Science,70.5,Pass
S0856,Male,C,69.7,2.9,English,54.0,Pass
S0856,Male,C,69.7,2.9,History,67.6,Pass
S0856,Male,C,69.7,2.9,CS,84.5,Pass
S0857,Female,B,63.8,3.8,Maths,74.4,Pass
S0857,Female,B,63.8,3.8,Science,57.6,Pass
S0857,Female,B,63.8,3.8,English,95.4,Pass
S0857,Female,B,63.8,3.8,History,59.2,Pass
S0857,Female,B,63.8,3.8,CS,69.3,Pass
S0858,Female,A,78.9,5.0,Maths,68.2,Pass
S0858,Female,A,78.9,5.0,Science,68.2,Pass
S0858,Female,A,78.9,5.0,English,74.1,Pass
S0858,Female,A,78.9,5.0,History,85.0,Pass
S0858,Female,A,78.9,5.0,CS,91.5,Pass
S0859,Male,B,85.3,5.3,Maths,77.4,Pass
S0859,Male,B,85.3,5.3,Science,71.2,Pass
S0859,Male,B,85.3,5.3,English,86.1,Pass
S0859,Male,B,85.3,5.3,History,86.4,Pass
S0859,Male,B,85.3,5.3,CS,83.7,Pass
S0860,Male,B,71.0,5.9,Maths,80.9,Pass
S0860,Male,B,71.0,5.9,Science,77.0,Pass
S0860,Male,B,71.0,5.9,English,79.1,Pass
S0860,Male,B,71.0,5.9,History,76.3,Pass
S0860,Male,B,71.0,5.9,CS,88.8,Pass
S0861,Female,C,77.9,4.6,Maths,99.9,Pass
S0861,Female,C,77.9,4.6,Science,79.5,Pass
S0861,Female,C,77.9,4.6,English,77.6,Pass
S0861,Female,C,77.9,4.6,History,80.2,Pass
S0861,Female,C,77.9,4.6,CS,71.1,Pass
S0862,Female,C,62.2,5.6,Maths,82.5,Pass
S0862,Female,C,62.2,5.6,Science,79.2,Pass
S0862,Female,C,62.2,5.6,English,70.6,Pass
S0862,Female,C,62.2,5.6,History,83.8,Pass
S0862,Female,C,62.2,5.6,CS,75.0,Pass
S0863,Female,A,78.3,3.0,Maths,64.8,Pass
S0863,Female,A,78.3,3.0,Science,78.0,Pass
S0863,Female,A,78.3,3.0,English,76.9,Pass
S0863,Female,A,78.3,3.0,History,84.1,Pass
S0863,Female,A,78.3,3.0,CS,82.8,Pass
S0864,Female,C,67.5,5.4,Maths,74.9,Pass
S0864,Female,C,67.5,5.4,Science,71.3,Pass
S0864,Female,C,67.5,5.4,English,76.0,Pass
S0864,Female,C,67.5,5.4,History,79.6,Pass
S0864,Female,C,67.5,5.4,CS,80.8,Pass
S0865,Male,C,96.4,5.4,Maths,87.6,Pass
S0865,Male,C,96.4,5.4,Science,83.7,Pass
S0865,Male,C,96.4,5.4,English,94.6,Pass
S0865,Male,C,96.4,5.4,History,77.9,Pass
S0865,Male,C,96.4,5.4,CS,100.0,Pass
S0866,Female,D,60.0,6.3,Maths,83.2,Pass
S0866,Female,D,60.0,6.3,Science,64.3,Pass
S0866,Female,D,60.0,6.3,English,77.4,Pass
S0866,Female,D,60.0,6.3,History,83.3,Pass
S0866,Female,D,60.0,6.3,CS,72.0,Pass
S0867,Female,C,89.4,1.5,Maths,59.9,Pass
S0867,Female,C,89.4,1.5,Science,64.4,Pass
S0867,Female,C,89.4,1.5,English,80.2,Pass
S0867,Female,C,89.4,1.5,History,57.3,Pass
S0867,Female,C,89.4,1.5,CS,60.3,Pass
S0868,Female,D,62.5,2.6,Maths,74.4,Pass
S0868,Female,D,62.5,2.6,Science,66.8,Pass
S0868,Female,D,62.5,2.6,English,62.1,Pass
S0868,Female,D,62.5,2.6,History,64.1,Pass
S0868,Female,D,62.5,2.6,CS,54.3,Pass
S0869,Male,A,85.1,5.2,Maths,85.8,Pass
S0869,Male,A,85.1,5.2,Science,72.9,Pass
S0869,Male,A,85.1,5.2,English,75.6,Pass
S0869,Male,A,85.1,5.2,History,84.5,Pass
S0869,Male,A,85.1,5.2,CS,78.4,Pass
S0870,Male,C,82.0,0.5,Maths,63.5,Pass
S0870,Male,C,82.0,0.5,Science,50.7,Pass
S0870,Male,C,82.0,0.5,English,74.3,Pass
S0870,Male,C,82.0,0.5,History,71.4,Pass
S0870,Male,C,82.0,0.5,CS,65.4,Pass
S0871,Female,A,83.0,4.7,Maths,69.0,Pass
S0871,Female,A,83.0,4.7,Science,79.5,Pass
S0871,Female,A,83.0,4.7,English,84.2,Pass
S0871,Female,A,83.0,4.7,History,80.4,Pass
S0871,Female,A,83.0,4.7,CS,95.8,Pass
S0872,Male,A,84.1,5.6,Maths,88.4,Pass
S0872,Male,A,84.1,5.6,Science,80.3,Pass
S0872,Male,A,84.1,5.6,English,88.8,Pass
S0872,Male,A,84.1,5.6,History,81.9,Pass
S0872,Male,A,84.1,5.6,CS,81.8,Pass
S0873,Female,D,62.1,3.1,Maths,82.9,Pass
S0873,Female,D,62.1,3.1,Science,60.9,Pass
S0873,Female,D,62.1,3.1,English,70.1,Pass
S0873,Female,D,62.1,3.1,History,81.8,Pass
S0873,Female,D,62.1,3.1,CS,73.0,Pass
S0874,Male,B,81.5,3.4,Maths,72.5,Pass
S0874,Male,B,81.5,3.4,Science,59.1,Pass
S0874,Male,B,81.5,3.4,English,53.5,Pass
S0874,Male,B,81.5,3.4,History,96.9,Pass
S0874,Male,B,81.5,3.4,CS,79.2,Pass
S0875,Female,C,49.4,2.4,Maths,58.7,Pass
S0875,Female,C,49.4,2.4,Science,68.1,Pass
S0875,Female,C,49.4,2.4,English,55.1,Pass
S0875,Female,C,49.4,2.4,History,61.3,Pass
S0875,Female,C,49.4,2.4,CS,55.2,Pass
S0876,Female,C,61.3,3.2,Maths,55.7,Pass
S0876,Female,C,61.3,3.2,Science,48.8,Pass
S0876,Female,C,61.3,3.2,English,53.8,Pass
S0876,Female,C,61.3,3.2,History,80.0,Pass
S0876,Female,C,61.3,3.2,CS,60.0,Pass
S0877,Male,C,69.2,3.3,Maths,77.6,Pass
S0877,Male,C,69.2,3.3,Science,81.8,Pass
S0877,Male,C,69.2,3.3,English,72.4,Pass
S0877,Male,C,69.2,3.3,History,69.3,Pass
S0877,Male,C,69.2,3.3,CS,73.6,Pass
S0878,Male,A,88.0,3.0,Maths,73.2,Pass
S0878,Male,A,88.0,3.0,Science,89.4,Pass
S0878,Male,A,88.0,3.0,English,96.1,Pass
S0878,Male,A,88.0,3.0,History,91.9,Pass
S0878,Male,A,88.0,3.0,CS,55.9,Pass
S0879,Female,A,70.0,2.9,Maths,67.4,Pass
S0879,Female,A,70.0,2.9,Science,71.8,Pass
S0879,Female,A,70.0,2.9,English,76.4,Pass
S0879,Female,A,70.0,2.9,History,54.5,Pass
S0879,Female,A,70.0,2.9,CS,54.3,Pass
S0880,Female,A,56.9,3.6,Maths,82.3,Pass
S0880,Female,A,56.9,3.6,Science,63.7,Pass
S0880,Female,A,56.9,3.6,English,54.4,Pass
S0880,Female,A,56.9,3.6,History,58.2,Pass
S0880,Female,A,56.9,3.6,CS,73.2,Pass
S0881,Male,D,69.9,3.6,Maths,64.9,Pass
S0881,Male,D,69.9,3.6,Science,75.5,Pass
S0881,Male,D,69.9,3.6,English,63.3,Pass
S0881,Male,D,69.9,3.6,History,55.7,Pass
S0881,Male,D,69.9,3.6,CS,87.4,Pass
S0882,Female,A,95.3,6.8,Maths,91.2,Pass
S0882,Female,A,95.3,6.8,Science,83.9,Pass
S0882,Female,A,95.3,6.8,English,82.0,Pass
S0882,Female,A,95.3,6.8,History,100.0,Pass
S0882,Female,A,95.3,6.8,CS,93.1,Pass
S0883,Female,C,66.2,3.4,Maths,83.1,Pass
S0883,Female,C,66.2,3.4,Science,65.8,Pass
S0883,Female,C,66.2,3.4,English,72.2,Pass
S0883,Female,C,66.2,3.4,History,75.7,Pass
S0883,Female,C,66.2,3.4,CS,66.2,Pass
S0884,Male,B,80.7,4.5,Maths,77.3,Pass
S0884,Male,B,80.7,4.5,Science,72.4,Pass
S0884,Male,B,80.7,4.5,English,82.2,Pass
S0884,Male,B,80.7,4.5,History,65.0,Pass
S0884,Male,B,80.7,4.5,CS,84.0,Pass
S0885,Male,A,96.1,3.1,Maths,83.2,Pass
S0885,Male,A,96.1,3.1,Science,78.1,Pass
S0885,Male,A,96.1,3.1,English,84.6,Pass
S0885,Male,A,96.1,3.1,History,76.4,Pass
S0885,Male,A,96.1,3.1,CS,73.4,Pass
S0886,Male,B,98.6,3.1,Maths,86.2,Pass
S0886,Male,B,98.6,3.1,Science,86.7,Pass
S0886,Male,B,98.6,3.1,English,75.7,Pass
S0886,Male,B,98.6,3.1,History,74.9,Pass
S0886,Male,B,98.6,3.1,CS,79.0,Pass
S0887,Male,A,89.5,1.4,Maths,69.2,Pass
S0887,Male,A,89.5,1.4,Science,90.0,Pass
S0887,Male,A,89.5,1.4,English,77.9,Pass
S0887,Male,A,89.5,1.4,History,74.9,Pass
S0887,Male,A,89.5,1.4,CS,65.4,Pass
S0888,Male,A,96.8,1.6,Maths,84.7,Pass
S0888,Male,A,96.8,1.6,Science,71.2,Pass
S0888,Male,A,96.8,1.6,English,70.8,Pass
S0888,Male,A,96.8,1.6,History,85.0,Pass
S0888,Male,A,96.8,1.6,CS,81.2,Pass
S0889,Male,A,77.7,2.2,Maths,47.7,Pass
S0889,Male,A,77.7,2.2,Science,71.1,Pass
S0889,Male,A,77.7,2.2,English,73.9,Pass
S0889,Male,A,77.7,2.2,History,69.3,Pass
S0889,Male,A,77.7,2.2,CS,74.3,Pass
S0890,Female,D,97.0,4.3,Maths,64.6,Pass
S0890,Female,D,97.0,4.3,Science,54.3,Pass
S0890,Female,D,97.0,4.3,English,72.9,Pass
S0890,Female,D,97.0,4.3,History,85.5,Pass
S0890,Female,D,97.0,4.3,CS,50.4,Pass
S0891,Male,C,69.0,5.6,Maths,68.5,Pass
S0891,Male,C,69.0,5.6,Science,57.7,Pass
S0891,Male,C,69.0,5.6,English,74.5,Pass
S0891,Male,C,69.0,5.6,History,96.5,Pass
S0891,Male,C,69.0,5.6,CS,74.8,Pass
S0892,Female,D,92.8,1.3,Maths,74.4,Pass
S0892,Female,D,92.8,1.3,Science,83.9,Pass
S0892,Female,D,92.8,1.3,English,75.7,Pass
S0892,Female,D,92.8,1.3,History,73.3,Pass
S0892,Female,D,92.8,1.3,CS,84.7,Pass
S0893,Male,B,69.0,3.2,Maths,76.8,Pass
S0893,Male,B,69.0,3.2,Science,74.9,Pass
S0893,Male,B,69.0,3.2,English,70.7,Pass
S0893,Male,B,69.0,3.2,History,68.6,Pass
S0893,Male,B,69.0,3.2,CS,81.2,Pass
S0894,Male,A,93.7,1.9,Maths,73.6,Pass
S0894,Male,A,93.7,1.9,Science,89.3,Pass
S0894,Male,A,93.7,1.9,English,66.5,Pass
S0894,Male,A,93.7,1.9,History,91.3,Pass
S0894,Male,A,93.7,1.9,CS,81.7,Pass
S0895,Female,C,83.9,3.6,Maths,67.7,Pass
S0895,Female,C,83.9,3.6,Science,82.5,Pass
S0895,Female,C,83.9,3.6,English,70.9,Pass
S0895,Female,C,83.9,3.6,History,77.7,Pass
S0895,Female,C,83.9,3.6,CS,72.5,Pass
S0896,Female,D,63.0,5.6,Maths,73.8,Pass
S0896,Female,D,63.0,5.6,Science,84.5,Pass
S0896,Female,D,63.0,5.6,English,80.3,Pass
S0896,Female,D,63.0,5.6,History,63.9,Pass
S0896,Female,D,63.0,5.6,CS,64.5,Pass
S0897,Male,C,46.3,3.3,Maths,68.3,Pass
S0897,Male,C,46.3,3.3,Science,69.0,Pass
S0897,Male,C,46.3,3.3,English,58.8,Pass
S0897,Male,C,46.3,3.3,History,81.5,Pass
S0897,Male,C,46.3,3.3,CS,73.7,Pass
S0898,Male,A,63.6,3.9,Maths,65.7,Pass
S0898,Male,A,63.6,3.9,Science,64.7,Pass
S0898,Male,A,63.6,3.9,English,69.7,Pass
S0898,Male,A,63.6,3.9,History,68.6,Pass
S0898,Male,A,63.6,3.9,CS,84.5,Pass
S0899,Male,B,91.5,6.2,Maths,94.6,Pass
S0899,Male,B,91.5,6.2,Science,85.2,Pass
S0899,Male,B,91.5,6.2,English,91.6,Pass
S0899,Male,B,91.5,6.2,History,93.0,Pass
S0899,Male,B,91.5,6.2,CS,85.4,Pass
S0900,Female,D,72.6,4.7,Maths,80.2,Pass
S0900,Female,D,72.6,4.7,Science,82.1,Pass
S0900,Female,D,72.6,4.7,English,81.0,Pass
S0900,Female,D,72.6,4.7,History,68.4,Pass
S0900,Female,D,72.6,4.7,CS,69.4,Pass
S0901,Male,C,58.0,2.9,Maths,65.2,Pass
S0901,Male,C,58.0,2.9,Science,61.1,Pass
S0901,Male,C,58.0,2.9,English,53.4,Pass
S0901,Male,C,58.0,2.9,History,74.9,Pass
S0901,Male,C,58.0,2.9,CS,71.6,Pass
S0902,Male,D,89.1,4.2,Maths,66.8,Pass
S0902,Male,D,89.1,4.2,Science,77.8,Pass
S0902,Male,D,89.1,4.2,English,78.4,Pass
S0902,Male,D,89.1,4.2,History,82.0,Pass
S0902,Male,D,89.1,4.2,CS,69.4,Pass
S0903,Male,C,94.4,2.8,Maths,65.3,Pass
S0903,Male,C,94.4,2.8,Science,84.0,Pass
S0903,Male,C,94.4,2.8,English,63.5,Pass
S0903,Male,C,94.4,2.8,History,76.5,Pass
S0903,Male,C,94.4,2.8,CS,75.6,Pass
S0904,Male,A,66.8,4.6,Maths,73.1,Pass
S0904,Male,A,66.8,4.6,Science,76.8,Pass
S0904,Male,A,66.8,4.6,English,90.3,Pass
S0904,Male,A,66.8,4.6,History,58.3,Pass
S0904,Male,A,66.8,4.6,CS,83.1,Pass
S0905,Female,D,89.3,4.8,Maths,56.2,Pass
S0905,Female,D,89.3,4.8,Science,95.3,Pass
S0905,Female,D,89.3,4.8,English,60.9,Pass
S0905,Female,D,89.3,4.8,History,100.0,Pass
S0905,Female,D,89.3,4.8,CS,77.4,Pass
S0906,Female,D,49.2,1.9,Maths,76.6,Pass
S0906,Female,D,49.2,1.9,Science,74.5,Pass
S0906,Female,D,49.2,1.9,English,59.3,Pass
S0906,Female,D,49.2,1.9,History,60.1,Pass
S0906,Female,D,49.2,1.9,CS,55.3,Pass
S0907,Male,C,74.2,4.3,Maths,83.7,Pass
S0907,Male,C,74.2,4.3,Science,71.5,Pass
S0907,Male,C,74.2,4.3,English,67.6,Pass
S0907,Male,C,74.2,4.3,History,81.2,Pass
S0907,Male,C,74.2,4.3,CS,66.8,Pass
S0908,Male,D,76.3,3.8,Maths,72.2,Pass
S0908,Male,D,76.3,3.8,Science,76.6,Pass
S0908,Male,D,76.3,3.8,English,69.1,Pass
S0908,Male,D,76.3,3.8,History,70.6,Pass
S0908,Male,D,76.3,3.8,CS,90.9,Pass
S0909,Male,A,75.5,4.8,Maths,75.2,Pass
S0909,Male,A,75.5,4.8,Science,73.7,Pass
S0909,Male,A,75.5,4.8,English,75.5,Pass
S0909,Male,A,75.5,4.8,History,81.8,Pass
S0909,Male,A,75.5,4.8,CS,66.9,Pass
S0910,Male,D,47.0,5.2,Maths,73.9,Pass
S0910,Male,D,47.0,5.2,Science,72.1,Pass
S0910,Male,D,47.0,5.2,English,51.7,Pass
S0910,Male,D,47.0,5.2,History,87.5,Pass
S0910,Male,D,47.0,5.2,CS,84.2,Pass
S0911,Female,A,90.4,4.7,Maths,73.5,Pass
S0911,Female,A,90.4,4.7,Science,70.3,Pass
S0911,Female,A,90.4,4.7,English,83.8,Pass
S0911,Female,A,90.4,4.7,History,67.3,Pass
S0911,Female,A,90.4,4.7,CS,95.2,Pass
S0912,Female,D,83.2,3.5,Maths,72.4,Pass
S0912,Female,D,83.2,3.5,Science,93.3,Pass
S0912,Female,D,83.2,3.5,English,68.8,Pass
S0912,Female,D,83.2,3.5,History,75.9,Pass
S0912,Female,D,83.2,3.5,CS,89.7,Pass
S0913,Female,A,85.2,5.4,Maths,78.1,Pass
S0913,Female,A,85.2,5.4,Science,84.1,Pass
S0913,Female,A,85.2,5.4,English,92.3,Pass
S0913,Female,A,85.2,5.4,History,75.8,Pass
S0913,Female,A,85.2,5.4,CS,68.7,Pass
S0914,Female,C,76.1,2.7,Maths,58.6,Pass
S0914,Female,C,76.1,2.7,Science,79.1,Pass
S0914,Female,C,76.1,2.7,English,77.1,Pass
S0914,Female,C,76.1,2.7,History,83.8,Pass
S0914,Female,C,76.1,2.7,CS,70.5,Pass
S0915,Female,D,77.4,2.0,Maths,58.0,Pass
S0915,Female,D,77.4,2.0,Science,48.7,Pass
S0915,Female,D,77.4,2.0,English,100.0,Pass
S0915,Female,D,77.4,2.0,History,77.5,Pass
S0915,Female,D,77.4,2.0,CS,73.6,Pass
S0916,Female,A,71.2,0.5,Maths,70.1,Pass
S0916,Female,A,71.2,0.5,Science,53.0,Pass
S0916,Female,A,71.2,0.5,English,59.4,Pass
S0916,Female,A,71.2,0.5,History,84.8,Pass
S0916,Female,A,71.2,0.5,CS,73.9,Pass
S0917,Male,A,91.4,3.9,Maths,72.6,Pass
S0917,Male,A,91.4,3.9,Science,67.9,Pass
S0917,Male,A,91.4,3.9,English,75.1,Pass
S0917,Male,A,91.4,3.9,History,77.1,Pass
S0917,Male,A,91.4,3.9,CS,100.0,Pass
S0918,Male,D,71.1,2.8,Maths,70.0,Pass
S0918,Male,D,71.1,2.8,Science,60.0,Pass
S0918,Male,D,71.1,2.8,English,71.3,Pass
S0918,Male,D,71.1,2.8,History,74.5,Pass
S0918,Male,D,71.1,2.8,CS,59.1,Pass
S0919,Male,A,94.0,4.6,Maths,86.4,Pass
S0919,Male,A,94.0,4.6,Science,94.5,Pass
S0919,Male,A,94.0,4.6,English,83.8,Pass
S0919,Male,A,94.0,4.6,History,74.4,Pass
S0919,Male,A,94.0,4.6,CS,77.1,Pass
S0920,Female,C,84.7,1.0,Maths,55.9,Pass
S0920,Female,C,84.7,1.0,Science,71.2,Pass
S0920,Female,C,84.7,1.0,English,75.6,Pass
S0920,Female,C,84.7,1.0,History,63.5,Pass
S0920,Female,C,84.7,1.0,CS,91.9,Pass
S0921,Male,D,71.8,3.0,Maths,80.5,Pass
S0921,Male,D,71.8,3.0,Science,54.7,Pass
S0921,Male,D,71.8,3.0,English,54.9,Pass
S0921,Male,D,71.8,3.0,History,62.8,Pass
S0921,Male,D,71.8,3.0,CS,88.3,Pass
S0922,Female,C,78.9,4.7,Maths,87.0,Pass
S0922,Female,C,78.9,4.7,Science,94.3,Pass
S0922,Female,C,78.9,4.7,English,78.2,Pass
S0922,Female,C,78.9,4.7,History,76.0,Pass
S0922,Female,C,78.9,4.7,CS,65.6,Pass
S0923,Female,B,77.9,2.5,Maths,76.8,Pass
S0923,Female,B,77.9,2.5,Science,71.3,Pass
S0923,Female,B,77.9,2.5,English,70.9,Pass
S0923,Female,B,77.9,2.5,History,89.5,Pass
S0923,Female,B,77.9,2.5,CS,72.0,Pass
S0924,Female,B,74.6,4.6,Maths,89.9,Pass
S0924,Female,B,74.6,4.6,Science,60.7,Pass
S0924,Female,B,74.6,4.6,English,100.0,Pass
S0924,Female,B,74.6,4.6,History,72.9,Pass
S0924,Female,B,74.6,4.6,CS,83.7,Pass
S0925,Male,C,69.3,3.2,Maths,80.8,Pass
S0925,Male,C,69.3,3.2,Science,67.1,Pass
S0925,Male,C,69.3,3.2,English,80.3,Pass
S0925,Male,C,69.3,3.2,History,80.8,Pass
S0925,Male,C,69.3,3.2,CS,65.0,Pass
S0926,Male,C,71.1,4.0,Maths,67.2,Pass
S0926,Male,C,71.1,4.0,Science,74.7,Pass
S0926,Male,C,71.1,4.0,English,73.1,Pass
S0926,Male,C,71.1,4.0,History,88.2,Pass
S0926,Male,C,71.1,4.0,CS,81.3,Pass
S0927,Male,C,84.2,4.9,Maths,79.3,Pass
S0927,Male,C,84.2,4.9,Science,86.1,Pass
S0927,Male,C,84.2,4.9,English,59.6,Pass
S0927,Male,C,84.2,4.9,History,73.9,Pass
S0927,Male,C,84.2,4.9,CS,82.9,Pass
S0928,Female,A,78.3,5.4,Maths,90.5,Pass
S0928,Female,A,78.3,5.4,Science,81.3,Pass
S0928,Female,A,78.3,5.4,English,93.9,Pass
S0928,Female,A,78.3,5.4,History,88.0,Pass
S0928,Female,A,78.3,5.4,CS,74.5,Pass
S0929,Female,C,82.3,4.1,Maths,76.6,Pass
S0929,Female,C,82.3,4.1,Science,82.0,Pass
S0929,Female,C,82.3,4.1,English,73.5,Pass
S0929,Female,C,82.3,4.1,History,93.3,Pass
S0929,Female,C,82.3,4.1,CS,66.9,Pass
S0930,Female,C,87.5,2.8,Maths,80.0,Pass
S0930,Female,C,87.5,2.8,Science,84.2,Pass
S0930,Female,C,87.5,2.8,English,73.7,Pass
S0930,Female,C,87.5,2.8,History,71.4,Pass
S0930,Female,C,87.5,2.8,CS,76.1,Pass
S0931,Male,C,64.6,3.3,Maths,79.1,Pass
S0931,Male,C,64.6,3.3,Science,66.0,Pass
S0931,Male,C,64.6,3.3,English,60.3,Pass
S0931,Male,C,64.6,3.3,History,82.5,Pass
S0931,Male,C,64.6,3.3,CS,75.0,Pass
S0932,Male,A,77.2,5.0,Maths,88.1,Pass
S0932,Male,A,77.2,5.0,Science,85.7,Pass
S0932,Male,A,77.2,5.0,English,99.9,Pass
S0932,Male,A,77.2,5.0,History,89.2,Pass
S0932,Male,A,77.2,5.0,CS,70.8,Pass
S0933,Male,C,74.6,2.5,Maths,77.0,Pass
S0933,Male,C,74.6,2.5,Science,66.7,Pass
S0933,Male,C,74.6,2.5,English,67.8,Pass
S0933,Male,C,74.6,2.5,History,58.2,Pass
S0933,Male,C,74.6,2.5,CS,69.5,Pass
S0934,Female,C,42.5,3.7,Maths,70.7,Pass
S0934,Female,C,42.5,3.7,Science,64.6,Pass
S0934,Female,C,42.5,3.7,English,54.2,Pass
S0934,Female,C,42.5,3.7,History,50.0,Pass
S0934,Female,C,42.5,3.7,CS,86.3,Pass
S0935,Female,A,71.8,3.4,Maths,76.6,Pass
S0935,Female,A,71.8,3.4,Science,65.1,Pass
S0935,Female,A,71.8,3.4,English,78.0,Pass
S0935,Female,A,71.8,3.4,History,95.3,Pass
S0935,Female,A,71.8,3.4,CS,79.6,Pass
S0936,Male,D,77.3,3.8,Maths,48.0,Pass
S0936,Male,D,77.3,3.8,Science,100.0,Pass
S0936,Male,D,77.3,3.8,English,57.4,Pass
S0936,Male,D,77.3,3.8,History,73.8,Pass
S0936,Male,D,77.3,3.8,CS,64.5,Pass
S0937,Female,C,94.6,2.5,Maths,71.0,Pass
S0937,Female,C,94.6,2.5,Science,81.2,Pass
S0937,Female,C,94.6,2.5,English,57.6,Pass
S0937,Female,C,94.6,2.5,History,77.5,Pass
S0937,Female,C,94.6,2.5,CS,89.8,Pass
S0938,Male,B,67.5,1.2,Maths,59.3,Pass
S0938,Male,B,67.5,1.2,Science,53.8,Pass
S0938,Male,B,67.5,1.2,English,66.3,Pass
S0938,Male,B,67.5,1.2,History,64.3,Pass
S0938,Male,B,67.5,1.2,CS,61.8,Pass
S0939,Female,C,52.5,4.8,Maths,58.4,Pass
S0939,Female,C,52.5,4.8,Science,75.5,Pass
S0939,Female,C,52.5,4.8,English,76.3,Pass
S0939,Female,C,52.5,4.8,History,59.6,Pass
S0939,Female,C,52.5,4.8,CS,61.0,Pass
S0940,Male,C,77.5,5.4,Maths,80.5,Pass
S0940,Male,C,77.5,5.4,Science,69.5,Pass
S0940,Male,C,77.5,5.4,English,80.9,Pass
S0940,Male,C,77.5,5.4,History,93.8,Pass
S0940,Male,C,77.5,5.4,CS,78.5,Pass
S0941,Male,C,97.5,1.3,Maths,64.7,Pass
S0941,Male,C,97.5,1.3,Science,80.8,Pass
S0941,Male,C,97.5,1.3,English,75.1,Pass
S0941,Male,C,97.5,1.3,History,75.4,Pass
S0941,Male,C,97.5,1.3,CS,81.6,Pass
S0942,Female,B,89.2,4.6,Maths,87.8,Pass
S0942,Female,B,89.2,4.6,Science,81.2,Pass
S0942,Female,B,89.2,4.6,English,80.3,Pass
S0942,Female,B,89.2,4.6,History,100.0,Pass
S0942,Female,B,89.2,4.6,CS,92.9,Pass
S0943,Male,D,75.0,5.6,Maths,87.1,Pass
S0943,Male,D,75.0,5.6,Science,80.1,Pass
S0943,Male,D,75.0,5.6,English,68.7,Pass
S0943,Male,D,75.0,5.6,History,90.0,Pass
S0943,Male,D,75.0,5.6,CS,80.2,Pass
S0944,Male,D,67.8,4.9,Maths,69.4,Pass
S0944,Male,D,67.8,4.9,Science,72.7,Pass
S0944,Male,D,67.8,4.9,English,65.5,Pass
S0944,Male,D,67.8,4.9,History,85.7,Pass
S0944,Male,D,67.8,4.9,CS,82.0,Pass
S0945,Male,A,72.5,3.4,Maths,75.3,Pass
S0945,Male,A,72.5,3.4,Science,73.1,Pass
S0945,Male,A,72.5,3.4,English,66.7,Pass
S0945,Male,A,72.5,3.4,History,52.2,Pass
S0945,Male,A,72.5,3.4,CS,59.4,Pass
S0946,Male,C,84.7,2.6,Maths,68.1,Pass
S0946,Male,C,84.7,2.6,Science,66.6,Pass
S0946,Male,C,84.7,2.6,English,78.5,Pass
S0946,Male,C,84.7,2.6,History,83.7,Pass
S0946,Male,C,84.7,2.6,CS,74.3,Pass
S0947,Female,A,89.8,4.1,Maths,94.3,Pass
S0947,Female,A,89.8,4.1,Science,72.4,Pass
S0947,Female,A,89.8,4.1,English,78.8,Pass
S0947,Female,A,89.8,4.1,History,79.7,Pass
S0947,Female,A,89.8,4.1,CS,91.1,Pass
S0948,Female,B,85.9,4.4,Maths,80.6,Pass
S0948,Female,B,85.9,4.4,Science,80.9,Pass
S0948,Female,B,85.9,4.4,English,63.0,Pass
S0948,Female,B,85.9,4.4,History,70.5,Pass
S0948,Female,B,85.9,4.4,CS,90.5,Pass
S0949,Female,D,98.8,4.1,Maths,62.2,Pass
S0949,Female,D,98.8,4.1,Science,96.3,Pass
S0949,Female,D,98.8,4.1,English,87.9,Pass
S0949,Female,D,98.8,4.1,History,75.4,Pass
S0949,Female,D,98.8,4.1,CS,74.6,Pass
S0950,Male,A,76.6,3.7,Maths,94.4,Pass
S0950,Male,A,76.6,3.7,Science,89.6,Pass
S0950,Male,A,76.6,3.7,English,74.2,Pass
S0950,Male,A,76.6,3.7,History,76.8,Pass
S0950,Male,A,76.6,3.7,CS,69.0,Pass
S0951,Female,B,56.0,2.4,Maths,67.9,Pass
S0951,Female,B,56.0,2.4,Science,59.8,Pass
S0951,Female,B,56.0,2.4,English,65.8,Pass
S0951,Female,B,56.0,2.4,History,84.7,Pass
S0951,Female,B,56.0,2.4,CS,65.6,Pass
S0952,Male,A,69.4,4.6,Maths,64.6,Pass
S0952,Male,A,69.4,4.6,Science,61.4,Pass
S0952,Male,A,69.4,4.6,English,76.4,Pass
S0952,Male,A,69.4,4.6,History,67.5,Pass
S0952,Male,A,69.4,4.6,CS,77.5,Pass
S0953,Male,C,78.5,4.7,Maths,61.8,Pass
S0953,Male,C,78.5,4.7,Science,84.9,Pass
S0953,Male,C,78.5,4.7,English,67.4,Pass
S0953,Male,C,78.5,4.7,History,78.4,Pass
S0953,Male,C,78.5,4.7,CS,74.6,Pass
S0954,Male,B,93.1,4.3,Maths,98.7,Pass
S0954,Male,B,93.1,4.3,Science,83.2,Pass
S0954,Male,B,93.1,4.3,English,100.0,Pass
S0954,Male,B,93.1,4.3,History,87.1,Pass
S0954,Male,B,93.1,4.3,CS,95.8,Pass
S0955,Female,C,95.1,4.2,Maths,79.8,Pass
S0955,Female,C,95.1,4.2,Science,85.3,Pass
S0955,Female,C,95.1,4.2,English,94.0,Pass
S0955,Female,C,95.1,4.2,History,90.9,Pass
S0955,Female,C,95.1,4.2,CS,87.2,Pass
S0956,Female,D,91.9,6.5,Maths,82.3,Pass
S0956,Female,D,91.9,6.5,Science,84.0,Pass
S0956,Female,D,91.9,6.5,English,97.0,Pass
S0956,Female,D,91.9,6.5,History,99.1,Pass
S0956,Female,D,91.9,6.5,CS,79.7,Pass
S0957,Female,C,73.7,3.1,Maths,65.8,Pass
S0957,Female,C,73.7,3.1,Science,64.2,Pass
S0957,Female,C,73.7,3.1,English,81.5,Pass
S0957,Female,C,73.7,3.1,History,63.9,Pass
S0957,Female,C,73.7,3.1,CS,81.4,Pass
S0958,Male,C,81.2,5.9,Maths,86.7,Pass
S0958,Male,C,81.2,5.9,Science,75.8,Pass
S0958,Male,C,81.2,5.9,English,96.9,Pass
S0958,Male,C,81.2,5.9,History,66.6,Pass
S0958,Male,C,81.2,5.9,CS,97.8,Pass
S0959,Male,A,67.9,2.9,Maths,74.4,Pass
S0959,Male,A,67.9,2.9,Science,50.4,Pass
S0959,Male,A,67.9,2.9,English,87.1,Pass
S0959,Male,A,67.9,2.9,History,80.9,Pass
S0959,Male,A,67.9,2.9,CS,66.9,Pass
S0960,Female,A,80.9,5.7,Maths,70.9,Pass
S0960,Female,A,80.9,5.7,Science,64.9,Pass
S0960,Female,A,80.9,5.7,English,100.0,Pass
S0960,Female,A,80.9,5.7,History,71.4,Pass
S0960,Female,A,80.9,5.7,CS,68.0,Pass
S0961,Female,D,89.5,5.9,Maths,86.2,Pass
S0961,Female,D,89.5,5.9,Science,67.2,Pass
S0961,Female,D,89.5,5.9,English,73.7,Pass
S0961,Female,D,89.5,5.9,History,93.5,Pass
S0961,Female,D,89.5,5.9,CS,88.2,Pass
S0962,Male,D,87.7,3.6,Maths,74.6,Pass
S0962,Male,D,87.7,3.6,Science,78.6,Pass
S0962,Male,D,87.7,3.6,English,74.0,Pass
S0962,Male,D,87.7,3.6,History,77.8,Pass
S0962,Male,D,87.7,3.6,CS,70.8,Pass
S0963,Male,C,96.8,6.5,Maths,81.2,Pass
S0963,Male,C,96.8,6.5,Science,80.9,Pass
S0963,Male,C,96.8,6.5,English,79.8,Pass
S0963,Male,C,96.8,6.5,History,97.4,Pass
S0963,Male,C,96.8,6.5,CS,94.7,Pass
S0964,Male,B,74.3,4.7,Maths,67.4,Pass
S0964,Male,B,74.3,4.7,Science,64.7,Pass
S0964,Male,B,74.3,4.7,English,75.1,Pass
S0964,Male,B,74.3,4.7,History,98.2,Pass
S0964,Male,B,74.3,4.7,CS,66.4,Pass
S0965,Female,A,91.1,2.7,Maths,76.1,Pass
S0965,Female,A,91.1,2.7,Science,78.6,Pass
S0965,Female,A,91.1,2.7,English,76.6,Pass
S0965,Female,A,91.1,2.7,History,73.1,Pass
S0965,Female,A,91.1,2.7,CS,89.2,Pass
S0966,Male,D,72.3,3.4,Maths,78.1,Pass
S0966,Male,D,72.3,3.4,Science,82.0,Pass
S0966,Male,D,72.3,3.4,English,79.5,Pass
S0966,Male,D,72.3,3.4,History,82.5,Pass
S0966,Male,D,72.3,3.4,CS,89.4,Pass
S0967,Female,D,88.7,5.7,Maths,96.3,Pass
S0967,Female,D,88.7,5.7,Science,100.0,Pass
S0967,Female,D,88.7,5.7,English,95.2,Pass
S0967,Female,D,88.7,5.7,History,76.3,Pass
S0967,Female,D,88.7,5.7,CS,91.5,Pass
S0968,Male,A,84.9,5.4,Maths,88.3,Pass
S0968,Male,A,84.9,5.4,Science,100.0,Pass
S0968,Male,A,84.9,5.4,English,71.6,Pass
S0968,Male,A,84.9,5.4,History,86.8,Pass
S0968,Male,A,84.9,5.4,CS,74.4,Pass
S0969,Female,C,79.9,2.4,Maths,78.9,Pass
S0969,Female,C,79.9,2.4,Science,71.6,Pass
S0969,Female,C,79.9,2.4,English,78.6,Pass
S0969,Female,C,79.9,2.4,History,59.7,Pass
S0969,Female,C,79.9,2.4,CS,81.7,Pass
S0970,Male,C,81.8,3.8,Maths,79.2,Pass
S0970,Male,C,81.8,3.8,Science,78.6,Pass
S0970,Male,C,81.8,3.8,English,96.6,Pass
S0970,Male,C,81.8,3.8,History,73.3,Pass
S0970,Male,C,81.8,3.8,CS,80.5,Pass
S0971,Male,B,86.8,4.3,Maths,80.7,Pass
S0971,Male,B,86.8,4.3,Science,81.6,Pass
S0971,Male,B,86.8,4.3,English,100.0,Pass
S0971,Male,B,86.8,4.3,History,80.3,Pass
S0971,Male,B,86.8,4.3,CS,74.0,Pass
S0972,Male,D,83.5,3.2,Maths,95.2,Pass
S0972,Male,D,83.5,3.2,Science,73.4,Pass
S0972,Male,D,83.5,3.2,English,60.5,Pass
S0972,Male,D,83.5,3.2,History,69.1,Pass
S0972,Male,D,83.5,3.2,CS,64.0,Pass
S0973,Male,A,69.4,7.5,Maths,62.9,Pass
S0973,Male,A,69.4,7.5,Science,77.3,Pass
S0973,Male,A,69.4,7.5,English,80.2,Pass
S0973,Male,A,69.4,7.5,History,92.7,Pass
S0973,Male,A,69.4,7.5,CS,87.2,Pass
S0974,Female,B,68.7,4.4,Maths,80.1,Pass
S0974,Female,B,68.7,4.4,Science,65.4,Pass
S0974,Female,B,68.7,4.4,English,83.2,Pass
S0974,Female,B,68.7,4.4,History,88.2,Pass
S0974,Female,B,68.7,4.4,CS,78.3,Pass
S0975,Male,A,59.6,3.9,Maths,74.9,Pass
S0975,Male,A,59.6,3.9,Science,58.1,Pass
S0975,Male,A,59.6,3.9,English,81.2,Pass
S0975,Male,A,59.6,3.9,History,88.5,Pass
S0975,Male,A,59.6,3.9,CS,73.9,Pass
S0976,Female,C,86.4,5.8,Maths,76.6,Pass
S0976,Female,C,86.4,5.8,Science,80.9,Pass
S0976,Female,C,86.4,5.8,English,78.3,Pass
S0976,Female,C,86.4,5.8,History,78.9,Pass
S0976,Female,C,86.4,5.8,CS,89.0,Pass
S0977,Male,C,71.4,3.5,Maths,76.1,Pass
S0977,Male,C,71.4,3.5,Science,83.4,Pass
S0977,Male,C,71.4,3.5,English,77.0,Pass
S0977,Male,C,71.4,3.5,History,64.7,Pass
S0977,Male,C,71.4,3.5,CS,68.3,Pass
S0978,Male,D,74.3,5.5,Maths,72.7,Pass
S0978,Male,D,74.3,5.5,Science,76.4,Pass
S0978,Male,D,74.3,5.5,English,96.2,Pass
S0978,Male,D,74.3,5.5,History,97.8,Pass
S0978,Male,D,74.3,5.5,CS,86.7,Pass
S0979,Female,C,84.9,1.5,Maths,74.7,Pass
S0979,Female,C,84.9,1.5,Science,59.8,Pass
S0979,Female,C,84.9,1.5,English,75.7,Pass
S0979,Female,C,84.9,1.5,History,65.6,Pass
S0979,Female,C,84.9,1.5,CS,89.8,Pass
S0980,Male,A,84.7,3.3,Maths,61.0,Pass
S0980,Male,A,84.7,3.3,Science,80.9,Pass
S0980,Male,A,84.7,3.3,English,68.3,Pass
S0980,Male,A,84.7,3.3,History,77.0,Pass
S0980,Male,A,84.7,3.3,CS,83.7,Pass
S0981,Female,B,88.8,5.6,Maths,93.0,Pass
S0981,Female,B,88.8,5.6,Science,82.2,Pass
S0981,Female,B,88.8,5.6,English,90.4,Pass
S0981,Female,B,88.8,5.6,History,76.2,Pass
S0981,Female,B,88.8,5.6,CS,85.3,Pass
S0982,Female,A,75.4,6.4,Maths,90.4,Pass
S0982,Female,A,75.4,6.4,Science,83.7,Pass
S0982,Female,A,75.4,6.4,English,75.0,Pass
S0982,Female,A,75.4,6.4,History,77.5,Pass
S0982,Female,A,75.4,6.4,CS,90.5,Pass
S0983,Female,C,77.4,2.8,Maths,63.0,Pass
S0983,Female,C,77.4,2.8,Science,64.4,Pass
S0983,Female,C,77.4,2.8,English,79.9,Pass
S0983,Female,C,77.4,2.8,History,69.5,Pass
S0983,Female,C,77.4,2.8,CS,59.4,Pass
S0984,Male,C,80.5,2.7,Maths,88.0,Pass
S0984,Male,C,80.5,2.7,Science,63.5,Pass
S0984,Male,C,80.5,2.7,English,72.5,Pass
S0984,Male,C,80.5,2.7,History,68.3,Pass
S0984,Male,C,80.5,2.7,CS,71.5,Pass
S0985,Male,D,67.3,4.9,Maths,66.0,Pass
S0985,Male,D,67.3,4.9,Science,82.0,Pass
S0985,Male,D,67.3,4.9,English,76.0,Pass
S0985,Male,D,67.3,4.9,History,84.7,Pass
S0985,Male,D,67.3,4.9,CS,68.8,Pass
S0986,Female,B,87.6,3.1,Maths,98.8,Pass
S0986,Female,B,87.6,3.1,Science,58.4,Pass
S0986,Female,B,87.6,3.1,English,61.6,Pass
S0986,Female,B,87.6,3.1,History,95.0,Pass
S0986,Female,B,87.6,3.1,CS,82.2,Pass
S0987,Male,B,76.7,3.6,Maths,78.6,Pass
S0987,Male,B,76.7,3.6,Science,79.5,Pass
S0987,Male,B,76.7,3.6,English,80.9,Pass
S0987,Male,B,76.7,3.6,History,78.2,Pass
S0987,Male,B,76.7,3.6,CS,65.5,Pass
S0988,Male,A,74.1,5.3,Maths,86.1,Pass
S0988,Male,A,74.1,5.3,Science,84.5,Pass
S0988,Male,A,74.1,5.3,English,92.2,Pass
S0988,Male,A,74.1,5.3,History,95.5,Pass
S0988,Male,A,74.1,5.3,CS,81.2,Pass
S0989,Male,B,67.8,3.2,Maths,59.4,Pass
S0989,Male,B,67.8,3.2,Science,89.4,Pass
S0989,Male,B,67.8,3.2,English,61.5,Pass
S0989,Male,B,67.8,3.2,History,75.1,Pass
S0989,Male,B,67.8,3.2,CS,69.1,Pass
S0990,Female,B,89.7,1.1,Maths,69.7,Pass
S0990,Female,B,89.7,1.1,Science,81.7,Pass
S0990,Female,B,89.7,1.1,English,76.5,Pass
S0990,Female,B,89.7,1.1,History,79.1,Pass
S0990,Female,B,89.7,1.1,CS,65.9,Pass
S0991,Female,D,73.1,2.0,Maths,69.3,Pass
S0991,Female,D,73.1,2.0,Science,63.3,Pass
S0991,Female,D,73.1,2.0,English,69.0,Pass
S0991,Female,D,73.1,2.0,History,69.9,Pass
S0991,Female,D,73.1,2.0,CS,89.5,Pass
S0992,Female,D,44.1,4.0,Maths,63.7,Pass
S0992,Female,D,44.1,4.0,Science,45.0,Pass
S0992,Female,D,44.1,4.0,English,80.2,Pass
S0992,Female,D,44.1,4.0,History,70.8,Pass
S0992,Female,D,44.1,4.0,CS,65.0,Pass
S0993,Female,A,83.1,1.2,Maths,68.0,Pass
S0993,Female,A,83.1,1.2,Science,62.9,Pass
S0993,Female,A,83.1,1.2,English,91.7,Pass
S0993,Female,A,83.1,1.2,History,72.9,Pass
S0993,Female,A,83.1,1.2,CS,55.0,Pass
S0994,Male,B,80.8,3.6,Maths,79.6,Pass
S0994,Male,B,80.8,3.6,Science,88.4,Pass
S0994,Male,B,80.8,3.6,English,77.9,Pass
S0994,Male,B,80.8,3.6,History,67.3,Pass
S0994,Male,B,80.8,3.6,CS,66.4,Pass
S0995,Female,C,81.4,1.9,Maths,64.1,Pass
S0995,Female,C,81.4,1.9,Science,88.5,Pass
S0995,Female,C,81.4,1.9,English,72.5,Pass
S0995,Female,C,81.4,1.9,History,56.5,Pass
S0995,Female,C,81.4,1.9,CS,77.1,Pass
S0996,Male,B,61.7,6.5,Maths,77.8,Pass
S0996,Male,B,61.7,6.5,Science,71.9,Pass
S0996,Male,B,61.7,6.5,English,66.2,Pass
S0996,Male,B,61.7,6.5,History,65.8,Pass
S0996,Male,B,61.7,6.5,CS,87.3,Pass
S0997,Female,A,54.1,7.2,Maths,78.2,Pass
S0997,Female,A,54.1,7.2,Science,80.5,Pass
S0997,Female,A,54.1,7.2,English,78.2,Pass
S0997,Female,A,54.1,7.2,History,79.0,Pass
S0997,Female,A,54.1,7.2,CS,71.0,Pass
S0998,Male,D,74.0,2.4,Maths,70.0,Pass
S0998,Male,D,74.0,2.4,Science,83.7,Pass
S0998,Male,D,74.0,2.4,English,86.2,Pass
S0998,Male,D,74.0,2.4,History,59.8,Pass
S0998,Male,D,74.0,2.4,CS,69.9,Pass
S0999,Female,C,45.7,4.4,Maths,75.9,Pass
S0999,Female,C,45.7,4.4,Science,86.3,Pass
S0999,Female,C,45.7,4.4,English,85.3,Pass
S0999,Female,C,45.7,4.4,History,59.5,Pass
S0999,Female,C,45.7,4.4,CS,80.2,Pass
S1000,Male,C,59.3,2.6,Maths,68.5,Pass
S1000,Male,C,59.3,2.6,Science,78.3,Pass
S1000,Male,C,59.3,2.6,English,75.8,Pass
S1000,Male,C,59.3,2.6,History,55.3,Pass
S1000,Male,C,59.3,2.6,CS,73.4,Pass
S1001,Male,B,92.9,3.5,Maths,90.0,Pass
S1001,Male,B,92.9,3.5,Science,79.8,Pass
S1001,Male,B,92.9,3.5,English,77.5,Pass
S1001,Male,B,92.9,3.5,History,64.2,Pass
S1001,Male,B,92.9,3.5,CS,86.8,Pass
S1002,Male,D,87.7,6.7,Maths,86.8,Pass
S1002,Male,D,87.7,6.7,Science,75.5,Pass
S1002,Male,D,87.7,6.7,English,81.5,Pass
S1002,Male,D,87.7,6.7,History,86.3,Pass
S1002,Male,D,87.7,6.7,CS,79.1,Pass
S1003,Male,A,91.2,3.3,Maths,79.0,Pass
S1003,Male,A,91.2,3.3,Science,61.5,Pass
S1003,Male,A,91.2,3.3,English,92.5,Pass
S1003,Male,A,91.2,3.3,History,79.1,Pass
S1003,Male,A,91.2,3.3,CS,68.0,Pass
S1004,Male,B,85.9,3.6,Maths,53.3,Pass
S1004,Male,B,85.9,3.6,Science,88.2,Pass
S1004,Male,B,85.9,3.6,English,83.5,Pass
S1004,Male,B,85.9,3.6,History,80.0,Pass
S1004,Male,B,85.9,3.6,CS,86.5,Pass
S1005,Female,D,60.6,2.6,Maths,77.0,Pass
S1005,Female,D,60.6,2.6,Science,70.3,Pass
S1005,Female,D,60.6,2.6,English,65.8,Pass
S1005,Female,D,60.6,2.6,History,64.2,Pass
S1005,Female,D,60.6,2.6,CS,72.6,Pass
S1006,Male,D,90.8,5.7,Maths,97.6,Pass
S1006,Male,D,90.8,5.7,Science,82.6,Pass
S1006,Male,D,90.8,5.7,English,98.4,Pass
S1006,Male,D,90.8,5.7,History,87.4,Pass
S1006,Male,D,90.8,5.7,CS,87.5,Pass
S1007,Female,B,77.0,0.5,Maths,93.2,Pass
S1007,Female,B,77.0,0.5,Science,85.6,Pass
S1007,Female,B,77.0,0.5,English,85.9,Pass
S1007,Female,B,77.0,0.5,History,61.1,Pass
S1007,Female,B,77.0,0.5,CS,91.0,Pass
S1008,Male,C,68.0,3.3,Maths,71.2,Pass
S1008,Male,C,68.0,3.3,Science,69.8,Pass
S1008,Male,C,68.0,3.3,English,50.5,Pass
S1008,Male,C,68.0,3.3,History,75.3,Pass
S1008,Male,C,68.0,3.3,CS,61.2,Pass
S1009,Female,A,87.0,3.9,Maths,83.0,Pass
S1009,Female,A,87.0,3.9,Science,67.3,Pass
S1009,Female,A,87.0,3.9,English,96.9,Pass
S1009,Female,A,87.0,3.9,History,84.5,Pass
S1009,Female,A,87.0,3.9,CS,100.0,Pass
S1010,Male,A,80.5,3.0,Maths,64.9,Pass
S1010,Male,A,80.5,3.0,Science,90.7,Pass
S1010,Male,A,80.5,3.0,English,57.1,Pass
S1010,Male,A,80.5,3.0,History,77.3,Pass
S1010,Male,A,80.5,3.0,CS,68.9,Pass
S1011,Female,B,75.2,5.3,Maths,73.7,Pass
S1011,Female,B,75.2,5.3,Science,73.0,Pass
S1011,Female,B,75.2,5.3,English,69.0,Pass
S1011,Female,B,75.2,5.3,History,65.6,Pass
S1011,Female,B,75.2,5.3,CS,73.7,Pass
S1012,Female,D,81.3,5.8,Maths,82.2,Pass
S1012,Female,D,81.3,5.8,Science,92.6,Pass
S1012,Female,D,81.3,5.8,English,84.0,Pass
S1012,Female,D,81.3,5.8,History,92.7,Pass
S1012,Female,D,81.3,5.8,CS,66.2,Pass
S1013,Male,C,90.5,1.9,Maths,71.6,Pass
S1013,Male,C,90.5,1.9,Science,83.0,Pass
S1013,Male,C,90.5,1.9,English,79.3,Pass
S1013,Male,C,90.5,1.9,History,67.3,Pass
S1013,Male,C,90.5,1.9,CS,85.3,Pass
S1014,Female,B,90.0,7.1,Maths,81.0,Pass
S1014,Female,B,90.0,7.1,Science,78.5,Pass
S1014,Female,B,90.0,7.1,English,91.2,Pass
S1014,Female,B,90.0,7.1,History,86.3,Pass
S1014,Female,B,90.0,7.1,CS,81.1,Pass
S1015,Male,B,93.6,1.9,Maths,71.2,Pass
S1015,Male,B,93.6,1.9,Science,66.1,Pass
S1015,Male,B,93.6,1.9,English,72.8,Pass
S1015,Male,B,93.6,1.9,History,87.8,Pass
S1015,Male,B,93.6,1.9,CS,79.3,Pass
S1016,Male,A,90.3,5.9,Maths,93.5,Pass
S1016,Male,A,90.3,5.9,Science,89.1,Pass
S1016,Male,A,90.3,5.9,English,77.8,Pass
S1016,Male,A,90.3,5.9,History,67.5,Pass
S1016,Male,A,90.3,5.9,CS,74.7,Pass
S1017,Female,B,83.0,4.2,Maths,71.6,Pass
S1017,Female,B,83.0,4.2,Science,70.9,Pass
S1017,Female,B,83.0,4.2,English,88.2,Pass
S1017,Female,B,83.0,4.2,History,88.1,Pass
S1017,Female,B,83.0,4.2,CS,100.0,Pass
S1018,Female,A,87.2,3.2,Maths,70.0,Pass
S1018,Female,A,87.2,3.2,Science,93.6,Pass
S1018,Female,A,87.2,3.2,English,93.6,Pass
S1018,Female,A,87.2,3.2,History,75.3,Pass
S1018,Female,A,87.2,3.2,CS,82.4,Pass
S1019,Male,A,80.5,3.4,Maths,88.3,Pass
S1019,Male,A,80.5,3.4,Science,75.3,Pass
S1019,Male,A,80.5,3.4,English,74.6,Pass
S1019,Male,A,80.5,3.4,History,69.7,Pass
S1019,Male,A,80.5,3.4,CS,52.3,Pass
S1020,Male,C,74.9,3.9,Maths,76.1,Pass
S1020,Male,C,74.9,3.9,Science,68.3,Pass
S1020,Male,C,74.9,3.9,English,64.6,Pass
S1020,Male,C,74.9,3.9,History,79.6,Pass
S1020,Male,C,74.9,3.9,CS,60.8,Pass
S1021,Female,A,74.6,4.3,Maths,84.1,Pass
S1021,Female,A,74.6,4.3,Science,80.9,Pass
S1021,Female,A,74.6,4.3,English,72.0,Pass
S1021,Female,A,74.6,4.3,History,75.4,Pass
S1021,Female,A,74.6,4.3,CS,64.1,Pass
S1022,Female,A,84.3,2.6,Maths,83.0,Pass
S1022,Female,A,84.3,2.6,Science,77.4,Pass
S1022,Female,A,84.3,2.6,English,78.2,Pass
S1022,Female,A,84.3,2.6,History,80.6,Pass
S1022,Female,A,84.3,2.6,CS,69.1,Pass
S1023,Female,C,72.9,3.6,Maths,59.0,Pass
S1023,Female,C,72.9,3.6,Science,83.7,Pass
S1023,Female,C,72.9,3.6,English,81.0,Pass
S1023,Female,C,72.9,3.6,History,68.8,Pass
S1023,Female,C,72.9,3.6,CS,78.2,Pass
S1024,Female,B,75.9,2.8,Maths,86.1,Pass
S1024,Female,B,75.9,2.8,Science,84.9,Pass
S1024,Female,B,75.9,2.8,English,67.8,Pass
S1024,Female,B,75.9,2.8,History,58.6,Pass
S1024,Female,B,75.9,2.8,CS,60.3,Pass
S1025,Female,B,66.0,2.2,Maths,66.0,Pass
S1025,Female,B,66.0,2.2,Science,83.8,Pass
S1025,Female,B,66.0,2.2,English,61.9,Pass
S1025,Female,B,66.0,2.2,History,63.2,Pass
S1025,Female,B,66.0,2.2,CS,63.0,Pass
S1026,Male,A,86.7,2.8,Maths,71.2,Pass
S1026,Male,A,86.7,2.8,Science,76.4,Pass
S1026,Male,A,86.7,2.8,English,63.7,Pass
S1026,Male,A,86.7,2.8,History,87.4,Pass
S1026,Male,A,86.7,2.8,CS,75.1,Pass
S1027,Female,A,92.3,2.3,Maths,100.0,Pass
S1027,Female,A,92.3,2.3,Science,65.5,Pass
S1027,Female,A,92.3,2.3,English,93.1,Pass
S1027,Female,A,92.3,2.3,History,91.1,Pass
S1027,Female,A,92.3,2.3,CS,73.1,Pass
S1028,Male,B,54.5,3.4,Maths,64.1,Pass
S1028,Male,B,54.5,3.4,Science,58.9,Pass
S1028,Male,B,54.5,3.4,English,59.0,Pass
S1028,Male,B,54.5,3.4,History,68.1,Pass
S1028,Male,B,54.5,3.4,CS,68.3,Pass
S1029,Female,C,89.4,4.6,Maths,65.1,Pass
S1029,Female,C,89.4,4.6,Science,100.0,Pass
S1029,Female,C,89.4,4.6,English,78.5,Pass
S1029,Female,C,89.4,4.6,History,81.8,Pass
S1029,Female,C,89.4,4.6,CS,74.8,Pass
S1030,Male,B,97.3,4.2,Maths,79.9,Pass
S1030,Male,B,97.3,4.2,Science,79.0,Pass
S1030,Male,B,97.3,4.2,English,82.5,Pass
S1030,Male,B,97.3,4.2,History,82.4,Pass
S1030,Male,B,97.3,4.2,CS,90.6,Pass
S1031,Female,C,80.7,7.0,Maths,85.4,Pass
S1031,Female,C,80.7,7.0,Science,90.2,Pass
S1031,Female,C,80.7,7.0,English,83.0,Pass
S1031,Female,C,80.7,7.0,History,85.4,Pass
S1031,Female,C,80.7,7.0,CS,80.7,Pass
S1032,Female,C,57.3,0.7,Maths,73.6,Pass
S1032,Female,C,57.3,0.7,Science,66.8,Pass
S1032,Female,C,57.3,0.7,English,62.0,Pass
S1032,Female,C,57.3,0.7,History,61.7,Pass
S1032,Female,C,57.3,0.7,CS,62.5,Pass
S1033,Male,B,89.8,4.7,Maths,81.7,Pass
S1033,Male,B,89.8,4.7,Science,80.8,Pass
S1033,Male,B,89.8,4.7,English,75.8,Pass
S1033,Male,B,89.8,4.7,History,89.0,Pass
S1033,Male,B,89.8,4.7,CS,89.6,Pass
S1034,Female,B,67.3,4.0,Maths,91.1,Pass
S1034,Female,B,67.3,4.0,Science,67.2,Pass
S1034,Female,B,67.3,4.0,English,79.9,Pass
S1034,Female,B,67.3,4.0,History,54.1,Pass
S1034,Female,B,67.3,4.0,CS,81.5,Pass
S1035,Male,B,83.0,5.2,Maths,65.8,Pass
S1035,Male,B,83.0,5.2,Science,70.5,Pass
S1035,Male,B,83.0,5.2,English,83.7,Pass
S1035,Male,B,83.0,5.2,History,74.1,Pass
S1035,Male,B,83.0,5.2,CS,72.8,Pass
S1036,Female,A,69.2,5.1,Maths,71.1,Pass
S1036,Female,A,69.2,5.1,Science,83.2,Pass
S1036,Female,A,69.2,5.1,English,66.6,Pass
S1036,Female,A,69.2,5.1,History,75.4,Pass
S1036,Female,A,69.2,5.1,CS,72.1,Pass
S1037,Male,C,94.9,3.8,Maths,89.2,Pass
S1037,Male,C,94.9,3.8,Science,89.4,Pass
S1037,Male,C,94.9,3.8,English,62.6,Pass
S1037,Male,C,94.9,3.8,History,91.4,Pass
S1037,Male,C,94.9,3.8,CS,74.9,Pass
S1038,Male,C,66.5,4.3,Maths,75.8,Pass
S1038,Male,C,66.5,4.3,Science,64.1,Pass
S1038,Male,C,66.5,4.3,English,77.2,Pass
S1038,Male,C,66.5,4.3,History,99.0,Pass
S1038,Male,C,66.5,4.3,CS,74.8,Pass
S1039,Male,B,69.9,2.9,Maths,67.1,Pass
S1039,Male,B,69.9,2.9,Science,69.4,Pass
S1039,Male,B,69.9,2.9,English,57.1,Pass
S1039,Male,B,69.9,2.9,History,86.2,Pass
S1039,Male,B,69.9,2.9,CS,74.9,Pass
S1040,Male,B,67.2,4.9,Maths,64.5,Pass
S1040,Male,B,67.2,4.9,Science,64.8,Pass
S1040,Male,B,67.2,4.9,English,75.1,Pass
S1040,Male,B,67.2,4.9,History,84.3,Pass
S1040,Male,B,67.2,4.9,CS,63.5,Pass
S1041,Male,B,79.3,1.2,Maths,82.3,Pass
S1041,Male,B,79.3,1.2,Science,70.2,Pass
S1041,Male,B,79.3,1.2,English,61.8,Pass
S1041,Male,B,79.3,1.2,History,66.5,Pass
S1041,Male,B,79.3,1.2,CS,88.6,Pass
S1042,Female,C,74.7,5.2,Maths,63.9,Pass
S1042,Female,C,74.7,5.2,Science,70.4,Pass
S1042,Female,C,74.7,5.2,English,87.3,Pass
S1042,Female,C,74.7,5.2,History,79.9,Pass
S1042,Female,C,74.7,5.2,CS,69.8,Pass
S1043,Female,D,71.2,4.0,Maths,83.9,Pass
S1043,Female,D,71.2,4.0,Science,84.4,Pass
S1043,Female,D,71.2,4.0,English,77.6,Pass
S1043,Female,D,71.2,4.0,History,68.2,Pass
S1043,Female,D,71.2,4.0,CS,69.7,Pass
S1044,Female,A,81.6,3.3,Maths,78.9,Pass
S1044,Female,A,81.6,3.3,Science,62.9,Pass
S1044,Female,A,81.6,3.3,English,89.3,Pass
S1044,Female,A,81.6,3.3,History,93.0,Pass
S1044,Female,A,81.6,3.3,CS,73.7,Pass
S1045,Male,B,89.6,3.7,Maths,82.7,Pass
S1045,Male,B,89.6,3.7,Science,91.0,Pass
S1045,Male,B,89.6,3.7,English,98.7,Pass
S1045,Male,B,89.6,3.7,History,94.7,Pass
S1045,Male,B,89.6,3.7,CS,61.8,Pass
S1046,Male,A,65.5,3.8,Maths,69.0,Pass
S1046,Male,A,65.5,3.8,Science,77.2,Pass
S1046,Male,A,65.5,3.8,English,67.2,Pass
S1046,Male,A,65.5,3.8,History,90.0,Pass
S1046,Male,A,65.5,3.8,CS,88.5,Pass
S1047,Male,B,79.0,5.9,Maths,72.4,Pass
S1047,Male,B,79.0,5.9,Science,79.0,Pass
S1047,Male,B,79.0,5.9,English,73.1,Pass
S1047,Male,B,79.0,5.9,History,78.6,Pass
S1047,Male,B,79.0,5.9,CS,78.3,Pass
S1048,Female,A,84.4,8.9,Maths,97.6,Pass
S1048,Female,A,84.4,8.9,Science,79.1,Pass
S1048,Female,A,84.4,8.9,English,61.8,Pass
S1048,Female,A,84.4,8.9,History,72.0,Pass
S1048,Female,A,84.4,8.9,CS,77.7,Pass
S1049,Female,B,89.1,5.8,Maths,76.8,Pass
S1049,Female,B,89.1,5.8,Science,85.3,Pass
S1049,Female,B,89.1,5.8,English,72.6,Pass
S1049,Female,B,89.1,5.8,History,71.3,Pass
S1049,Female,B,89.1,5.8,CS,74.1,Pass
S1050,Male,B,97.3,3.2,Maths,69.3,Pass
S1050,Male,B,97.3,3.2,Science,74.9,Pass
S1050,Male,B,97.3,3.2,English,74.5,Pass
S1050,Male,B,97.3,3.2,History,87.4,Pass
S1050,Male,B,97.3,3.2,CS,70.6,Pass
S1051,Female,B,94.7,4.9,Maths,79.7,Pass
S1051,Female,B,94.7,4.9,Science,77.9,Pass
S1051,Female,B,94.7,4.9,English,91.4,Pass
S1051,Female,B,94.7,4.9,History,81.8,Pass
S1051,Female,B,94.7,4.9,CS,93.8,Pass
S1052,Male,B,83.0,5.0,Maths,68.4,Pass
S1052,Male,B,83.0,5.0,Science,79.4,Pass
S1052,Male,B,83.0,5.0,English,74.2,Pass
S1052,Male,B,83.0,5.0,History,67.7,Pass
S1052,Male,B,83.0,5.0,CS,79.2,Pass
S1053,Male,D,58.4,2.6,Maths,85.1,Pass
S1053,Male,D,58.4,2.6,Science,59.2,Pass
S1053,Male,D,58.4,2.6,English,66.5,Pass
S1053,Male,D,58.4,2.6,History,54.6,Pass
S1053,Male,D,58.4,2.6,CS,53.1,Pass
S1054,Male,D,91.0,2.1,Maths,68.6,Pass
S1054,Male,D,91.0,2.1,Science,72.0,Pass
S1054,Male,D,91.0,2.1,English,72.5,Pass
S1054,Male,D,91.0,2.1,History,74.3,Pass
S1054,Male,D,91.0,2.1,CS,60.0,Pass
S1055,Male,A,86.9,3.9,Maths,72.6,Pass
S1055,Male,A,86.9,3.9,Science,83.9,Pass
S1055,Male,A,86.9,3.9,English,65.3,Pass
S1055,Male,A,86.9,3.9,History,75.3,Pass
S1055,Male,A,86.9,3.9,CS,81.8,Pass
S1056,Female,B,62.1,5.2,Maths,66.2,Pass
S1056,Female,B,62.1,5.2,Science,77.5,Pass
S1056,Female,B,62.1,5.2,English,58.9,Pass
S1056,Female,B,62.1,5.2,History,82.9,Pass
S1056,Female,B,62.1,5.2,CS,77.7,Pass
S1057,Female,D,92.9,1.6,Maths,76.6,Pass
S1057,Female,D,92.9,1.6,Science,87.3,Pass
S1057,Female,D,92.9,1.6,English,72.7,Pass
S1057,Female,D,92.9,1.6,History,69.8,Pass
S1057,Female,D,92.9,1.6,CS,89.7,Pass
S1058,Male,C,66.4,2.9,Maths,89.2,Pass
S1058,Male,C,66.4,2.9,Science,63.8,Pass
S1058,Male,C,66.4,2.9,English,69.6,Pass
S1058,Male,C,66.4,2.9,History,81.2,Pass
S1058,Male,C,66.4,2.9,CS,70.0,Pass
S1059,Female,A,80.4,4.9,Maths,84.8,Pass
S1059,Female,A,80.4,4.9,Science,86.6,Pass
S1059,Female,A,80.4,4.9,English,73.2,Pass
S1059,Female,A,80.4,4.9,History,83.0,Pass
S1059,Female,A,80.4,4.9,CS,78.8,Pass
S1060,Female,C,71.2,4.1,Maths,62.3,Pass
S1060,Female,C,71.2,4.1,Science,64.6,Pass
S1060,Female,C,71.2,4.1,English,68.0,Pass
S1060,Female,C,71.2,4.1,History,83.8,Pass
S1060,Female,C,71.2,4.1,CS,84.1,Pass
S1061,Female,A,76.4,6.1,Maths,87.7,Pass
S1061,Female,A,76.4,6.1,Science,84.6,Pass
S1061,Female,A,76.4,6.1,English,84.3,Pass
S1061,Female,A,76.4,6.1,History,82.9,Pass
S1061,Female,A,76.4,6.1,CS,84.2,Pass
S1062,Female,A,70.9,1.9,Maths,74.8,Pass
S1062,Female,A,70.9,1.9,Science,56.0,Pass
S1062,Female,A,70.9,1.9,English,62.1,Pass
S1062,Female,A,70.9,1.9,History,59.7,Pass
S1062,Female,A,70.9,1.9,CS,81.1,Pass
S1063,Male,C,77.5,7.5,Maths,99.9,Pass
S1063,Male,C,77.5,7.5,Science,61.6,Pass
S1063,Male,C,77.5,7.5,English,99.0,Pass
S1063,Male,C,77.5,7.5,History,84.2,Pass
S1063,Male,C,77.5,7.5,CS,93.4,Pass
S1064,Female,C,85.9,1.7,Maths,79.2,Pass
S1064,Female,C,85.9,1.7,Science,88.6,Pass
S1064,Female,C,85.9,1.7,English,76.2,Pass
S1064,Female,C,85.9,1.7,History,60.5,Pass
S1064,Female,C,85.9,1.7,CS,73.1,Pass
S1065,Male,D,91.1,1.0,Maths,79.4,Pass
S1065,Male,D,91.1,1.0,Science,72.1,Pass
S1065,Male,D,91.1,1.0,English,80.8,Pass
S1065,Male,D,91.1,1.0,History,73.6,Pass
S1065,Male,D,91.1,1.0,CS,68.3,Pass
S1066,Female,B,87.5,3.9,Maths,68.2,Pass
S1066,Female,B,87.5,3.9,Science,75.1,Pass
S1066,Female,B,87.5,3.9,English,81.1,Pass
S1066,Female,B,87.5,3.9,History,59.5,Pass
S1066,Female,B,87.5,3.9,CS,71.3,Pass
S1067,Male,D,78.2,2.3,Maths,53.1,Pass
S1067,Male,D,78.2,2.3,Science,66.9,Pass
S1067,Male,D,78.2,2.3,English,85.0,Pass
S1067,Male,D,78.2,2.3,History,61.2,Pass
S1067,Male,D,78.2,2.3,CS,80.1,Pass
S1068,Female,B,59.3,3.9,Maths,99.2,Pass
S1068,Female,B,59.3,3.9,Science,85.2,Pass
S1068,Female,B,59.3,3.9,English,72.0,Pass
S1068,Female,B,59.3,3.9,History,79.3,Pass
S1068,Female,B,59.3,3.9,CS,57.0,Pass
S1069,Male,C,77.2,3.9,Maths,60.2,Pass
S1069,Male,C,77.2,3.9,Science,76.2,Pass
S1069,Male,C,77.2,3.9,English,79.9,Pass
S1069,Male,C,77.2,3.9,History,86.9,Pass
S1069,Male,C,77.2,3.9,CS,70.2,Pass
S1070,Male,A,52.5,3.7,Maths,70.1,Pass
S1070,Male,A,52.5,3.7,Science,69.7,Pass
S1070,Male,A,52.5,3.7,English,66.8,Pass
S1070,Male,A,52.5,3.7,History,67.4,Pass
S1070,Male,A,52.5,3.7,CS,59.6,Pass
S1071,Female,A,82.1,2.7,Maths,77.9,Pass
S1071,Female,A,82.1,2.7,Science,77.1,Pass
S1071,Female,A,82.1,2.7,English,70.7,Pass
S1071,Female,A,82.1,2.7,History,81.8,Pass
S1071,Female,A,82.1,2.7,CS,85.4,Pass
S1072,Female,D,65.9,4.6,Maths,80.9,Pass
S1072,Female,D,65.9,4.6,Science,63.7,Pass
S1072,Female,D,65.9,4.6,English,75.1,Pass
S1072,Female,D,65.9,4.6,History,65.0,Pass
S1072,Female,D,65.9,4.6,CS,75.0,Pass
S1073,Male,D,79.2,3.5,Maths,66.7,Pass
S1073,Male,D,79.2,3.5,Science,88.6,Pass
S1073,Male,D,79.2,3.5,English,83.7,Pass
S1073,Male,D,79.2,3.5,History,87.3,Pass
S1073,Male,D,79.2,3.5,CS,86.3,Pass
S1074,Female,D,68.5,5.7,Maths,74.2,Pass
S1074,Female,D,68.5,5.7,Science,72.6,Pass
S1074,Female,D,68.5,5.7,English,94.3,Pass
S1074,Female,D,68.5,5.7,History,75.2,Pass
S1074,Female,D,68.5,5.7,CS,63.3,Pass
S1075,Female,B,88.3,3.7,Maths,89.0,Pass
S1075,Female,B,88.3,3.7,Science,80.4,Pass
S1075,Female,B,88.3,3.7,English,94.0,Pass
S1075,Female,B,88.3,3.7,History,81.4,Pass
S1075,Female,B,88.3,3.7,CS,78.8,Pass
S1076,Male,A,94.0,2.6,Maths,93.6,Pass
S1076,Male,A,94.0,2.6,Science,62.9,Pass
S1076,Male,A,94.0,2.6,English,72.5,Pass
S1076,Male,A,94.0,2.6,History,69.4,Pass
S1076,Male,A,94.0,2.6,CS,56.4,Pass
S1077,Female,D,81.2,1.5,Maths,81.0,Pass
S1077,Female,D,81.2,1.5,Science,66.7,Pass
S1077,Female,D,81.2,1.5,English,81.4,Pass
S1077,Female,D,81.2,1.5,History,76.2,Pass
S1077,Female,D,81.2,1.5,CS,78.4,Pass
S1078,Male,C,67.2,3.7,Maths,68.1,Pass
S1078,Male,C,67.2,3.7,Science,65.0,Pass
S1078,Male,C,67.2,3.7,English,73.5,Pass
S1078,Male,C,67.2,3.7,History,81.8,Pass
S1078,Male,C,67.2,3.7,CS,72.1,Pass
S1079,Female,A,89.9,2.1,Maths,69.1,Pass
S1079,Female,A,89.9,2.1,Science,64.2,Pass
S1079,Female,A,89.9,2.1,English,78.2,Pass
S1079,Female,A,89.9,2.1,History,70.6,Pass
S1079,Female,A,89.9,2.1,CS,75.5,Pass
S1080,Male,D,84.7,2.0,Maths,72.0,Pass
S1080,Male,D,84.7,2.0,Science,69.9,Pass
S1080,Male,D,84.7,2.0,English,77.3,Pass
S1080,Male,D,84.7,2.0,History,79.9,Pass
S1080,Male,D,84.7,2.0,CS,94.0,Pass
S1081,Male,D,69.4,4.8,Maths,83.0,Pass
S1081,Male,D,69.4,4.8,Science,91.3,Pass
S1081,Male,D,69.4,4.8,English,67.2,Pass
S1081,Male,D,69.4,4.8,History,59.4,Pass
S1081,Male,D,69.4,4.8,CS,75.3,Pass
S1082,Female,B,82.9,1.3,Maths,81.1,Pass
S1082,Female,B,82.9,1.3,Science,79.6,Pass
S1082,Female,B,82.9,1.3,English,84.7,Pass
S1082,Female,B,82.9,1.3,History,47.2,Pass
S1082,Female,B,82.9,1.3,CS,85.1,Pass
S1083,Female,D,69.3,6.1,Maths,81.4,Pass
S1083,Female,D,69.3,6.1,Science,62.6,Pass
S1083,Female,D,69.3,6.1,English,85.3,Pass
S1083,Female,D,69.3,6.1,History,79.7,Pass
S1083,Female,D,69.3,6.1,CS,81.8,Pass
S1084,Female,D,83.4,4.2,Maths,88.5,Pass
S1084,Female,D,83.4,4.2,Science,82.8,Pass
S1084,Female,D,83.4,4.2,English,63.8,Pass
S1084,Female,D,83.4,4.2,History,77.1,Pass
S1084,Female,D,83.4,4.2,CS,62.3,Pass
S1085,Female,C,70.5,3.9,Maths,80.5,Pass
S1085,Female,C,70.5,3.9,Science,88.0,Pass
S1085,Female,C,70.5,3.9,English,61.6,Pass
S1085,Female,C,70.5,3.9,History,67.3,Pass
S1085,Female,C,70.5,3.9,CS,65.2,Pass
S1086,Female,C,62.0,2.4,Maths,64.0,Pass
S1086,Female,C,62.0,2.4,Science,72.6,Pass
S1086,Female,C,62.0,2.4,English,64.1,Pass
S1086,Female,C,62.0,2.4,History,75.0,Pass
S1086,Female,C,62.0,2.4,CS,79.2,Pass
S1087,Female,B,86.4,5.1,Maths,92.2,Pass
S1087,Female,B,86.4,5.1,Science,70.0,Pass
S1087,Female,B,86.4,5.1,English,95.1,Pass
S1087,Female,B,86.4,5.1,History,95.9,Pass
S1087,Female,B,86.4,5.1,CS,96.7,Pass
S1088,Female,D,94.5,4.0,Maths,79.8,Pass
S1088,Female,D,94.5,4.0,Science,73.8,Pass
S1088,Female,D,94.5,4.0,English,71.5,Pass
S1088,Female,D,94.5,4.0,History,70.3,Pass
S1088,Female,D,94.5,4.0,CS,81.4,Pass
S1089,Male,D,88.0,3.0,Maths,85.8,Pass
S1089,Male,D,88.0,3.0,Science,90.4,Pass
S1089,Male,D,88.0,3.0,English,72.5,Pass
S1089,Male,D,88.0,3.0,History,77.0,Pass
S1089,Male,D,88.0,3.0,CS,76.3,Pass
S1090,Male,D,79.7,4.3,Maths,71.2,Pass
S1090,Male,D,79.7,4.3,Science,84.9,Pass
S1090,Male,D,79.7,4.3,English,81.2,Pass
S1090,Male,D,79.7,4.3,History,78.9,Pass
S1090,Male,D,79.7,4.3,CS,81.1,Pass
S1091,Male,C,86.3,1.5,Maths,80.0,Pass
S1091,Male,C,86.3,1.5,Science,79.9,Pass
S1091,Male,C,86.3,1.5,English,65.5,Pass
S1091,Male,C,86.3,1.5,History,82.8,Pass
S1091,Male,C,86.3,1.5,CS,76.4,Pass
S1092,Female,A,88.0,1.5,Maths,70.2,Pass
S1092,Female,A,88.0,1.5,Science,76.8,Pass
S1092,Female,A,88.0,1.5,English,77.9,Pass
S1092,Female,A,88.0,1.5,History,85.3,Pass
S1092,Female,A,88.0,1.5,CS,64.0,Pass
S1093,Male,B,74.0,2.3,Maths,85.1,Pass
S1093,Male,B,74.0,2.3,Science,72.1,Pass
S1093,Male,B,74.0,2.3,English,66.8,Pass
S1093,Male,B,74.0,2.3,History,66.5,Pass
S1093,Male,B,74.0,2.3,CS,61.8,Pass
S1094,Male,B,74.0,4.5,Maths,58.8,Pass
S1094,Male,B,74.0,4.5,Science,83.0,Pass
S1094,Male,B,74.0,4.5,English,96.1,Pass
S1094,Male,B,74.0,4.5,History,60.1,Pass
S1094,Male,B,74.0,4.5,CS,66.8,Pass
S1095,Female,D,86.3,4.0,Maths,86.4,Pass
S1095,Female,D,86.3,4.0,Science,78.4,Pass
S1095,Female,D,86.3,4.0,English,87.2,Pass
S1095,Female,D,86.3,4.0,History,77.9,Pass
S1095,Female,D,86.3,4.0,CS,73.1,Pass
S1096,Male,C,90.8,5.6,Maths,81.1,Pass
S1096,Male,C,90.8,5.6,Science,59.6,Pass
S1096,Male,C,90.8,5.6,English,72.0,Pass
S1096,Male,C,90.8,5.6,History,92.9,Pass
S1096,Male,C,90.8,5.6,CS,95.3,Pass
S1097,Male,C,96.1,2.6,Maths,93.1,Pass
S1097,Male,C,96.1,2.6,Science,83.5,Pass
S1097,Male,C,96.1,2.6,English,56.5,Pass
S1097,Male,C,96.1,2.6,History,72.7,Pass
S1097,Male,C,96.1,2.6,CS,92.3,Pass
S1098,Female,A,59.7,4.9,Maths,88.9,Pass
S1098,Female,A,59.7,4.9,Science,86.3,Pass
S1098,Female,A,59.7,4.9,English,70.3,Pass
S1098,Female,A,59.7,4.9,History,59.6,Pass
S1098,Female,A,59.7,4.9,CS,72.2,Pass
S1099,Female,D,67.7,3.8,Maths,73.1,Pass
S1099,Female,D,67.7,3.8,Science,88.6,Pass
S1099,Female,D,67.7,3.8,English,75.2,Pass
S1099,Female,D,67.7,3.8,History,73.1,Pass
S1099,Female,D,67.7,3.8,CS,73.7,Pass
S1100,Male,B,69.9,2.6,Maths,75.1,Pass
S1100,Male,B,69.9,2.6,Science,77.4,Pass
S1100,Male,B,69.9,2.6,English,63.9,Pass
S1100,Male,B,69.9,2.6,History,60.6,Pass
S1100,Male,B,69.9,2.6,CS,84.8,Pass
S1101,Male,A,89.9,4.6,Maths,64.7,Pass
S1101,Male,A,89.9,4.6,Science,97.5,Pass
S1101,Male,A,89.9,4.6,English,62.0,Pass
S1101,Male,A,89.9,4.6,History,75.3,Pass
S1101,Male,A,89.9,4.6,CS,90.9,Pass
S1102,Male,D,90.0,3.9,Maths,79.8,Pass
S1102,Male,D,90.0,3.9,Science,66.6,Pass
S1102,Male,D,90.0,3.9,English,84.1,Pass
S1102,Male,D,90.0,3.9,History,80.5,Pass
S1102,Male,D,90.0,3.9,CS,77.6,Pass
S1103,Female,A,77.7,3.1,Maths,68.2,Pass
S1103,Female,A,77.7,3.1,Science,74.1,Pass
S1103,Female,A,77.7,3.1,English,68.6,Pass
S1103,Female,A,77.7,3.1,History,98.8,Pass
S1103,Female,A,77.7,3.1,CS,72.0,Pass
S1104,Female,A,85.4,4.1,Maths,75.0,Pass
S1104,Female,A,85.4,4.1,Science,73.3,Pass
S1104,Female,A,85.4,4.1,English,96.5,Pass
S1104,Female,A,85.4,4.1,History,62.4,Pass
S1104,Female,A,85.4,4.1,CS,82.3,Pass
S1105,Male,A,84.1,3.8,Maths,75.5,Pass
S1105,Male,A,84.1,3.8,Science,63.6,Pass
S1105,Male,A,84.1,3.8,English,69.7,Pass
S1105,Male,A,84.1,3.8,History,81.0,Pass
S1105,Male,A,84.1,3.8,CS,69.2,Pass
S1106,Female,B,87.1,3.8,Maths,81.3,Pass
S1106,Female,B,87.1,3.8,Science,96.0,Pass
S1106,Female,B,87.1,3.8,English,80.4,Pass
S1106,Female,B,87.1,3.8,History,64.1,Pass
S1106,Female,B,87.1,3.8,CS,70.2,Pass
S1107,Male,A,87.0,3.4,Maths,75.0,Pass
S1107,Male,A,87.0,3.4,Science,74.3,Pass
S1107,Male,A,87.0,3.4,English,79.4,Pass
S1107,Male,A,87.0,3.4,History,81.0,Pass
S1107,Male,A,87.0,3.4,CS,95.2,Pass
S1108,Male,D,92.4,2.0,Maths,76.8,Pass
S1108,Male,D,92.4,2.0,Science,65.3,Pass
S1108,Male,D,92.4,2.0,English,88.3,Pass
S1108,Male,D,92.4,2.0,History,89.4,Pass
S1108,Male,D,92.4,2.0,CS,79.1,Pass
S1109,Female,C,88.3,4.1,Maths,77.3,Pass
S1109,Female,C,88.3,4.1,Science,85.9,Pass
S1109,Female,C,88.3,4.1,English,77.6,Pass
S1109,Female,C,88.3,4.1,History,59.2,Pass
S1109,Female,C,88.3,4.1,CS,85.4,Pass
S1110,Male,B,86.9,2.8,Maths,85.6,Pass
S1110,Male,B,86.9,2.8,Science,91.1,Pass
S1110,Male,B,86.9,2.8,English,69.3,Pass
S1110,Male,B,86.9,2.8,History,78.9,Pass
S1110,Male,B,86.9,2.8,CS,79.1,Pass
S1111,Male,A,84.2,2.5,Maths,76.1,Pass
S1111,Male,A,84.2,2.5,Science,76.4,Pass
S1111,Male,A,84.2,2.5,English,75.6,Pass
S1111,Male,A,84.2,2.5,History,77.3,Pass
S1111,Male,A,84.2,2.5,CS,82.6,Pass
S1112,Male,B,77.9,3.6,Maths,87.9,Pass
S1112,Male,B,77.9,3.6,Science,68.1,Pass
S1112,Male,B,77.9,3.6,English,73.9,Pass
S1112,Male,B,77.9,3.6,History,71.4,Pass
S1112,Male,B,77.9,3.6,CS,70.0,Pass
S1113,Female,A,84.0,5.1,Maths,64.2,Pass
S1113,Female,A,84.0,5.1,Science,80.6,Pass
S1113,Female,A,84.0,5.1,English,85.2,Pass
S1113,Female,A,84.0,5.1,History,78.8,Pass
S1113,Female,A,84.0,5.1,CS,80.3,Pass
S1114,Female,D,87.3,4.3,Maths,83.9,Pass
S1114,Female,D,87.3,4.3,Science,93.9,Pass
S1114,Female,D,87.3,4.3,English,75.5,Pass
S1114,Female,D,87.3,4.3,History,68.0,Pass
S1114,Female,D,87.3,4.3,CS,78.8,Pass
S1115,Female,B,91.8,3.2,Maths,97.8,Pass
S1115,Female,B,91.8,3.2,Science,67.3,Pass
S1115,Female,B,91.8,3.2,English,85.5,Pass
S1115,Female,B,91.8,3.2,History,90.5,Pass
S1115,Female,B,91.8,3.2,CS,55.3,Pass
S1116,Male,B,86.7,3.1,Maths,81.4,Pass
S1116,Male,B,86.7,3.1,Science,83.3,Pass
S1116,Male,B,86.7,3.1,English,74.6,Pass
S1116,Male,B,86.7,3.1,History,70.8,Pass
S1116,Male,B,86.7,3.1,CS,71.4,Pass
S1117,Male,A,63.3,5.0,Maths,70.6,Pass
S1117,Male,A,63.3,5.0,Science,70.9,Pass
S1117,Male,A,63.3,5.0,English,69.0,Pass
S1117,Male,A,63.3,5.0,History,70.4,Pass
S1117,Male,A,63.3,5.0,CS,85.8,Pass
S1118,Female,A,67.1,0.5,Maths,54.0,Pass
S1118,Female,A,67.1,0.5,Science,48.6,Pass
S1118,Female,A,67.1,0.5,English,78.2,Pass
S1118,Female,A,67.1,0.5,History,64.2,Pass
S1118,Female,A,67.1,0.5,CS,62.2,Pass
S1119,Male,A,78.7,5.2,Maths,77.9,Pass
S1119,Male,A,78.7,5.2,Science,81.1,Pass
S1119,Male,A,78.7,5.2,English,73.8,Pass
S1119,Male,A,78.7,5.2,History,84.1,Pass
S1119,Male,A,78.7,5.2,CS,69.4,Pass
S1120,Female,A,91.8,1.2,Maths,71.9,Pass
S1120,Female,A,91.8,1.2,Science,52.8,Pass
S1120,Female,A,91.8,1.2,English,86.6,Pass
S1120,Female,A,91.8,1.2,History,73.2,Pass
S1120,Female,A,91.8,1.2,CS,81.6,Pass
S1121,Female,C,89.9,1.9,Maths,80.5,Pass
S1121,Female,C,89.9,1.9,Science,81.2,Pass
S1121,Female,C,89.9,1.9,English,75.6,Pass
S1121,Female,C,89.9,1.9,History,79.6,Pass
S1121,Female,C,89.9,1.9,CS,66.1,Pass
S1122,Male,D,76.4,3.2,Maths,62.7,Pass
S1122,Male,D,76.4,3.2,Science,73.4,Pass
S1122,Male,D,76.4,3.2,English,67.6,Pass
S1122,Male,D,76.4,3.2,History,88.6,Pass
S1122,Male,D,76.4,3.2,CS,78.1,Pass
S1123,Female,D,73.3,7.3,Maths,74.3,Pass
S1123,Female,D,73.3,7.3,Science,78.8,Pass
S1123,Female,D,73.3,7.3,English,82.8,Pass
S1123,Female,D,73.3,7.3,History,80.8,Pass
S1123,Female,D,73.3,7.3,CS,84.2,Pass
S1124,Male,B,67.0,6.5,Maths,78.8,Pass
S1124,Male,B,67.0,6.5,Science,64.2,Pass
S1124,Male,B,67.0,6.5,English,56.6,Pass
S1124,Male,B,67.0,6.5,History,74.4,Pass
S1124,Male,B,67.0,6.5,CS,83.7,Pass
S1125,Male,D,92.0,5.1,Maths,79.1,Pass
S1125,Male,D,92.0,5.1,Science,95.1,Pass
S1125,Male,D,92.0,5.1,English,82.2,Pass
S1125,Male,D,92.0,5.1,History,96.3,Pass
S1125,Male,D,92.0,5.1,CS,94.2,Pass
S1126,Female,C,80.5,4.5,Maths,88.7,Pass
S1126,Female,C,80.5,4.5,Science,66.2,Pass
S1126,Female,C,80.5,4.5,English,78.4,Pass
S1126,Female,C,80.5,4.5,History,90.5,Pass
S1126,Female,C,80.5,4.5,CS,81.0,Pass
S1127,Male,A,87.4,1.2,Maths,79.2,Pass
S1127,Male,A,87.4,1.2,Science,59.8,Pass
S1127,Male,A,87.4,1.2,English,92.8,Pass
S1127,Male,A,87.4,1.2,History,65.7,Pass
S1127,Male,A,87.4,1.2,CS,53.7,Pass
S1128,Female,A,85.0,4.2,Maths,75.5,Pass
S1128,Female,A,85.0,4.2,Science,54.5,Pass
S1128,Female,A,85.0,4.2,English,68.1,Pass
S1128,Female,A,85.0,4.2,History,100.0,Pass
S1128,Female,A,85.0,4.2,CS,75.2,Pass
S1129,Female,C,65.2,3.2,Maths,56.6,Pass
S1129,Female,C,65.2,3.2,Science,71.2,Pass
S1129,Female,C,65.2,3.2,English,61.9,Pass
S1129,Female,C,65.2,3.2,History,79.5,Pass
S1129,Female,C,65.2,3.2,CS,62.0,Pass
S1130,Female,B,84.2,2.8,Maths,78.5,Pass
S1130,Female,B,84.2,2.8,Science,64.3,Pass
S1130,Female,B,84.2,2.8,English,100.0,Pass
S1130,Female,B,84.2,2.8,History,80.9,Pass
S1130,Female,B,84.2,2.8,CS,74.4,Pass
S1131,Female,A,79.2,4.2,Maths,74.3,Pass
S1131,Female,A,79.2,4.2,Science,71.7,Pass
S1131,Female,A,79.2,4.2,English,69.6,Pass
S1131,Female,A,79.2,4.2,History,69.3,Pass
S1131,Female,A,79.2,4.2,CS,94.0,Pass
S1132,Male,D,38.8,3.3,Maths,57.7,Pass
S1132,Male,D,38.8,3.3,Science,41.9,Pass
S1132,Male,D,38.8,3.3,English,51.6,Pass
S1132,Male,D,38.8,3.3,History,72.5,Pass
S1132,Male,D,38.8,3.3,CS,60.7,Pass
S1133,Male,C,69.3,5.3,Maths,75.1,Pass
S1133,Male,C,69.3,5.3,Science,88.1,Pass
S1133,Male,C,69.3,5.3,English,68.6,Pass
S1133,Male,C,69.3,5.3,History,82.7,Pass
S1133,Male,C,69.3,5.3,CS,69.7,Pass
S1134,Female,C,65.2,1.1,Maths,72.5,Pass
S1134,Female,C,65.2,1.1,Science,62.8,Pass
S1134,Female,C,65.2,1.1,English,64.3,Pass
S1134,Female,C,65.2,1.1,History,74.9,Pass
S1134,Female,C,65.2,1.1,CS,74.2,Pass
S1135,Female,D,88.0,4.1,Maths,78.0,Pass
S1135,Female,D,88.0,4.1,Science,74.9,Pass
S1135,Female,D,88.0,4.1,English,95.6,Pass
S1135,Female,D,88.0,4.1,History,85.5,Pass
S1135,Female,D,88.0,4.1,CS,75.7,Pass
S1136,Male,D,61.6,2.7,Maths,62.3,Pass
S1136,Male,D,61.6,2.7,Science,79.1,Pass
S1136,Male,D,61.6,2.7,English,70.0,Pass
S1136,Male,D,61.6,2.7,History,67.2,Pass
S1136,Male,D,61.6,2.7,CS,70.0,Pass
S1137,Male,D,92.1,3.4,Maths,82.8,Pass
S1137,Male,D,92.1,3.4,Science,78.8,Pass
S1137,Male,D,92.1,3.4,English,91.4,Pass
S1137,Male,D,92.1,3.4,History,92.0,Pass
S1137,Male,D,92.1,3.4,CS,84.7,Pass
S1138,Male,B,66.5,4.5,Maths,87.6,Pass
S1138,Male,B,66.5,4.5,Science,74.0,Pass
S1138,Male,B,66.5,4.5,English,80.8,Pass
S1138,Male,B,66.5,4.5,History,83.9,Pass
S1138,Male,B,66.5,4.5,CS,84.1,Pass
S1139,Male,D,78.2,2.3,Maths,82.3,Pass
S1139,Male,D,78.2,2.3,Science,79.4,Pass
S1139,Male,D,78.2,2.3,English,92.7,Pass
S1139,Male,D,78.2,2.3,History,67.7,Pass
S1139,Male,D,78.2,2.3,CS,71.6,Pass
S1140,Female,C,91.2,4.2,Maths,78.7,Pass
S1140,Female,C,91.2,4.2,Science,77.2,Pass
S1140,Female,C,91.2,4.2,English,61.0,Pass
S1140,Female,C,91.2,4.2,History,94.6,Pass
S1140,Female,C,91.2,4.2,CS,70.6,Pass
S1141,Male,C,85.0,3.7,Maths,79.6,Pass
S1141,Male,C,85.0,3.7,Science,63.6,Pass
S1141,Male,C,85.0,3.7,English,84.1,Pass
S1141,Male,C,85.0,3.7,History,70.0,Pass
S1141,Male,C,85.0,3.7,CS,66.5,Pass
S1142,Female,D,79.8,3.0,Maths,76.9,Pass
S1142,Female,D,79.8,3.0,Science,68.0,Pass
S1142,Female,D,79.8,3.0,English,69.2,Pass
S1142,Female,D,79.8,3.0,History,76.7,Pass
S1142,Female,D,79.8,3.0,CS,83.0,Pass
S1143,Female,A,82.6,3.3,Maths,68.2,Pass
S1143,Female,A,82.6,3.3,Science,66.4,Pass
S1143,Female,A,82.6,3.3,English,76.6,Pass
S1143,Female,A,82.6,3.3,History,81.8,Pass
S1143,Female,A,82.6,3.3,CS,91.0,Pass
S1144,Female,B,71.2,3.8,Maths,63.2,Pass
S1144,Female,B,71.2,3.8,Science,70.7,Pass
S1144,Female,B,71.2,3.8,English,85.7,Pass
S1144,Female,B,71.2,3.8,History,93.6,Pass
S1144,Female,B,71.2,3.8,CS,64.0,Pass
S1145,Male,A,82.6,2.8,Maths,68.1,Pass
S1145,Male,A,82.6,2.8,Science,79.3,Pass
S1145,Male,A,82.6,2.8,English,69.7,Pass
S1145,Male,A,82.6,2.8,History,67.9,Pass
S1145,Male,A,82.6,2.8,CS,77.9,Pass
S1146,Male,B,82.7,4.0,Maths,93.3,Pass
S1146,Male,B,82.7,4.0,Science,64.7,Pass
S1146,Male,B,82.7,4.0,English,92.8,Pass
S1146,Male,B,82.7,4.0,History,72.1,Pass
S1146,Male,B,82.7,4.0,CS,81.3,Pass
S1147,Female,B,52.1,3.6,Maths,83.7,Pass
S1147,Female,B,52.1,3.6,Science,71.0,Pass
S1147,Female,B,52.1,3.6,English,64.8,Pass
S1147,Female,B,52.1,3.6,History,75.0,Pass
S1147,Female,B,52.1,3.6,CS,66.1,Pass
S1148,Female,D,76.9,3.1,Maths,79.4,Pass
S1148,Female,D,76.9,3.1,Science,72.2,Pass
S1148,Female,D,76.9,3.1,English,82.8,Pass
S1148,Female,D,76.9,3.1,History,60.3,Pass
S1148,Female,D,76.9,3.1,CS,64.1,Pass
S1149,Male,D,88.3,6.4,Maths,70.2,Pass
S1149,Male,D,88.3,6.4,Science,83.7,Pass
S1149,Male,D,88.3,6.4,English,69.0,Pass
S1149,Male,D,88.3,6.4,History,77.4,Pass
S1149,Male,D,88.3,6.4,CS,73.2,Pass
S1150,Female,B,80.2,4.6,Maths,93.1,Pass
S1150,Female,B,80.2,4.6,Science,68.4,Pass
S1150,Female,B,80.2,4.6,English,65.4,Pass
S1150,Female,B,80.2,4.6,History,80.8,Pass
S1150,Female,B,80.2,4.6,CS,95.2,Pass
S1151,Male,B,84.5,3.4,Maths,76.0,Pass
S1151,Male,B,84.5,3.4,Science,76.8,Pass
S1151,Male,B,84.5,3.4,English,90.1,Pass
S1151,Male,B,84.5,3.4,History,86.0,Pass
S1151,Male,B,84.5,3.4,CS,81.4,Pass
S1152,Female,C,75.1,4.2,Maths,70.1,Pass
S1152,Female,C,75.1,4.2,Science,80.5,Pass
S1152,Female,C,75.1,4.2,English,62.4,Pass
S1152,Female,C,75.1,4.2,History,69.7,Pass
S1152,Female,C,75.1,4.2,CS,90.3,Pass
S1153,Male,D,70.2,2.5,Maths,84.0,Pass
S1153,Male,D,70.2,2.5,Science,75.4,Pass
S1153,Male,D,70.2,2.5,English,51.7,Pass
S1153,Male,D,70.2,2.5,History,58.9,Pass
S1153,Male,D,70.2,2.5,CS,64.2,Pass
S1154,Male,D,77.4,3.3,Maths,73.2,Pass
S1154,Male,D,77.4,3.3,Science,62.4,Pass
S1154,Male,D,77.4,3.3,English,72.5,Pass
S1154,Male,D,77.4,3.3,History,92.6,Pass
S1154,Male,D,77.4,3.3,CS,78.9,Pass
S1155,Female,A,81.5,3.5,Maths,78.7,Pass
S1155,Female,A,81.5,3.5,Science,66.3,Pass
S1155,Female,A,81.5,3.5,English,60.1,Pass
S1155,Female,A,81.5,3.5,History,64.2,Pass
S1155,Female,A,81.5,3.5,CS,59.7,Pass
S1156,Male,A,87.3,2.1,Maths,76.2,Pass
S1156,Male,A,87.3,2.1,Science,79.3,Pass
S1156,Male,A,87.3,2.1,English,65.8,Pass
S1156,Male,A,87.3,2.1,History,76.9,Pass
S1156,Male,A,87.3,2.1,CS,90.2,Pass
S1157,Male,C,82.3,4.6,Maths,98.4,Pass
S1157,Male,C,82.3,4.6,Science,86.6,Pass
S1157,Male,C,82.3,4.6,English,77.1,Pass
S1157,Male,C,82.3,4.6,History,86.2,Pass
S1157,Male,C,82.3,4.6,CS,92.4,Pass
S1158,Male,B,87.8,3.2,Maths,57.8,Pass
S1158,Male,B,87.8,3.2,Science,92.6,Pass
S1158,Male,B,87.8,3.2,English,72.4,Pass
S1158,Male,B,87.8,3.2,History,72.5,Pass
S1158,Male,B,87.8,3.2,CS,74.3,Pass
S1159,Male,A,69.6,3.5,Maths,76.0,Pass
S1159,Male,A,69.6,3.5,Science,61.7,Pass
S1159,Male,A,69.6,3.5,English,70.0,Pass
S1159,Male,A,69.6,3.5,History,78.1,Pass
S1159,Male,A,69.6,3.5,CS,75.0,Pass
S1160,Female,A,65.8,3.1,Maths,74.8,Pass
S1160,Female,A,65.8,3.1,Science,67.8,Pass
S1160,Female,A,65.8,3.1,English,78.0,Pass
S1160,Female,A,65.8,3.1,History,81.6,Pass
S1160,Female,A,65.8,3.1,CS,81.0,Pass
S1161,Male,B,78.2,8.4,Maths,89.6,Pass
S1161,Male,B,78.2,8.4,Science,94.7,Pass
S1161,Male,B,78.2,8.4,English,94.1,Pass
S1161,Male,B,78.2,8.4,History,100.0,Pass
S1161,Male,B,78.2,8.4,CS,97.5,Pass
S1162,Female,B,67.9,3.0,Maths,70.5,Pass
S1162,Female,B,67.9,3.0,Science,62.3,Pass
S1162,Female,B,67.9,3.0,English,68.8,Pass
S1162,Female,B,67.9,3.0,History,68.1,Pass
S1162,Female,B,67.9,3.0,CS,76.5,Pass
S1163,Female,C,87.3,0.9,Maths,66.0,Pass
S1163,Female,C,87.3,0.9,Science,84.9,Pass
S1163,Female,C,87.3,0.9,English,59.1,Pass
S1163,Female,C,87.3,0.9,History,56.7,Pass
S1163,Female,C,87.3,0.9,CS,71.6,Pass
S1164,Male,A,60.8,1.6,Maths,58.0,Pass
S1164,Male,A,60.8,1.6,Science,53.9,Pass
S1164,Male,A,60.8,1.6,English,60.1,Pass
S1164,Male,A,60.8,1.6,History,58.8,Pass
S1164,Male,A,60.8,1.6,CS,66.6,Pass
S1165,Male,C,78.3,5.1,Maths,72.5,Pass
S1165,Male,C,78.3,5.1,Science,73.4,Pass
S1165,Male,C,78.3,5.1,English,78.7,Pass
S1165,Male,C,78.3,5.1,History,88.9,Pass
S1165,Male,C,78.3,5.1,CS,93.5,Pass
S1166,Female,C,89.3,6.0,Maths,85.3,Pass
S1166,Female,C,89.3,6.0,Science,86.1,Pass
S1166,Female,C,89.3,6.0,English,82.0,Pass
S1166,Female,C,89.3,6.0,History,88.6,Pass
S1166,Female,C,89.3,6.0,CS,87.7,Pass
S1167,Female,B,89.6,3.0,Maths,91.1,Pass
S1167,Female,B,89.6,3.0,Science,59.0,Pass
S1167,Female,B,89.6,3.0,English,75.5,Pass
S1167,Female,B,89.6,3.0,History,81.2,Pass
S1167,Female,B,89.6,3.0,CS,77.6,Pass
S1168,Female,A,89.7,5.9,Maths,74.4,Pass
S1168,Female,A,89.7,5.9,Science,70.8,Pass
S1168,Female,A,89.7,5.9,English,91.8,Pass
S1168,Female,A,89.7,5.9,History,76.2,Pass
S1168,Female,A,89.7,5.9,CS,66.2,Pass
S1169,Female,C,66.5,5.1,Maths,83.7,Pass
S1169,Female,C,66.5,5.1,Science,79.8,Pass
S1169,Female,C,66.5,5.1,English,74.0,Pass
S1169,Female,C,66.5,5.1,History,66.0,Pass
S1169,Female,C,66.5,5.1,CS,74.0,Pass
S1170,Male,C,73.0,3.7,Maths,86.5,Pass
S1170,Male,C,73.0,3.7,Science,58.2,Pass
S1170,Male,C,73.0,3.7,English,58.7,Pass
S1170,Male,C,73.0,3.7,History,68.1,Pass
S1170,Male,C,73.0,3.7,CS,74.1,Pass
S1171,Male,B,68.9,3.6,Maths,67.9,Pass
S1171,Male,B,68.9,3.6,Science,79.3,Pass
S1171,Male,B,68.9,3.6,English,83.8,Pass
S1171,Male,B,68.9,3.6,History,75.7,Pass
S1171,Male,B,68.9,3.6,CS,78.5,Pass
S1172,Female,B,75.0,4.3,Maths,78.8,Pass
S1172,Female,B,75.0,4.3,Science,76.1,Pass
S1172,Female,B,75.0,4.3,English,63.1,Pass
S1172,Female,B,75.0,4.3,History,65.8,Pass
S1172,Female,B,75.0,4.3,CS,62.5,Pass
S1173,Male,C,83.3,5.3,Maths,79.1,Pass
S1173,Male,C,83.3,5.3,Science,82.9,Pass
S1173,Male,C,83.3,5.3,English,66.1,Pass
S1173,Male,C,83.3,5.3,History,81.3,Pass
S1173,Male,C,83.3,5.3,CS,71.9,Pass
S1174,Female,B,91.5,4.6,Maths,71.0,Pass
S1174,Female,B,91.5,4.6,Science,75.4,Pass
S1174,Female,B,91.5,4.6,English,70.4,Pass
S1174,Female,B,91.5,4.6,History,87.7,Pass
S1174,Female,B,91.5,4.6,CS,80.0,Pass
S1175,Male,B,88.6,3.0,Maths,85.7,Pass
S1175,Male,B,88.6,3.0,Science,73.1,Pass
S1175,Male,B,88.6,3.0,English,73.5,Pass
S1175,Male,B,88.6,3.0,History,96.3,Pass
S1175,Male,B,88.6,3.0,CS,61.3,Pass
S1176,Female,B,92.2,3.7,Maths,93.0,Pass
S1176,Female,B,92.2,3.7,Science,96.7,Pass
S1176,Female,B,92.2,3.7,English,87.8,Pass
S1176,Female,B,92.2,3.7,History,76.8,Pass
S1176,Female,B,92.2,3.7,CS,94.4,Pass
S1177,Male,B,89.7,7.0,Maths,82.6,Pass
S1177,Male,B,89.7,7.0,Science,78.8,Pass
S1177,Male,B,89.7,7.0,English,82.0,Pass
S1177,Male,B,89.7,7.0,History,80.2,Pass
S1177,Male,B,89.7,7.0,CS,76.4,Pass
S1178,Male,C,82.8,4.4,Maths,89.7,Pass
S1178,Male,C,82.8,4.4,Science,70.9,Pass
S1178,Male,C,82.8,4.4,English,78.3,Pass
S1178,Male,C,82.8,4.4,History,64.2,Pass
S1178,Male,C,82.8,4.4,CS,78.9,Pass
S1179,Male,B,87.7,5.3,Maths,70.4,Pass
S1179,Male,B,87.7,5.3,Science,70.1,Pass
S1179,Male,B,87.7,5.3,English,80.8,Pass
S1179,Male,B,87.7,5.3,History,92.5,Pass
S1179,Male,B,87.7,5.3,CS,86.3,Pass
S1180,Male,B,72.2,4.8,Maths,81.4,Pass
S1180,Male,B,72.2,4.8,Science,75.0,Pass
S1180,Male,B,72.2,4.8,English,72.9,Pass
S1180,Male,B,72.2,4.8,History,84.2,Pass
S1180,Male,B,72.2,4.8,CS,70.6,Pass
S1181,Female,C,96.4,4.4,Maths,91.1,Pass
S1181,Female,C,96.4,4.4,Science,95.1,Pass
S1181,Female,C,96.4,4.4,English,74.3,Pass
S1181,Female,C,96.4,4.4,History,75.8,Pass
S1181,Female,C,96.4,4.4,CS,77.3,Pass
S1182,Male,B,82.7,4.2,Maths,63.5,Pass
S1182,Male,B,82.7,4.2,Science,73.4,Pass
S1182,Male,B,82.7,4.2,English,91.1,Pass
S1182,Male,B,82.7,4.2,History,67.7,Pass
S1182,Male,B,82.7,4.2,CS,91.4,Pass
S1183,Male,A,88.5,5.3,Maths,77.9,Pass
S1183,Male,A,88.5,5.3,Science,100.0,Pass
S1183,Male,A,88.5,5.3,English,75.4,Pass
S1183,Male,A,88.5,5.3,History,80.8,Pass
S1183,Male,A,88.5,5.3,CS,73.2,Pass
S1184,Male,D,93.5,5.1,Maths,76.3,Pass
S1184,Male,D,93.5,5.1,Science,96.6,Pass
S1184,Male,D,93.5,5.1,English,87.9,Pass
S1184,Male,D,93.5,5.1,History,93.5,Pass
S1184,Male,D,93.5,5.1,CS,70.0,Pass
S1185,Male,A,91.9,4.4,Maths,87.9,Pass
S1185,Male,A,91.9,4.4,Science,71.6,Pass
S1185,Male,A,91.9,4.4,English,68.0,Pass
S1185,Male,A,91.9,4.4,History,83.7,Pass
S1185,Male,A,91.9,4.4,CS,83.6,Pass
S1186,Female,C,61.8,3.0,Maths,70.0,Pass
S1186,Female,C,61.8,3.0,Science,76.6,Pass
S1186,Female,C,61.8,3.0,English,78.2,Pass
S1186,Female,C,61.8,3.0,History,84.2,Pass
S1186,Female,C,61.8,3.0,CS,57.6,Pass
S1187,Male,B,77.6,4.6,Maths,92.5,Pass
S1187,Male,B,77.6,4.6,Science,96.3,Pass
S1187,Male,B,77.6,4.6,English,73.8,Pass
S1187,Male,B,77.6,4.6,History,60.8,Pass
S1187,Male,B,77.6,4.6,CS,63.6,Pass
S1188,Female,A,82.0,3.9,Maths,72.8,Pass
S1188,Female,A,82.0,3.9,Science,97.5,Pass
S1188,Female,A,82.0,3.9,English,77.6,Pass
S1188,Female,A,82.0,3.9,History,71.2,Pass
S1188,Female,A,82.0,3.9,CS,70.5,Pass
S1189,Male,A,55.3,3.5,Maths,55.4,Pass
S1189,Male,A,55.3,3.5,Science,77.4,Pass
S1189,Male,A,55.3,3.5,English,67.7,Pass
S1189,Male,A,55.3,3.5,History,89.7,Pass
S1189,Male,A,55.3,3.5,CS,74.9,Pass
S1190,Female,D,68.6,8.0,Maths,89.9,Pass
S1190,Female,D,68.6,8.0,Science,79.2,Pass
S1190,Female,D,68.6,8.0,English,70.7,Pass
S1190,Female,D,68.6,8.0,History,72.9,Pass
S1190,Female,D,68.6,8.0,CS,67.9,Pass
S1191,Male,B,87.0,1.7,Maths,83.6,Pass
S1191,Male,B,87.0,1.7,Science,70.6,Pass
S1191,Male,B,87.0,1.7,English,84.0,Pass
S1191,Male,B,87.0,1.7,History,75.8,Pass
S1191,Male,B,87.0,1.7,CS,71.5,Pass
S1192,Male,B,86.6,5.4,Maths,70.2,Pass
S1192,Male,B,86.6,5.4,Science,84.9,Pass
S1192,Male,B,86.6,5.4,English,79.7,Pass
S1192,Male,B,86.6,5.4,History,90.9,Pass
S1192,Male,B,86.6,5.4,CS,74.7,Pass
S1193,Female,C,61.6,2.7,Maths,75.1,Pass
S1193,Female,C,61.6,2.7,Science,85.3,Pass
S1193,Female,C,61.6,2.7,English,71.6,Pass
S1193,Female,C,61.6,2.7,History,76.8,Pass
S1193,Female,C,61.6,2.7,CS,74.6,Pass
S1194,Female,A,72.2,4.2,Maths,94.0,Pass
S1194,Female,A,72.2,4.2,Science,78.8,Pass
S1194,Female,A,72.2,4.2,English,82.0,Pass
S1194,Female,A,72.2,4.2,History,74.7,Pass
S1194,Female,A,72.2,4.2,CS,67.3,Pass
S1195,Female,C,88.5,7.9,Maths,75.2,Pass
S1195,Female,C,88.5,7.9,Science,99.9,Pass
S1195,Female,C,88.5,7.9,English,77.2,Pass
S1195,Female,C,88.5,7.9,History,94.7,Pass
S1195,Female,C,88.5,7.9,CS,91.4,Pass
S1196,Male,B,62.0,2.6,Maths,77.9,Pass
S1196,Male,B,62.0,2.6,Science,63.6,Pass
S1196,Male,B,62.0,2.6,English,60.8,Pass
S1196,Male,B,62.0,2.6,History,72.5,Pass
S1196,Male,B,62.0,2.6,CS,65.8,Pass
S1197,Male,C,73.6,2.9,Maths,60.6,Pass
S1197,Male,C,73.6,2.9,Science,92.3,Pass
S1197,Male,C,73.6,2.9,English,65.0,Pass
S1197,Male,C,73.6,2.9,History,63.0,Pass
S1197,Male,C,73.6,2.9,CS,70.5,Pass
S1198,Female,A,90.0,4.0,Maths,92.5,Pass
S1198,Female,A,90.0,4.0,Science,58.3,Pass
S1198,Female,A,90.0,4.0,English,91.6,Pass
S1198,Female,A,90.0,4.0,History,70.8,Pass
S1198,Female,A,90.0,4.0,CS,82.6,Pass
S1199,Male,D,81.5,2.7,Maths,68.2,Pass
S1199,Male,D,81.5,2.7,Science,94.8,Pass
S1199,Male,D,81.5,2.7,English,76.2,Pass
S1199,Male,D,81.5,2.7,History,67.8,Pass
S1199,Male,D,81.5,2.7,CS,71.9,Pass
S1200,Female,A,80.2,5.3,Maths,80.6,Pass
S1200,Female,A,80.2,5.3,Science,81.5,Pass
S1200,Female,A,80.2,5.3,English,84.1,Pass
S1200,Female,A,80.2,5.3,History,79.7,Pass
S1200,Female,A,80.2,5.3,CS,65.9,Pass
S1201,Female,C,86.9,3.2,Maths,74.1,Pass
S1201,Female,C,86.9,3.2,Science,83.5,Pass
S1201,Female,C,86.9,3.2,English,70.8,Pass
S1201,Female,C,86.9,3.2,History,84.2,Pass
S1201,Female,C,86.9,3.2,CS,77.8,Pass
S1202,Female,C,94.5,5.0,Maths,81.1,Pass
S1202,Female,C,94.5,5.0,Science,95.2,Pass
S1202,Female,C,94.5,5.0,English,65.9,Pass
S1202,Female,C,94.5,5.0,History,76.5,Pass
S1202,Female,C,94.5,5.0,CS,95.6,Pass
S1203,Female,B,85.2,2.0,Maths,92.9,Pass
S1203,Female,B,85.2,2.0,Science,97.4,Pass
S1203,Female,B,85.2,2.0,English,75.1,Pass
S1203,Female,B,85.2,2.0,History,79.2,Pass
S1203,Female,B,85.2,2.0,CS,82.7,Pass
S1204,Female,A,72.3,1.3,Maths,82.0,Pass
S1204,Female,A,72.3,1.3,Science,72.4,Pass
S1204,Female,A,72.3,1.3,English,78.5,Pass
S1204,Female,A,72.3,1.3,History,73.9,Pass
S1204,Female,A,72.3,1.3,CS,74.5,Pass
S1205,Male,B,74.8,3.7,Maths,65.6,Pass
S1205,Male,B,74.8,3.7,Science,71.5,Pass
S1205,Male,B,74.8,3.7,English,69.5,Pass
S1205,Male,B,74.8,3.7,History,62.9,Pass
S1205,Male,B,74.8,3.7,CS,58.2,Pass
S1206,Male,D,61.7,1.6,Maths,62.6,Pass
S1206,Male,D,61.7,1.6,Science,64.2,Pass
S1206,Male,D,61.7,1.6,English,67.8,Pass
S1206,Male,D,61.7,1.6,History,72.3,Pass
S1206,Male,D,61.7,1.6,CS,68.7,Pass
S1207,Female,D,72.3,6.3,Maths,76.7,Pass
S1207,Female,D,72.3,6.3,Science,70.1,Pass
S1207,Female,D,72.3,6.3,English,88.0,Pass
S1207,Female,D,72.3,6.3,History,78.2,Pass
S1207,Female,D,72.3,6.3,CS,74.9,Pass
S1208,Male,D,93.2,1.7,Maths,74.5,Pass
S1208,Male,D,93.2,1.7,Science,69.0,Pass
S1208,Male,D,93.2,1.7,English,71.1,Pass
S1208,Male,D,93.2,1.7,History,70.7,Pass
S1208,Male,D,93.2,1.7,CS,73.5,Pass
S1209,Male,A,85.4,2.4,Maths,82.1,Pass
S1209,Male,A,85.4,2.4,Science,79.6,Pass
S1209,Male,A,85.4,2.4,English,91.0,Pass
S1209,Male,A,85.4,2.4,History,87.6,Pass
S1209,Male,A,85.4,2.4,CS,95.1,Pass
S1210,Male,C,62.1,4.6,Maths,78.5,Pass
S1210,Male,C,62.1,4.6,Science,78.3,Pass
S1210,Male,C,62.1,4.6,English,68.0,Pass
S1210,Male,C,62.1,4.6,History,81.1,Pass
S1210,Male,C,62.1,4.6,CS,66.3,Pass
S1211,Female,A,91.3,3.1,Maths,63.9,Pass
S1211,Female,A,91.3,3.1,Science,93.9,Pass
S1211,Female,A,91.3,3.1,English,66.1,Pass
S1211,Female,A,91.3,3.1,History,83.0,Pass
S1211,Female,A,91.3,3.1,CS,69.8,Pass
S1212,Female,C,90.6,1.7,Maths,86.9,Pass
S1212,Female,C,90.6,1.7,Science,88.3,Pass
S1212,Female,C,90.6,1.7,English,80.9,Pass
S1212,Female,C,90.6,1.7,History,88.1,Pass
S1212,Female,C,90.6,1.7,CS,75.7,Pass
S1213,Female,B,63.3,7.1,Maths,100.0,Pass
S1213,Female,B,63.3,7.1,Science,85.6,Pass
S1213,Female,B,63.3,7.1,English,69.1,Pass
S1213,Female,B,63.3,7.1,History,78.8,Pass
S1213,Female,B,63.3,7.1,CS,76.6,Pass
S1214,Male,C,71.6,2.5,Maths,69.0,Pass
S1214,Male,C,71.6,2.5,Science,54.9,Pass
S1214,Male,C,71.6,2.5,English,75.3,Pass
S1214,Male,C,71.6,2.5,History,57.6,Pass
S1214,Male,C,71.6,2.5,CS,46.2,Pass
S1215,Male,C,65.1,3.7,Maths,68.5,Pass
S1215,Male,C,65.1,3.7,Science,64.4,Pass
S1215,Male,C,65.1,3.7,English,63.3,Pass
S1215,Male,C,65.1,3.7,History,40.9,Pass
S1215,Male,C,65.1,3.7,CS,63.4,Pass
S1216,Female,D,98.1,3.7,Maths,80.1,Pass
S1216,Female,D,98.1,3.7,Science,75.5,Pass
S1216,Female,D,98.1,3.7,English,85.7,Pass
S1216,Female,D,98.1,3.7,History,95.7,Pass
S1216,Female,D,98.1,3.7,CS,87.0,Pass
S1217,Male,B,75.7,5.1,Maths,88.1,Pass
S1217,Male,B,75.7,5.1,Science,88.9,Pass
S1217,Male,B,75.7,5.1,English,67.6,Pass
S1217,Male,B,75.7,5.1,History,82.2,Pass
S1217,Male,B,75.7,5.1,CS,87.8,Pass
S1218,Female,B,78.7,4.7,Maths,73.7,Pass
S1218,Female,B,78.7,4.7,Science,70.1,Pass
S1218,Female,B,78.7,4.7,English,83.3,Pass
S1218,Female,B,78.7,4.7,History,63.2,Pass
S1218,Female,B,78.7,4.7,CS,67.1,Pass
S1219,Female,C,77.7,2.8,Maths,67.2,Pass
S1219,Female,C,77.7,2.8,Science,78.3,Pass
S1219,Female,C,77.7,2.8,English,76.0,Pass
S1219,Female,C,77.7,2.8,History,84.2,Pass
S1219,Female,C,77.7,2.8,CS,64.6,Pass
S1220,Male,A,84.5,3.5,Maths,67.6,Pass
S1220,Male,A,84.5,3.5,Science,82.6,Pass
S1220,Male,A,84.5,3.5,English,69.4,Pass
S1220,Male,A,84.5,3.5,History,71.4,Pass
S1220,Male,A,84.5,3.5,CS,58.8,Pass
S1221,Male,A,64.8,3.7,Maths,74.7,Pass
S1221,Male,A,64.8,3.7,Science,87.2,Pass
S1221,Male,A,64.8,3.7,English,61.5,Pass
S1221,Male,A,64.8,3.7,History,82.0,Pass
S1221,Male,A,64.8,3.7,CS,71.2,Pass
S1222,Male,C,69.0,5.1,Maths,58.3,Pass
S1222,Male,C,69.0,5.1,Science,67.0,Pass
S1222,Male,C,69.0,5.1,English,66.4,Pass
S1222,Male,C,69.0,5.1,History,72.8,Pass
S1222,Male,C,69.0,5.1,CS,80.1,Pass
S1223,Female,D,85.5,2.2,Maths,93.6,Pass
S1223,Female,D,85.5,2.2,Science,60.8,Pass
S1223,Female,D,85.5,2.2,English,70.3,Pass
S1223,Female,D,85.5,2.2,History,66.2,Pass
S1223,Female,D,85.5,2.2,CS,62.5,Pass
S1224,Female,C,76.2,7.0,Maths,82.9,Pass
S1224,Female,C,76.2,7.0,Science,81.9,Pass
S1224,Female,C,76.2,7.0,English,63.8,Pass
S1224,Female,C,76.2,7.0,History,82.1,Pass
S1224,Female,C,76.2,7.0,CS,69.9,Pass
S1225,Male,D,75.2,2.9,Maths,73.4,Pass
S1225,Male,D,75.2,2.9,Science,86.0,Pass
S1225,Male,D,75.2,2.9,English,77.9,Pass
S1225,Male,D,75.2,2.9,History,75.0,Pass
S1225,Male,D,75.2,2.9,CS,68.0,Pass
S1226,Female,A,86.6,4.0,Maths,79.6,Pass
S1226,Female,A,86.6,4.0,Science,84.6,Pass
S1226,Female,A,86.6,4.0,English,83.6,Pass
S1226,Female,A,86.6,4.0,History,78.0,Pass
S1226,Female,A,86.6,4.0,CS,81.1,Pass
S1227,Male,B,94.2,2.3,Maths,64.6,Pass
S1227,Male,B,94.2,2.3,Science,70.4,Pass
S1227,Male,B,94.2,2.3,English,84.9,Pass
S1227,Male,B,94.2,2.3,History,86.2,Pass
S1227,Male,B,94.2,2.3,CS,78.7,Pass
S1228,Male,C,86.6,2.1,Maths,89.9,Pass
S1228,Male,C,86.6,2.1,Science,80.2,Pass
S1228,Male,C,86.6,2.1,English,72.8,Pass
S1228,Male,C,86.6,2.1,History,62.9,Pass
S1228,Male,C,86.6,2.1,CS,89.5,Pass
S1229,Female,B,75.2,2.7,Maths,80.6,Pass
S1229,Female,B,75.2,2.7,Science,90.9,Pass
S1229,Female,B,75.2,2.7,English,94.6,Pass
S1229,Female,B,75.2,2.7,History,60.1,Pass
S1229,Female,B,75.2,2.7,CS,60.1,Pass
S1230,Male,A,83.3,2.5,Maths,46.4,Pass
S1230,Male,A,83.3,2.5,Science,84.3,Pass
S1230,Male,A,83.3,2.5,English,81.6,Pass
S1230,Male,A,83.3,2.5,History,76.1,Pass
S1230,Male,A,83.3,2.5,CS,62.8,Pass
S1231,Male,A,91.6,3.4,Maths,78.4,Pass
S1231,Male,A,91.6,3.4,Science,81.1,Pass
S1231,Male,A,91.6,3.4,English,87.1,Pass
S1231,Male,A,91.6,3.4,History,82.0,Pass
S1231,Male,A,91.6,3.4,CS,85.9,Pass
S1232,Female,D,65.9,2.5,Maths,68.6,Pass
S1232,Female,D,65.9,2.5,Science,81.6,Pass
S1232,Female,D,65.9,2.5,English,76.1,Pass
S1232,Female,D,65.9,2.5,History,58.0,Pass
S1232,Female,D,65.9,2.5,CS,83.7,Pass
S1233,Male,C,75.8,5.0,Maths,90.1,Pass
S1233,Male,C,75.8,5.0,Science,82.5,Pass
S1233,Male,C,75.8,5.0,English,80.6,Pass
S1233,Male,C,75.8,5.0,History,94.4,Pass
S1233,Male,C,75.8,5.0,CS,61.5,Pass
S1234,Female,B,81.9,2.8,Maths,87.6,Pass
S1234,Female,B,81.9,2.8,Science,70.4,Pass
S1234,Female,B,81.9,2.8,English,86.2,Pass
S1234,Female,B,81.9,2.8,History,76.4,Pass
S1234,Female,B,81.9,2.8,CS,62.8,Pass
S1235,Male,B,85.7,2.7,Maths,71.1,Pass
S1235,Male,B,85.7,2.7,Science,86.2,Pass
S1235,Male,B,85.7,2.7,English,73.9,Pass
S1235,Male,B,85.7,2.7,History,69.8,Pass
S1235,Male,B,85.7,2.7,CS,69.7,Pass
S1236,Male,A,93.7,3.4,Maths,86.3,Pass
S1236,Male,A,93.7,3.4,Science,97.4,Pass
S1236,Male,A,93.7,3.4,English,58.5,Pass
S1236,Male,A,93.7,3.4,History,100.0,Pass
S1236,Male,A,93.7,3.4,CS,82.0,Pass
S1237,Male,D,72.2,5.5,Maths,83.4,Pass
S1237,Male,D,72.2,5.5,Science,73.3,Pass
S1237,Male,D,72.2,5.5,English,77.6,Pass
S1237,Male,D,72.2,5.5,History,79.6,Pass
S1237,Male,D,72.2,5.5,CS,67.1,Pass
S1238,Male,A,88.9,4.3,Maths,72.3,Pass
S1238,Male,A,88.9,4.3,Science,92.2,Pass
S1238,Male,A,88.9,4.3,English,64.8,Pass
S1238,Male,A,88.9,4.3,History,84.7,Pass
S1238,Male,A,88.9,4.3,CS,76.6,Pass
S1239,Male,D,78.2,3.9,Maths,66.6,Pass
S1239,Male,D,78.2,3.9,Science,95.9,Pass
S1239,Male,D,78.2,3.9,English,66.6,Pass
S1239,Male,D,78.2,3.9,History,64.9,Pass
S1239,Male,D,78.2,3.9,CS,74.3,Pass
S1240,Male,A,81.9,1.9,Maths,65.6,Pass
S1240,Male,A,81.9,1.9,Science,73.3,Pass
S1240,Male,A,81.9,1.9,English,74.8,Pass
S1240,Male,A,81.9,1.9,History,75.6,Pass
S1240,Male,A,81.9,1.9,CS,72.0,Pass
S1241,Female,B,81.9,2.3,Maths,67.1,Pass
S1241,Female,B,81.9,2.3,Science,80.6,Pass
S1241,Female,B,81.9,2.3,English,73.0,Pass
S1241,Female,B,81.9,2.3,History,69.2,Pass
S1241,Female,B,81.9,2.3,CS,88.9,Pass
S1242,Male,B,66.6,2.1,Maths,67.9,Pass
S1242,Male,B,66.6,2.1,Science,80.1,Pass
S1242,Male,B,66.6,2.1,English,81.4,Pass
S1242,Male,B,66.6,2.1,History,82.0,Pass
S1242,Male,B,66.6,2.1,CS,76.1,Pass
S1243,Male,D,72.5,6.0,Maths,78.7,Pass
S1243,Male,D,72.5,6.0,Science,78.0,Pass
S1243,Male,D,72.5,6.0,English,76.2,Pass
S1243,Male,D,72.5,6.0,History,57.0,Pass
S1243,Male,D,72.5,6.0,CS,85.8,Pass
S1244,Male,A,57.7,4.8,Maths,74.3,Pass
S1244,Male,A,57.7,4.8,Science,80.2,Pass
S1244,Male,A,57.7,4.8,English,70.7,Pass
S1244,Male,A,57.7,4.8,History,78.5,Pass
S1244,Male,A,57.7,4.8,CS,58.1,Pass
S1245,Male,B,85.3,2.7,Maths,64.3,Pass
S1245,Male,B,85.3,2.7,Science,51.2,Pass
S1245,Male,B,85.3,2.7,English,74.7,Pass
S1245,Male,B,85.3,2.7,History,68.3,Pass
S1245,Male,B,85.3,2.7,CS,67.0,Pass
S1246,Male,B,87.7,3.2,Maths,81.0,Pass
S1246,Male,B,87.7,3.2,Science,73.4,Pass
S1246,Male,B,87.7,3.2,English,63.3,Pass
S1246,Male,B,87.7,3.2,History,100.0,Pass
S1246,Male,B,87.7,3.2,CS,77.2,Pass
S1247,Female,B,76.2,2.8,Maths,62.6,Pass
S1247,Female,B,76.2,2.8,Science,66.7,Pass
S1247,Female,B,76.2,2.8,English,71.7,Pass
S1247,Female,B,76.2,2.8,History,71.6,Pass
S1247,Female,B,76.2,2.8,CS,86.4,Pass
S1248,Male,A,74.0,2.7,Maths,71.8,Pass
S1248,Male,A,74.0,2.7,Science,91.1,Pass
S1248,Male,A,74.0,2.7,English,68.2,Pass
S1248,Male,A,74.0,2.7,History,76.8,Pass
S1248,Male,A,74.0,2.7,CS,82.8,Pass
S1249,Female,D,89.4,4.7,Maths,93.1,Pass
S1249,Female,D,89.4,4.7,Science,94.3,Pass
S1249,Female,D,89.4,4.7,English,78.5,Pass
S1249,Female,D,89.4,4.7,History,81.1,Pass
S1249,Female,D,89.4,4.7,CS,56.4,Pass
S1250,Female,B,85.9,3.6,Maths,75.9,Pass
S1250,Female,B,85.9,3.6,Science,88.8,Pass
S1250,Female,B,85.9,3.6,English,86.9,Pass
S1250,Female,B,85.9,3.6,History,77.0,Pass
S1250,Female,B,85.9,3.6,CS,94.9,Pass
S1251,Male,B,87.9,7.1,Maths,81.8,Pass
S1251,Male,B,87.9,7.1,Science,78.5,Pass
S1251,Male,B,87.9,7.1,English,80.9,Pass
S1251,Male,B,87.9,7.1,History,74.4,Pass
S1251,Male,B,87.9,7.1,CS,91.8,Pass
S1252,Male,B,76.3,5.9,Maths,82.5,Pass
S1252,Male,B,76.3,5.9,Science,85.7,Pass
S1252,Male,B,76.3,5.9,English,75.5,Pass
S1252,Male,B,76.3,5.9,History,79.1,Pass
S1252,Male,B,76.3,5.9,CS,57.9,Pass
S1253,Male,D,89.3,6.0,Maths,87.5,Pass
S1253,Male,D,89.3,6.0,Science,84.7,Pass
S1253,Male,D,89.3,6.0,English,72.7,Pass
S1253,Male,D,89.3,6.0,History,82.7,Pass
S1253,Male,D,89.3,6.0,CS,81.1,Pass
S1254,Female,B,83.7,5.0,Maths,97.8,Pass
S1254,Female,B,83.7,5.0,Science,69.5,Pass
S1254,Female,B,83.7,5.0,English,83.4,Pass
S1254,Female,B,83.7,5.0,History,69.2,Pass
S1254,Female,B,83.7,5.0,CS,74.6,Pass
S1255,Male,B,77.8,3.4,Maths,77.8,Pass
S1255,Male,B,77.8,3.4,Science,73.0,Pass
S1255,Male,B,77.8,3.4,English,75.0,Pass
S1255,Male,B,77.8,3.4,History,78.4,Pass
S1255,Male,B,77.8,3.4,CS,70.1,Pass
S1256,Female,B,74.1,4.9,Maths,85.9,Pass
S1256,Female,B,74.1,4.9,Science,74.0,Pass
S1256,Female,B,74.1,4.9,English,76.1,Pass
S1256,Female,B,74.1,4.9,History,80.6,Pass
S1256,Female,B,74.1,4.9,CS,79.3,Pass
S1257,Female,B,81.5,3.5,Maths,82.9,Pass
S1257,Female,B,81.5,3.5,Science,79.6,Pass
S1257,Female,B,81.5,3.5,English,81.1,Pass
S1257,Female,B,81.5,3.5,History,73.2,Pass
S1257,Female,B,81.5,3.5,CS,65.7,Pass
S1258,Female,A,77.3,6.4,Maths,66.8,Pass
S1258,Female,A,77.3,6.4,Science,64.4,Pass
S1258,Female,A,77.3,6.4,English,98.7,Pass
S1258,Female,A,77.3,6.4,History,59.0,Pass
S1258,Female,A,77.3,6.4,CS,93.0,Pass
S1259,Female,C,72.1,4.6,Maths,67.6,Pass
S1259,Female,C,72.1,4.6,Science,87.7,Pass
S1259,Female,C,72.1,4.6,English,53.8,Pass
S1259,Female,C,72.1,4.6,History,73.5,Pass
S1259,Female,C,72.1,4.6,CS,90.4,Pass
S1260,Female,A,91.3,4.4,Maths,88.3,Pass
S1260,Female,A,91.3,4.4,Science,77.8,Pass
S1260,Female,A,91.3,4.4,English,61.7,Pass
S1260,Female,A,91.3,4.4,History,67.9,Pass
S1260,Female,A,91.3,4.4,CS,95.1,Pass
S1261,Male,A,85.5,4.2,Maths,75.6,Pass
S1261,Male,A,85.5,4.2,Science,78.3,Pass
S1261,Male,A,85.5,4.2,English,81.9,Pass
S1261,Male,A,85.5,4.2,History,66.0,Pass
S1261,Male,A,85.5,4.2,CS,83.1,Pass
S1262,Male,A,89.2,6.6,Maths,80.8,Pass
S1262,Male,A,89.2,6.6,Science,87.9,Pass
S1262,Male,A,89.2,6.6,English,79.2,Pass
S1262,Male,A,89.2,6.6,History,69.2,Pass
S1262,Male,A,89.2,6.6,CS,80.7,Pass
S1263,Male,B,49.1,1.8,Maths,69.8,Pass
S1263,Male,B,49.1,1.8,Science,67.4,Pass
S1263,Male,B,49.1,1.8,English,63.7,Pass
S1263,Male,B,49.1,1.8,History,72.4,Pass
S1263,Male,B,49.1,1.8,CS,61.4,Pass
S1264,Female,D,87.7,6.8,Maths,85.4,Pass
S1264,Female,D,87.7,6.8,Science,80.0,Pass
S1264,Female,D,87.7,6.8,English,94.4,Pass
S1264,Female,D,87.7,6.8,History,87.7,Pass
S1264,Female,D,87.7,6.8,CS,79.3,Pass
S1265,Female,C,78.2,3.7,Maths,61.0,Pass
S1265,Female,C,78.2,3.7,Science,86.9,Pass
S1265,Female,C,78.2,3.7,English,68.5,Pass
S1265,Female,C,78.2,3.7,History,76.6,Pass
S1265,Female,C,78.2,3.7,CS,99.4,Pass
S1266,Female,D,86.8,1.9,Maths,82.8,Pass
S1266,Female,D,86.8,1.9,Science,90.9,Pass
S1266,Female,D,86.8,1.9,English,69.4,Pass
S1266,Female,D,86.8,1.9,History,85.5,Pass
S1266,Female,D,86.8,1.9,CS,75.1,Pass
S1267,Male,B,53.8,2.9,Maths,70.6,Pass
S1267,Male,B,53.8,2.9,Science,87.1,Pass
S1267,Male,B,53.8,2.9,English,64.1,Pass
S1267,Male,B,53.8,2.9,History,67.1,Pass
S1267,Male,B,53.8,2.9,CS,57.9,Pass
S1268,Female,D,71.3,1.5,Maths,78.3,Pass
S1268,Female,D,71.3,1.5,Science,63.8,Pass
S1268,Female,D,71.3,1.5,English,79.7,Pass
S1268,Female,D,71.3,1.5,History,52.9,Pass
S1268,Female,D,71.3,1.5,CS,74.9,Pass
S1269,Male,A,78.1,5.0,Maths,72.0,Pass
S1269,Male,A,78.1,5.0,Science,85.7,Pass
S1269,Male,A,78.1,5.0,English,78.3,Pass
S1269,Male,A,78.1,5.0,History,73.0,Pass
S1269,Male,A,78.1,5.0,CS,74.5,Pass
S1270,Male,C,78.6,2.4,Maths,65.0,Pass
S1270,Male,C,78.6,2.4,Science,81.8,Pass
S1270,Male,C,78.6,2.4,English,63.0,Pass
S1270,Male,C,78.6,2.4,History,70.8,Pass
S1270,Male,C,78.6,2.4,CS,76.9,Pass
S1271,Female,D,79.4,4.3,Maths,93.5,Pass
S1271,Female,D,79.4,4.3,Science,77.2,Pass
S1271,Female,D,79.4,4.3,English,74.9,Pass
S1271,Female,D,79.4,4.3,History,80.1,Pass
S1271,Female,D,79.4,4.3,CS,56.6,Pass
S1272,Male,C,89.8,5.7,Maths,71.3,Pass
S1272,Male,C,89.8,5.7,Science,79.6,Pass
S1272,Male,C,89.8,5.7,English,76.2,Pass
S1272,Male,C,89.8,5.7,History,67.3,Pass
S1272,Male,C,89.8,5.7,CS,91.9,Pass
S1273,Male,D,73.3,3.0,Maths,75.6,Pass
S1273,Male,D,73.3,3.0,Science,74.4,Pass
S1273,Male,D,73.3,3.0,English,66.0,Pass
S1273,Male,D,73.3,3.0,History,73.8,Pass
S1273,Male,D,73.3,3.0,CS,78.1,Pass
S1274,Female,B,77.0,3.6,Maths,72.7,Pass
S1274,Female,B,77.0,3.6,Science,79.7,Pass
S1274,Female,B,77.0,3.6,English,67.3,Pass
S1274,Female,B,77.0,3.6,History,76.3,Pass
S1274,Female,B,77.0,3.6,CS,86.7,Pass
S1275,Male,A,67.9,2.0,Maths,81.8,Pass
S1275,Male,A,67.9,2.0,Science,82.7,Pass
S1275,Male,A,67.9,2.0,English,72.3,Pass
S1275,Male,A,67.9,2.0,History,69.8,Pass
S1275,Male,A,67.9,2.0,CS,65.0,Pass
S1276,Male,D,84.4,3.4,Maths,59.1,Pass
S1276,Male,D,84.4,3.4,Science,63.7,Pass
S1276,Male,D,84.4,3.4,English,75.5,Pass
S1276,Male,D,84.4,3.4,History,76.1,Pass
S1276,Male,D,84.4,3.4,CS,91.3,Pass
S1277,Male,A,87.2,7.9,Maths,100.0,Pass
S1277,Male,A,87.2,7.9,Science,80.0,Pass
S1277,Male,A,87.2,7.9,English,95.1,Pass
S1277,Male,A,87.2,7.9,History,82.1,Pass
S1277,Male,A,87.2,7.9,CS,93.7,Pass
S1278,Male,D,84.6,5.2,Maths,88.8,Pass
S1278,Male,D,84.6,5.2,Science,93.1,Pass
S1278,Male,D,84.6,5.2,English,75.8,Pass
S1278,Male,D,84.6,5.2,History,90.8,Pass
S1278,Male,D,84.6,5.2,CS,62.0,Pass
S1279,Female,C,84.1,3.6,Maths,90.4,Pass
S1279,Female,C,84.1,3.6,Science,77.2,Pass
S1279,Female,C,84.1,3.6,English,77.4,Pass
S1279,Female,C,84.1,3.6,History,57.1,Pass
S1279,Female,C,84.1,3.6,CS,73.6,Pass
S1280,Female,D,86.1,3.1,Maths,90.6,Pass
S1280,Female,D,86.1,3.1,Science,72.7,Pass
S1280,Female,D,86.1,3.1,English,84.1,Pass
S1280,Female,D,86.1,3.1,History,77.3,Pass
S1280,Female,D,86.1,3.1,CS,87.6,Pass
S1281,Male,B,82.0,3.9,Maths,79.4,Pass
S1281,Male,B,82.0,3.9,Science,68.1,Pass
S1281,Male,B,82.0,3.9,English,78.0,Pass
S1281,Male,B,82.0,3.9,History,93.5,Pass
S1281,Male,B,82.0,3.9,CS,82.4,Pass
S1282,Male,D,91.0,4.2,Maths,79.5,Pass
S1282,Male,D,91.0,4.2,Science,100.0,Pass
S1282,Male,D,91.0,4.2,English,92.3,Pass
S1282,Male,D,91.0,4.2,History,88.8,Pass
S1282,Male,D,91.0,4.2,CS,83.9,Pass
S1283,Male,A,68.4,3.4,Maths,79.6,Pass
S1283,Male,A,68.4,3.4,Science,79.9,Pass
S1283,Male,A,68.4,3.4,English,50.4,Pass
S1283,Male,A,68.4,3.4,History,76.2,Pass
S1283,Male,A,68.4,3.4,CS,70.7,Pass
S1284,Female,B,60.5,4.8,Maths,67.8,Pass
S1284,Female,B,60.5,4.8,Science,70.8,Pass
S1284,Female,B,60.5,4.8,English,57.2,Pass
S1284,Female,B,60.5,4.8,History,54.7,Pass
S1284,Female,B,60.5,4.8,CS,85.2,Pass
S1285,Female,A,72.9,2.6,Maths,76.6,Pass
S1285,Female,A,72.9,2.6,Science,47.9,Pass
S1285,Female,A,72.9,2.6,English,66.2,Pass
S1285,Female,A,72.9,2.6,History,80.8,Pass
S1285,Female,A,72.9,2.6,CS,69.2,Pass
S1286,Female,D,94.2,2.6,Maths,90.8,Pass
S1286,Female,D,94.2,2.6,Science,88.9,Pass
S1286,Female,D,94.2,2.6,English,64.8,Pass
S1286,Female,D,94.2,2.6,History,76.9,Pass
S1286,Female,D,94.2,2.6,CS,73.9,Pass
S1287,Male,C,61.8,4.6,Maths,58.8,Pass
S1287,Male,C,61.8,4.6,Science,58.1,Pass
S1287,Male,C,61.8,4.6,English,64.6,Pass
S1287,Male,C,61.8,4.6,History,66.2,Pass
S1287,Male,C,61.8,4.6,CS,75.5,Pass
S1288,Male,D,96.7,2.2,Maths,88.9,Pass
S1288,Male,D,96.7,2.2,Science,83.6,Pass
S1288,Male,D,96.7,2.2,English,86.0,Pass
S1288,Male,D,96.7,2.2,History,75.8,Pass
S1288,Male,D,96.7,2.2,CS,84.5,Pass
S1289,Male,D,69.0,5.1,Maths,74.4,Pass
S1289,Male,D,69.0,5.1,Science,71.5,Pass
S1289,Male,D,69.0,5.1,English,94.9,Pass
S1289,Male,D,69.0,5.1,History,52.6,Pass
S1289,Male,D,69.0,5.1,CS,57.2,Pass
S1290,Female,B,78.6,4.0,Maths,80.4,Pass
S1290,Female,B,78.6,4.0,Science,73.9,Pass
S1290,Female,B,78.6,4.0,English,62.2,Pass
S1290,Female,B,78.6,4.0,History,66.0,Pass
S1290,Female,B,78.6,4.0,CS,67.3,Pass
S1291,Male,A,77.7,1.3,Maths,79.8,Pass
S1291,Male,A,77.7,1.3,Science,83.0,Pass
S1291,Male,A,77.7,1.3,English,87.2,Pass
S1291,Male,A,77.7,1.3,History,54.9,Pass
S1291,Male,A,77.7,1.3,CS,57.2,Pass
S1292,Female,D,87.7,4.2,Maths,65.3,Pass
S1292,Female,D,87.7,4.2,Science,92.5,Pass
S1292,Female,D,87.7,4.2,English,83.8,Pass
S1292,Female,D,87.7,4.2,History,80.5,Pass
S1292,Female,D,87.7,4.2,CS,81.9,Pass
S1293,Female,B,85.4,1.5,Maths,73.0,Pass
S1293,Female,B,85.4,1.5,Science,62.4,Pass
S1293,Female,B,85.4,1.5,English,78.7,Pass
S1293,Female,B,85.4,1.5,History,71.7,Pass
S1293,Female,B,85.4,1.5,CS,61.6,Pass
S1294,Male,A,75.0,5.0,Maths,83.3,Pass
S1294,Male,A,75.0,5.0,Science,73.3,Pass
S1294,Male,A,75.0,5.0,English,79.8,Pass
S1294,Male,A,75.0,5.0,History,76.3,Pass
S1294,Male,A,75.0,5.0,CS,86.5,Pass
S1295,Male,D,91.5,3.6,Maths,81.9,Pass
S1295,Male,D,91.5,3.6,Science,70.9,Pass
S1295,Male,D,91.5,3.6,English,82.9,Pass
S1295,Male,D,91.5,3.6,History,83.3,Pass
S1295,Male,D,91.5,3.6,CS,84.8,Pass
S1296,Male,D,95.6,6.8,Maths,97.6,Pass
S1296,Male,D,95.6,6.8,Science,81.1,Pass
S1296,Male,D,95.6,6.8,English,93.9,Pass
S1296,Male,D,95.6,6.8,History,70.0,Pass
S1296,Male,D,95.6,6.8,CS,86.0,Pass
S1297,Male,B,87.8,5.6,Maths,79.8,Pass
S1297,Male,B,87.8,5.6,Science,97.0,Pass
S1297,Male,B,87.8,5.6,English,81.0,Pass
S1297,Male,B,87.8,5.6,History,88.6,Pass
S1297,Male,B,87.8,5.6,CS,64.9,Pass
S1298,Male,D,79.3,2.4,Maths,70.1,Pass
S1298,Male,D,79.3,2.4,Science,65.1,Pass
S1298,Male,D,79.3,2.4,English,98.4,Pass
S1298,Male,D,79.3,2.4,History,66.9,Pass
S1298,Male,D,79.3,2.4,CS,74.3,Pass
S1299,Female,A,82.3,1.0,Maths,72.9,Pass
S1299,Female,A,82.3,1.0,Science,55.7,Pass
S1299,Female,A,82.3,1.0,English,66.4,Pass
S1299,Female,A,82.3,1.0,History,75.7,Pass
S1299,Female,A,82.3,1.0,CS,72.5,Pass
S1300,Male,A,74.3,2.9,Maths,50.0,Pass
S1300,Male,A,74.3,2.9,Science,67.4,Pass
S1300,Male,A,74.3,2.9,English,83.2,Pass
S1300,Male,A,74.3,2.9,History,78.9,Pass
S1300,Male,A,74.3,2.9,CS,85.2,Pass
S1301,Male,B,68.1,2.2,Maths,59.9,Pass
S1301,Male,B,68.1,2.2,Science,82.6,Pass
S1301,Male,B,68.1,2.2,English,69.3,Pass
S1301,Male,B,68.1,2.2,History,85.7,Pass
S1301,Male,B,68.1,2.2,CS,69.8,Pass
S1302,Female,C,59.5,6.7,Maths,55.9,Pass
S1302,Female,C,59.5,6.7,Science,84.8,Pass
S1302,Female,C,59.5,6.7,English,71.9,Pass
S1302,Female,C,59.5,6.7,History,72.6,Pass
S1302,Female,C,59.5,6.7,CS,61.8,Pass
S1303,Female,A,77.4,4.0,Maths,92.4,Pass
S1303,Female,A,77.4,4.0,Science,71.0,Pass
S1303,Female,A,77.4,4.0,English,91.9,Pass
S1303,Female,A,77.4,4.0,History,71.9,Pass
S1303,Female,A,77.4,4.0,CS,66.9,Pass
S1304,Male,A,72.5,5.4,Maths,90.8,Pass
S1304,Male,A,72.5,5.4,Science,76.8,Pass
S1304,Male,A,72.5,5.4,English,76.9,Pass
S1304,Male,A,72.5,5.4,History,64.7,Pass
S1304,Male,A,72.5,5.4,CS,73.0,Pass
S1305,Female,C,90.6,3.6,Maths,83.6,Pass
S1305,Female,C,90.6,3.6,Science,66.3,Pass
S1305,Female,C,90.6,3.6,English,73.9,Pass
S1305,Female,C,90.6,3.6,History,75.1,Pass
S1305,Female,C,90.6,3.6,CS,80.0,Pass
S1306,Female,D,90.6,3.7,Maths,94.4,Pass
S1306,Female,D,90.6,3.7,Science,76.6,Pass
S1306,Female,D,90.6,3.7,English,72.7,Pass
S1306,Female,D,90.6,3.7,History,100.0,Pass
S1306,Female,D,90.6,3.7,CS,75.3,Pass
S1307,Female,C,76.4,4.0,Maths,73.9,Pass
S1307,Female,C,76.4,4.0,Science,72.3,Pass
S1307,Female,C,76.4,4.0,English,73.1,Pass
S1307,Female,C,76.4,4.0,History,76.6,Pass
S1307,Female,C,76.4,4.0,CS,85.0,Pass
S1308,Female,D,73.8,5.7,Maths,82.5,Pass
S1308,Female,D,73.8,5.7,Science,89.2,Pass
S1308,Female,D,73.8,5.7,English,88.9,Pass
S1308,Female,D,73.8,5.7,History,80.5,Pass
S1308,Female,D,73.8,5.7,CS,82.2,Pass
S1309,Male,D,70.5,4.5,Maths,86.2,Pass
S1309,Male,D,70.5,4.5,Science,64.0,Pass
S1309,Male,D,70.5,4.5,English,100.0,Pass
S1309,Male,D,70.5,4.5,History,69.9,Pass
S1309,Male,D,70.5,4.5,CS,71.6,Pass
S1310,Female,C,98.5,2.4,Maths,67.2,Pass
S1310,Female,C,98.5,2.4,Science,67.5,Pass
S1310,Female,C,98.5,2.4,English,89.1,Pass
S1310,Female,C,98.5,2.4,History,100.0,Pass
S1310,Female,C,98.5,2.4,CS,73.7,Pass
S1311,Male,C,65.4,6.4,Maths,80.9,Pass
S1311,Male,C,65.4,6.4,Science,79.7,Pass
S1311,Male,C,65.4,6.4,English,87.5,Pass
S1311,Male,C,65.4,6.4,History,99.7,Pass
S1311,Male,C,65.4,6.4,CS,92.7,Pass
S1312,Female,D,90.3,3.6,Maths,76.8,Pass
S1312,Female,D,90.3,3.6,Science,84.5,Pass
S1312,Female,D,90.3,3.6,English,85.5,Pass
S1312,Female,D,90.3,3.6,History,79.0,Pass
S1312,Female,D,90.3,3.6,CS,68.3,Pass
S1313,Female,B,72.0,3.3,Maths,65.2,Pass
S1313,Female,B,72.0,3.3,Science,84.7,Pass
S1313,Female,B,72.0,3.3,English,85.7,Pass
S1313,Female,B,72.0,3.3,History,71.2,Pass
S1313,Female,B,72.0,3.3,CS,75.8,Pass
S1314,Male,A,91.7,0.5,Maths,85.5,Pass
S1314,Male,A,91.7,0.5,Science,56.5,Pass
S1314,Male,A,91.7,0.5,English,69.0,Pass
S1314,Male,A,91.7,0.5,History,93.7,Pass
S1314,Male,A,91.7,0.5,CS,76.5,Pass
S1315,Male,D,61.4,5.0,Maths,62.0,Pass
S1315,Male,D,61.4,5.0,Science,74.5,Pass
S1315,Male,D,61.4,5.0,English,83.5,Pass
S1315,Male,D,61.4,5.0,History,47.9,Pass
S1315,Male,D,61.4,5.0,CS,75.1,Pass
S1316,Female,B,76.8,4.2,Maths,72.6,Pass
S1316,Female,B,76.8,4.2,Science,59.9,Pass
S1316,Female,B,76.8,4.2,English,77.2,Pass
S1316,Female,B,76.8,4.2,History,75.0,Pass
S1316,Female,B,76.8,4.2,CS,76.1,Pass
S1317,Female,D,88.3,4.1,Maths,76.3,Pass
S1317,Female,D,88.3,4.1,Science,69.6,Pass
S1317,Female,D,88.3,4.1,English,65.2,Pass
S1317,Female,D,88.3,4.1,History,72.9,Pass
S1317,Female,D,88.3,4.1,CS,88.4,Pass
S1318,Male,B,73.5,3.4,Maths,76.2,Pass
S1318,Male,B,73.5,3.4,Science,73.2,Pass
S1318,Male,B,73.5,3.4,English,63.5,Pass
S1318,Male,B,73.5,3.4,History,70.1,Pass
S1318,Male,B,73.5,3.4,CS,81.2,Pass
S1319,Female,D,78.5,3.1,Maths,79.9,Pass
S1319,Female,D,78.5,3.1,Science,70.1,Pass
S1319,Female,D,78.5,3.1,English,48.7,Pass
S1319,Female,D,78.5,3.1,History,68.1,Pass
S1319,Female,D,78.5,3.1,CS,70.0,Pass
S1320,Female,A,57.6,3.4,Maths,60.1,Pass
S1320,Female,A,57.6,3.4,Science,65.0,Pass
S1320,Female,A,57.6,3.4,English,77.3,Pass
S1320,Female,A,57.6,3.4,History,68.8,Pass
S1320,Female,A,57.6,3.4,CS,79.1,Pass
S1321,Male,C,57.4,4.7,Maths,56.5,Pass
S1321,Male,C,57.4,4.7,Science,68.5,Pass
S1321,Male,C,57.4,4.7,English,52.2,Pass
S1321,Male,C,57.4,4.7,History,67.3,Pass
S1321,Male,C,57.4,4.7,CS,61.1,Pass
S1322,Male,B,85.2,5.0,Maths,93.3,Pass
S1322,Male,B,85.2,5.0,Science,84.6,Pass
S1322,Male,B,85.2,5.0,English,90.6,Pass
S1322,Male,B,85.2,5.0,History,76.2,Pass
S1322,Male,B,85.2,5.0,CS,70.3,Pass
S1323,Male,B,84.9,3.7,Maths,67.3,Pass
S1323,Male,B,84.9,3.7,Science,80.4,Pass
S1323,Male,B,84.9,3.7,English,95.9,Pass
S1323,Male,B,84.9,3.7,History,81.9,Pass
S1323,Male,B,84.9,3.7,CS,74.0,Pass
S1324,Female,B,85.9,5.4,Maths,79.7,Pass
S1324,Female,B,85.9,5.4,Science,81.3,Pass
S1324,Female,B,85.9,5.4,English,100.0,Pass
S1324,Female,B,85.9,5.4,History,94.0,Pass
S1324,Female,B,85.9,5.4,CS,84.2,Pass
S1325,Male,D,84.6,3.9,Maths,79.3,Pass
S1325,Male,D,84.6,3.9,Science,81.1,Pass
S1325,Male,D,84.6,3.9,English,83.1,Pass
S1325,Male,D,84.6,3.9,History,74.0,Pass
S1325,Male,D,84.6,3.9,CS,69.7,Pass
S1326,Female,B,90.0,3.2,Maths,88.8,Pass
S1326,Female,B,90.0,3.2,Science,78.7,Pass
S1326,Female,B,90.0,3.2,English,88.0,Pass
S1326,Female,B,90.0,3.2,History,94.9,Pass
S1326,Female,B,90.0,3.2,CS,83.7,Pass
S1327,Male,D,85.4,4.3,Maths,82.8,Pass
S1327,Male,D,85.4,4.3,Science,100.0,Pass
S1327,Male,D,85.4,4.3,English,81.3,Pass
S1327,Male,D,85.4,4.3,History,68.3,Pass
S1327,Male,D,85.4,4.3,CS,76.4,Pass
S1328,Female,B,84.9,2.0,Maths,89.9,Pass
S1328,Female,B,84.9,2.0,Science,61.5,Pass
S1328,Female,B,84.9,2.0,English,66.9,Pass
S1328,Female,B,84.9,2.0,History,85.5,Pass
S1328,Female,B,84.9,2.0,CS,71.7,Pass
S1329,Male,A,68.0,4.3,Maths,73.0,Pass
S1329,Male,A,68.0,4.3,Science,84.8,Pass
S1329,Male,A,68.0,4.3,English,66.9,Pass
S1329,Male,A,68.0,4.3,History,59.4,Pass
S1329,Male,A,68.0,4.3,CS,60.2,Pass
S1330,Male,D,81.3,1.7,Maths,78.6,Pass
S1330,Male,D,81.3,1.7,Science,75.4,Pass
S1330,Male,D,81.3,1.7,English,65.8,Pass
S1330,Male,D,81.3,1.7,History,61.2,Pass
S1330,Male,D,81.3,1.7,CS,70.1,Pass
S1331,Female,A,61.3,2.5,Maths,79.5,Pass
S1331,Female,A,61.3,2.5,Science,59.9,Pass
S1331,Female,A,61.3,2.5,English,61.7,Pass
S1331,Female,A,61.3,2.5,History,56.4,Pass
S1331,Female,A,61.3,2.5,CS,64.6,Pass
S1332,Male,B,64.3,1.0,Maths,69.6,Pass
S1332,Male,B,64.3,1.0,Science,87.4,Pass
S1332,Male,B,64.3,1.0,English,68.4,Pass
S1332,Male,B,64.3,1.0,History,65.7,Pass
S1332,Male,B,64.3,1.0,CS,74.9,Pass
S1333,Female,D,60.9,3.7,Maths,77.7,Pass
S1333,Female,D,60.9,3.7,Science,65.0,Pass
S1333,Female,D,60.9,3.7,English,93.8,Pass
S1333,Female,D,60.9,3.7,History,70.5,Pass
S1333,Female,D,60.9,3.7,CS,73.1,Pass
S1334,Female,D,52.8,6.4,Maths,79.2,Pass
S1334,Female,D,52.8,6.4,Science,77.1,Pass
S1334,Female,D,52.8,6.4,English,88.9,Pass
S1334,Female,D,52.8,6.4,History,67.8,Pass
S1334,Female,D,52.8,6.4,CS,81.5,Pass
S1335,Female,D,78.8,3.8,Maths,77.9,Pass
S1335,Female,D,78.8,3.8,Science,86.1,Pass
S1335,Female,D,78.8,3.8,English,74.1,Pass
S1335,Female,D,78.8,3.8,History,72.8,Pass
S1335,Female,D,78.8,3.8,CS,83.6,Pass
S1336,Female,B,83.7,5.0,Maths,83.6,Pass
S1336,Female,B,83.7,5.0,Science,71.8,Pass
S1336,Female,B,83.7,5.0,English,93.5,Pass
S1336,Female,B,83.7,5.0,History,87.4,Pass
S1336,Female,B,83.7,5.0,CS,79.3,Pass
S1337,Male,D,52.9,7.5,Maths,71.2,Pass
S1337,Male,D,52.9,7.5,Science,79.6,Pass
S1337,Male,D,52.9,7.5,English,82.5,Pass
S1337,Male,D,52.9,7.5,History,60.0,Pass
S1337,Male,D,52.9,7.5,CS,79.7,Pass
S1338,Female,B,72.2,4.6,Maths,82.4,Pass
S1338,Female,B,72.2,4.6,Science,52.3,Pass
S1338,Female,B,72.2,4.6,English,77.8,Pass
S1338,Female,B,72.2,4.6,History,82.8,Pass
S1338,Female,B,72.2,4.6,CS,81.7,Pass
S1339,Female,C,76.2,2.9,Maths,81.6,Pass
S1339,Female,C,76.2,2.9,Science,70.3,Pass
S1339,Female,C,76.2,2.9,English,63.2,Pass
S1339,Female,C,76.2,2.9,History,55.6,Pass
S1339,Female,C,76.2,2.9,CS,84.5,Pass
S1340,Male,C,61.1,3.1,Maths,76.5,Pass
S1340,Male,C,61.1,3.1,Science,81.1,Pass
S1340,Male,C,61.1,3.1,English,62.2,Pass
S1340,Male,C,61.1,3.1,History,77.5,Pass
S1340,Male,C,61.1,3.1,CS,54.4,Pass
S1341,Male,A,88.6,4.0,Maths,70.9,Pass
S1341,Male,A,88.6,4.0,Science,80.8,Pass
S1341,Male,A,88.6,4.0,English,86.2,Pass
S1341,Male,A,88.6,4.0,History,96.4,Pass
S1341,Male,A,88.6,4.0,CS,77.2,Pass
S1342,Female,B,93.5,3.1,Maths,70.5,Pass
S1342,Female,B,93.5,3.1,Science,70.0,Pass
S1342,Female,B,93.5,3.1,English,72.3,Pass
S1342,Female,B,93.5,3.1,History,100.0,Pass
S1342,Female,B,93.5,3.1,CS,86.7,Pass
S1343,Male,B,74.8,3.2,Maths,84.9,Pass
S1343,Male,B,74.8,3.2,Science,71.4,Pass
S1343,Male,B,74.8,3.2,English,73.7,Pass
S1343,Male,B,74.8,3.2,History,80.7,Pass
S1343,Male,B,74.8,3.2,CS,68.7,Pass
S1344,Female,B,78.5,5.5,Maths,76.6,Pass
S1344,Female,B,78.5,5.5,Science,72.7,Pass
S1344,Female,B,78.5,5.5,English,75.0,Pass
S1344,Female,B,78.5,5.5,History,80.0,Pass
S1344,Female,B,78.5,5.5,CS,71.3,Pass
S1345,Female,B,79.1,5.5,Maths,82.7,Pass
S1345,Female,B,79.1,5.5,Science,82.6,Pass
S1345,Female,B,79.1,5.5,English,78.0,Pass
S1345,Female,B,79.1,5.5,History,71.5,Pass
S1345,Female,B,79.1,5.5,CS,80.8,Pass
S1346,Female,C,67.4,1.5,Maths,63.2,Pass
S1346,Female,C,67.4,1.5,Science,68.7,Pass
S1346,Female,C,67.4,1.5,English,79.3,Pass
S1346,Female,C,67.4,1.5,History,55.8,Pass
S1346,Female,C,67.4,1.5,CS,90.0,Pass
S1347,Male,A,72.7,2.8,Maths,71.6,Pass
S1347,Male,A,72.7,2.8,Science,76.5,Pass
S1347,Male,A,72.7,2.8,English,64.8,Pass
S1347,Male,A,72.7,2.8,History,83.8,Pass
S1347,Male,A,72.7,2.8,CS,71.1,Pass
S1348,Male,A,43.7,3.3,Maths,60.8,Pass
S1348,Male,A,43.7,3.3,Science,59.0,Pass
S1348,Male,A,43.7,3.3,English,62.0,Pass
S1348,Male,A,43.7,3.3,History,68.9,Pass
S1348,Male,A,43.7,3.3,CS,66.4,Pass
S1349,Male,D,89.5,4.9,Maths,81.3,Pass
S1349,Male,D,89.5,4.9,Science,74.5,Pass
S1349,Male,D,89.5,4.9,English,74.0,Pass
S1349,Male,D,89.5,4.9,History,77.0,Pass
S1349,Male,D,89.5,4.9,CS,86.3,Pass
S1350,Male,B,86.0,5.7,Maths,88.9,Pass
S1350,Male,B,86.0,5.7,Science,90.2,Pass
S1350,Male,B,86.0,5.7,English,82.2,Pass
S1350,Male,B,86.0,5.7,History,86.1,Pass
S1350,Male,B,86.0,5.7,CS,80.6,Pass
S1351,Female,C,96.0,8.1,Maths,72.5,Pass
S1351,Female,C,96.0,8.1,Science,87.7,Pass
S1351,Female,C,96.0,8.1,English,86.1,Pass
S1351,Female,C,96.0,8.1,History,79.5,Pass
S1351,Female,C,96.0,8.1,CS,84.2,Pass
S1352,Female,C,70.2,3.3,Maths,74.0,Pass
S1352,Female,C,70.2,3.3,Science,61.3,Pass
S1352,Female,C,70.2,3.3,English,65.5,Pass
S1352,Female,C,70.2,3.3,History,88.1,Pass
S1352,Female,C,70.2,3.3,CS,56.6,Pass
S1353,Male,C,71.3,3.4,Maths,71.3,Pass
S1353,Male,C,71.3,3.4,Science,61.5,Pass
S1353,Male,C,71.3,3.4,English,65.6,Pass
S1353,Male,C,71.3,3.4,History,71.2,Pass
S1353,Male,C,71.3,3.4,CS,63.3,Pass
S1354,Male,B,84.1,4.9,Maths,85.7,Pass
S1354,Male,B,84.1,4.9,Science,93.5,Pass
S1354,Male,B,84.1,4.9,English,88.4,Pass
S1354,Male,B,84.1,4.9,History,90.2,Pass
S1354,Male,B,84.1,4.9,CS,66.2,Pass
S1355,Female,B,62.9,3.0,Maths,67.4,Pass
S1355,Female,B,62.9,3.0,Science,74.5,Pass
S1355,Female,B,62.9,3.0,English,78.5,Pass
S1355,Female,B,62.9,3.0,History,87.4,Pass
S1355,Female,B,62.9,3.0,CS,80.5,Pass
S1356,Male,D,89.0,3.8,Maths,88.2,Pass
S1356,Male,D,89.0,3.8,Science,100.0,Pass
S1356,Male,D,89.0,3.8,English,80.2,Pass
S1356,Male,D,89.0,3.8,History,76.4,Pass
S1356,Male,D,89.0,3.8,CS,81.0,Pass
S1357,Female,D,81.9,3.4,Maths,67.2,Pass
S1357,Female,D,81.9,3.4,Science,77.0,Pass
S1357,Female,D,81.9,3.4,English,59.0,Pass
S1357,Female,D,81.9,3.4,History,71.0,Pass
S1357,Female,D,81.9,3.4,CS,75.2,Pass
S1358,Male,B,71.0,0.5,Maths,76.8,Pass
S1358,Male,B,71.0,0.5,Science,78.4,Pass
S1358,Male,B,71.0,0.5,English,57.7,Pass
S1358,Male,B,71.0,0.5,History,88.1,Pass
S1358,Male,B,71.0,0.5,CS,68.8,Pass
S1359,Female,C,72.5,4.2,Maths,77.5,Pass
S1359,Female,C,72.5,4.2,Science,58.9,Pass
S1359,Female,C,72.5,4.2,English,68.9,Pass
S1359,Female,C,72.5,4.2,History,85.6,Pass
S1359,Female,C,72.5,4.2,CS,76.8,Pass
S1360,Male,D,71.0,3.7,Maths,74.8,Pass
S1360,Male,D,71.0,3.7,Science,76.0,Pass
S1360,Male,D,71.0,3.7,English,59.3,Pass
S1360,Male,D,71.0,3.7,History,72.8,Pass
S1360,Male,D,71.0,3.7,CS,87.8,Pass
S1361,Female,A,70.6,5.9,Maths,88.9,Pass
S1361,Female,A,70.6,5.9,Science,76.7,Pass
S1361,Female,A,70.6,5.9,English,93.6,Pass
S1361,Female,A,70.6,5.9,History,65.4,Pass
S1361,Female,A,70.6,5.9,CS,68.3,Pass
S1362,Male,D,55.6,4.0,Maths,88.3,Pass
S1362,Male,D,55.6,4.0,Science,75.5,Pass
S1362,Male,D,55.6,4.0,English,66.8,Pass
S1362,Male,D,55.6,4.0,History,69.1,Pass
S1362,Male,D,55.6,4.0,CS,61.6,Pass
S1363,Female,B,98.0,2.1,Maths,81.4,Pass
S1363,Female,B,98.0,2.1,Science,80.6,Pass
S1363,Female,B,98.0,2.1,English,78.8,Pass
S1363,Female,B,98.0,2.1,History,67.0,Pass
S1363,Female,B,98.0,2.1,CS,81.3,Pass
S1364,Male,D,68.5,3.6,Maths,67.5,Pass
S1364,Male,D,68.5,3.6,Science,62.9,Pass
S1364,Male,D,68.5,3.6,English,85.5,Pass
S1364,Male,D,68.5,3.6,History,94.5,Pass
S1364,Male,D,68.5,3.6,CS,92.2,Pass
S1365,Male,C,81.8,0.9,Maths,77.8,Pass
S1365,Male,C,81.8,0.9,Science,68.6,Pass
S1365,Male,C,81.8,0.9,English,70.6,Pass
S1365,Male,C,81.8,0.9,History,75.3,Pass
S1365,Male,C,81.8,0.9,CS,67.1,Pass
S1366,Female,D,70.0,2.2,Maths,83.6,Pass
S1366,Female,D,70.0,2.2,Science,50.0,Pass
S1366,Female,D,70.0,2.2,English,67.4,Pass
S1366,Female,D,70.0,2.2,History,78.4,Pass
S1366,Female,D,70.0,2.2,CS,61.9,Pass
S1367,Male,A,57.3,5.0,Maths,69.7,Pass
S1367,Male,A,57.3,5.0,Science,78.0,Pass
S1367,Male,A,57.3,5.0,English,87.3,Pass
S1367,Male,A,57.3,5.0,History,59.2,Pass
S1367,Male,A,57.3,5.0,CS,58.4,Pass
S1368,Male,A,44.6,3.6,Maths,56.2,Pass
S1368,Male,A,44.6,3.6,Science,50.3,Pass
S1368,Male,A,44.6,3.6,English,51.0,Pass
S1368,Male,A,44.6,3.6,History,55.9,Pass
S1368,Male,A,44.6,3.6,CS,78.0,Pass
S1369,Male,D,91.2,5.4,Maths,80.0,Pass
S1369,Male,D,91.2,5.4,Science,83.4,Pass
S1369,Male,D,91.2,5.4,English,73.6,Pass
S1369,Male,D,91.2,5.4,History,89.5,Pass
S1369,Male,D,91.2,5.4,CS,100.0,Pass
S1370,Male,C,79.8,1.0,Maths,62.2,Pass
S1370,Male,C,79.8,1.0,Science,88.3,Pass
S1370,Male,C,79.8,1.0,English,74.7,Pass
S1370,Male,C,79.8,1.0,History,71.2,Pass
S1370,Male,C,79.8,1.0,CS,75.0,Pass
S1371,Male,C,66.7,3.6,Maths,76.2,Pass
S1371,Male,C,66.7,3.6,Science,90.9,Pass
S1371,Male,C,66.7,3.6,English,77.5,Pass
S1371,Male,C,66.7,3.6,History,77.7,Pass
S1371,Male,C,66.7,3.6,CS,68.1,Pass
S1372,Female,A,88.6,3.3,Maths,86.6,Pass
S1372,Female,A,88.6,3.3,Science,68.6,Pass
S1372,Female,A,88.6,3.3,English,79.3,Pass
S1372,Female,A,88.6,3.3,History,100.0,Pass
S1372,Female,A,88.6,3.3,CS,53.1,Pass
S1373,Male,A,90.5,5.4,Maths,85.4,Pass
S1373,Male,A,90.5,5.4,Science,85.7,Pass
S1373,Male,A,90.5,5.4,English,80.7,Pass
S1373,Male,A,90.5,5.4,History,81.0,Pass
S1373,Male,A,90.5,5.4,CS,83.9,Pass
S1374,Female,D,66.2,5.0,Maths,72.4,Pass
S1374,Female,D,66.2,5.0,Science,77.1,Pass
S1374,Female,D,66.2,5.0,English,70.0,Pass
S1374,Female,D,66.2,5.0,History,95.1,Pass
S1374,Female,D,66.2,5.0,CS,72.4,Pass
S1375,Female,B,71.8,5.0,Maths,82.2,Pass
S1375,Female,B,71.8,5.0,Science,69.8,Pass
S1375,Female,B,71.8,5.0,English,85.8,Pass
S1375,Female,B,71.8,5.0,History,83.8,Pass
S1375,Female,B,71.8,5.0,CS,80.7,Pass
S1376,Male,C,85.9,6.3,Maths,73.1,Pass
S1376,Male,C,85.9,6.3,Science,75.9,Pass
S1376,Male,C,85.9,6.3,English,100.0,Pass
S1376,Male,C,85.9,6.3,History,75.8,Pass
S1376,Male,C,85.9,6.3,CS,89.8,Pass
S1377,Female,B,83.2,3.4,Maths,67.4,Pass
S1377,Female,B,83.2,3.4,Science,87.0,Pass
S1377,Female,B,83.2,3.4,English,70.0,Pass
S1377,Female,B,83.2,3.4,History,67.2,Pass
S1377,Female,B,83.2,3.4,CS,69.7,Pass
S1378,Female,B,84.5,6.0,Maths,76.8,Pass
S1378,Female,B,84.5,6.0,Science,86.4,Pass
S1378,Female,B,84.5,6.0,English,83.1,Pass
S1378,Female,B,84.5,6.0,History,71.4,Pass
S1378,Female,B,84.5,6.0,CS,82.1,Pass
S1379,Female,A,91.4,2.4,Maths,65.8,Pass
S1379,Female,A,91.4,2.4,Science,83.7,Pass
S1379,Female,A,91.4,2.4,English,85.5,Pass
S1379,Female,A,91.4,2.4,History,77.0,Pass
S1379,Female,A,91.4,2.4,CS,80.0,Pass
S1380,Male,D,53.5,2.4,Maths,83.3,Pass
S1380,Male,D,53.5,2.4,Science,64.2,Pass
S1380,Male,D,53.5,2.4,English,56.4,Pass
S1380,Male,D,53.5,2.4,History,71.6,Pass
S1380,Male,D,53.5,2.4,CS,54.5,Pass
S1381,Male,D,65.9,5.1,Maths,72.9,Pass
S1381,Male,D,65.9,5.1,Science,69.1,Pass
S1381,Male,D,65.9,5.1,English,68.0,Pass
S1381,Male,D,65.9,5.1,History,72.5,Pass
S1381,Male,D,65.9,5.1,CS,84.0,Pass
S1382,Male,A,35.6,1.7,Maths,70.2,Pass
S1382,Male,A,35.6,1.7,Science,68.4,Pass
S1382,Male,A,35.6,1.7,English,62.5,Pass
S1382,Male,A,35.6,1.7,History,56.6,Pass
S1382,Male,A,35.6,1.7,CS,35.6,Fail
S1383,Female,B,94.8,4.9,Maths,86.8,Pass
S1383,Female,B,94.8,4.9,Science,60.4,Pass
S1383,Female,B,94.8,4.9,English,63.9,Pass
S1383,Female,B,94.8,4.9,History,81.5,Pass
S1383,Female,B,94.8,4.9,CS,85.8,Pass
S1384,Female,C,90.0,4.2,Maths,75.8,Pass
S1384,Female,C,90.0,4.2,Science,95.7,Pass
S1384,Female,C,90.0,4.2,English,84.9,Pass
S1384,Female,C,90.0,4.2,History,77.8,Pass
S1384,Female,C,90.0,4.2,CS,94.2,Pass
S1385,Female,B,79.3,5.6,Maths,95.6,Pass
S1385,Female,B,79.3,5.6,Science,85.1,Pass
S1385,Female,B,79.3,5.6,English,72.2,Pass
S1385,Female,B,79.3,5.6,History,74.5,Pass
S1385,Female,B,79.3,5.6,CS,65.5,Pass
S1386,Male,C,76.6,3.9,Maths,75.4,Pass
S1386,Male,C,76.6,3.9,Science,65.3,Pass
S1386,Male,C,76.6,3.9,English,72.5,Pass
S1386,Male,C,76.6,3.9,History,78.4,Pass
S1386,Male,C,76.6,3.9,CS,56.0,Pass
S1387,Female,B,85.0,4.1,Maths,66.0,Pass
S1387,Female,B,85.0,4.1,Science,73.6,Pass
S1387,Female,B,85.0,4.1,English,78.1,Pass
S1387,Female,B,85.0,4.1,History,73.7,Pass
S1387,Female,B,85.0,4.1,CS,76.0,Pass
S1388,Male,A,93.7,4.8,Maths,75.6,Pass
S1388,Male,A,93.7,4.8,Science,68.1,Pass
S1388,Male,A,93.7,4.8,English,77.3,Pass
S1388,Male,A,93.7,4.8,History,80.5,Pass
S1388,Male,A,93.7,4.8,CS,79.5,Pass
S1389,Female,B,81.3,3.0,Maths,76.5,Pass
S1389,Female,B,81.3,3.0,Science,79.6,Pass
S1389,Female,B,81.3,3.0,English,82.2,Pass
S1389,Female,B,81.3,3.0,History,69.1,Pass
S1389,Female,B,81.3,3.0,CS,59.6,Pass
S1390,Male,C,75.1,2.9,Maths,86.1,Pass
S1390,Male,C,75.1,2.9,Science,77.3,Pass
S1390,Male,C,75.1,2.9,English,63.9,Pass
S1390,Male,C,75.1,2.9,History,76.2,Pass
S1390,Male,C,75.1,2.9,CS,84.1,Pass
S1391,Female,A,79.8,4.7,Maths,95.6,Pass
S1391,Female,A,79.8,4.7,Science,80.9,Pass
S1391,Female,A,79.8,4.7,English,88.9,Pass
S1391,Female,A,79.8,4.7,History,66.3,Pass
S1391,Female,A,79.8,4.7,CS,78.0,Pass
S1392,Female,D,83.1,4.0,Maths,74.5,Pass
S1392,Female,D,83.1,4.0,Science,81.3,Pass
S1392,Female,D,83.1,4.0,English,94.0,Pass
S1392,Female,D,83.1,4.0,History,80.4,Pass
S1392,Female,D,83.1,4.0,CS,68.5,Pass
S1393,Male,A,69.3,3.4,Maths,59.9,Pass
S1393,Male,A,69.3,3.4,Science,89.0,Pass
S1393,Male,A,69.3,3.4,English,77.7,Pass
S1393,Male,A,69.3,3.4,History,77.0,Pass
S1393,Male,A,69.3,3.4,CS,69.1,Pass
S1394,Male,A,60.9,3.9,Maths,73.7,Pass
S1394,Male,A,60.9,3.9,Science,61.2,Pass
S1394,Male,A,60.9,3.9,English,74.9,Pass
S1394,Male,A,60.9,3.9,History,59.3,Pass
S1394,Male,A,60.9,3.9,CS,67.4,Pass
S1395,Female,C,87.0,6.4,Maths,77.5,Pass
S1395,Female,C,87.0,6.4,Science,51.3,Pass
S1395,Female,C,87.0,6.4,English,80.4,Pass
S1395,Female,C,87.0,6.4,History,74.9,Pass
S1395,Female,C,87.0,6.4,CS,81.8,Pass
S1396,Male,C,84.1,3.3,Maths,76.9,Pass
S1396,Male,C,84.1,3.3,Science,94.6,Pass
S1396,Male,C,84.1,3.3,English,80.0,Pass
S1396,Male,C,84.1,3.3,History,80.3,Pass
S1396,Male,C,84.1,3.3,CS,81.9,Pass
S1397,Female,B,49.2,3.3,Maths,75.1,Pass
S1397,Female,B,49.2,3.3,Science,70.9,Pass
S1397,Female,B,49.2,3.3,English,69.2,Pass
S1397,Female,B,49.2,3.3,History,73.5,Pass
S1397,Female,B,49.2,3.3,CS,42.1,Pass
S1398,Female,B,87.0,1.4,Maths,94.9,Pass
S1398,Female,B,87.0,1.4,Science,89.9,Pass
S1398,Female,B,87.0,1.4,English,76.1,Pass
S1398,Female,B,87.0,1.4,History,59.8,Pass
S1398,Female,B,87.0,1.4,CS,86.1,Pass
S1399,Female,A,74.1,3.9,Maths,68.2,Pass
S1399,Female,A,74.1,3.9,Science,80.4,Pass
S1399,Female,A,74.1,3.9,English,62.3,Pass
S1399,Female,A,74.1,3.9,History,97.4,Pass
S1399,Female,A,74.1,3.9,CS,60.7,Pass
S1400,Male,C,84.2,5.0,Maths,80.9,Pass
S1400,Male,C,84.2,5.0,Science,59.0,Pass
S1400,Male,C,84.2,5.0,English,79.8,Pass
S1400,Male,C,84.2,5.0,History,76.0,Pass
S1400,Male,C,84.2,5.0,CS,91.6,Pass
S1401,Male,B,58.9,5.3,Maths,68.9,Pass
S1401,Male,B,58.9,5.3,Science,84.6,Pass
S1401,Male,B,58.9,5.3,English,62.9,Pass
S1401,Male,B,58.9,5.3,History,70.3,Pass
S1401,Male,B,58.9,5.3,CS,70.5,Pass
S1402,Male,A,54.9,4.2,Maths,74.8,Pass
S1402,Male,A,54.9,4.2,Science,73.5,Pass
S1402,Male,A,54.9,4.2,English,77.0,Pass
S1402,Male,A,54.9,4.2,History,72.5,Pass
S1402,Male,A,54.9,4.2,CS,76.4,Pass
S1403,Female,B,77.8,5.4,Maths,70.2,Pass
S1403,Female,B,77.8,5.4,Science,83.1,Pass
S1403,Female,B,77.8,5.4,English,95.3,Pass
S1403,Female,B,77.8,5.4,History,62.4,Pass
S1403,Female,B,77.8,5.4,CS,84.1,Pass
S1404,Male,D,62.1,5.1,Maths,80.6,Pass
S1404,Male,D,62.1,5.1,Science,88.4,Pass
S1404,Male,D,62.1,5.1,English,81.1,Pass
S1404,Male,D,62.1,5.1,History,74.8,Pass
S1404,Male,D,62.1,5.1,CS,78.1,Pass
S1405,Male,B,50.8,5.7,Maths,64.2,Pass
S1405,Male,B,50.8,5.7,Science,67.7,Pass
S1405,Male,B,50.8,5.7,English,58.2,Pass
S1405,Male,B,50.8,5.7,History,86.5,Pass
S1405,Male,B,50.8,5.7,CS,76.1,Pass
S1406,Male,D,67.2,5.5,Maths,67.0,Pass
S1406,Male,D,67.2,5.5,Science,78.8,Pass
S1406,Male,D,67.2,5.5,English,87.7,Pass
S1406,Male,D,67.2,5.5,History,86.0,Pass
S1406,Male,D,67.2,5.5,CS,66.8,Pass
S1407,Female,B,82.3,6.4,Maths,51.1,Pass
S1407,Female,B,82.3,6.4,Science,86.3,Pass
S1407,Female,B,82.3,6.4,English,73.5,Pass
S1407,Female,B,82.3,6.4,History,88.6,Pass
S1407,Female,B,82.3,6.4,CS,91.9,Pass
S1408,Male,A,47.6,3.7,Maths,77.9,Pass
S1408,Male,A,47.6,3.7,Science,84.2,Pass
S1408,Male,A,47.6,3.7,English,79.1,Pass
S1408,Male,A,47.6,3.7,History,84.3,Pass
S1408,Male,A,47.6,3.7,CS,80.6,Pass
S1409,Female,B,93.7,2.0,Maths,91.8,Pass
S1409,Female,B,93.7,2.0,Science,76.7,Pass
S1409,Female,B,93.7,2.0,English,64.2,Pass
S1409,Female,B,93.7,2.0,History,100.0,Pass
S1409,Female,B,93.7,2.0,CS,77.7,Pass
S1410,Female,B,88.3,5.0,Maths,93.8,Pass
S1410,Female,B,88.3,5.0,Science,76.0,Pass
S1410,Female,B,88.3,5.0,English,91.1,Pass
S1410,Female,B,88.3,5.0,History,57.0,Pass
S1410,Female,B,88.3,5.0,CS,77.4,Pass
S1411,Female,A,71.7,5.2,Maths,75.9,Pass
S1411,Female,A,71.7,5.2,Science,81.5,Pass
S1411,Female,A,71.7,5.2,English,87.6,Pass
S1411,Female,A,71.7,5.2,History,65.9,Pass
S1411,Female,A,71.7,5.2,CS,83.5,Pass
S1412,Female,C,81.1,6.4,Maths,94.3,Pass
S1412,Female,C,81.1,6.4,Science,100.0,Pass
S1412,Female,C,81.1,6.4,English,89.1,Pass
S1412,Female,C,81.1,6.4,History,77.4,Pass
S1412,Female,C,81.1,6.4,CS,69.3,Pass
S1413,Female,B,68.4,5.9,Maths,95.6,Pass
S1413,Female,B,68.4,5.9,Science,84.7,Pass
S1413,Female,B,68.4,5.9,English,77.1,Pass
S1413,Female,B,68.4,5.9,History,61.2,Pass
S1413,Female,B,68.4,5.9,CS,68.0,Pass
S1414,Female,C,78.3,6.9,Maths,88.6,Pass
S1414,Female,C,78.3,6.9,Science,85.9,Pass
S1414,Female,C,78.3,6.9,English,62.9,Pass
S1414,Female,C,78.3,6.9,History,88.7,Pass
S1414,Female,C,78.3,6.9,CS,66.7,Pass
S1415,Male,B,66.5,4.9,Maths,88.3,Pass
S1415,Male,B,66.5,4.9,Science,76.9,Pass
S1415,Male,B,66.5,4.9,English,70.2,Pass
S1415,Male,B,66.5,4.9,History,84.7,Pass
S1415,Male,B,66.5,4.9,CS,78.3,Pass
S1416,Female,B,77.7,4.3,Maths,90.2,Pass
S1416,Female,B,77.7,4.3,Science,77.8,Pass
S1416,Female,B,77.7,4.3,English,78.4,Pass
S1416,Female,B,77.7,4.3,History,74.1,Pass
S1416,Female,B,77.7,4.3,CS,79.6,Pass
S1417,Female,B,88.6,1.9,Maths,92.4,Pass
S1417,Female,B,88.6,1.9,Science,70.4,Pass
S1417,Female,B,88.6,1.9,English,81.9,Pass
S1417,Female,B,88.6,1.9,History,66.6,Pass
S1417,Female,B,88.6,1.9,CS,54.8,Pass
S1418,Female,A,82.0,4.5,Maths,80.6,Pass
S1418,Female,A,82.0,4.5,Science,82.2,Pass
S1418,Female,A,82.0,4.5,English,77.4,Pass
S1418,Female,A,82.0,4.5,History,63.6,Pass
S1418,Female,A,82.0,4.5,CS,81.6,Pass
S1419,Female,C,65.8,3.2,Maths,73.7,Pass
S1419,Female,C,65.8,3.2,Science,62.2,Pass
S1419,Female,C,65.8,3.2,English,57.5,Pass
S1419,Female,C,65.8,3.2,History,68.6,Pass
S1419,Female,C,65.8,3.2,CS,77.6,Pass
S1420,Female,A,74.0,4.3,Maths,80.0,Pass
S1420,Female,A,74.0,4.3,Science,67.0,Pass
S1420,Female,A,74.0,4.3,English,77.2,Pass
S1420,Female,A,74.0,4.3,History,84.7,Pass
S1420,Female,A,74.0,4.3,CS,64.1,Pass
S1421,Female,C,95.8,4.1,Maths,82.5,Pass
S1421,Female,C,95.8,4.1,Science,95.3,Pass
S1421,Female,C,95.8,4.1,English,69.2,Pass
S1421,Female,C,95.8,4.1,History,93.5,Pass
S1421,Female,C,95.8,4.1,CS,98.1,Pass
S1422,Male,D,58.6,4.7,Maths,69.8,Pass
S1422,Male,D,58.6,4.7,Science,68.6,Pass
S1422,Male,D,58.6,4.7,English,82.3,Pass
S1422,Male,D,58.6,4.7,History,70.1,Pass
S1422,Male,D,58.6,4.7,CS,48.5,Pass
S1423,Male,D,84.5,3.9,Maths,77.1,Pass
S1423,Male,D,84.5,3.9,Science,82.8,Pass
S1423,Male,D,84.5,3.9,English,85.5,Pass
S1423,Male,D,84.5,3.9,History,69.3,Pass
S1423,Male,D,84.5,3.9,CS,75.4,Pass
S1424,Male,B,62.9,5.4,Maths,84.4,Pass
S1424,Male,B,62.9,5.4,Science,74.1,Pass
S1424,Male,B,62.9,5.4,English,59.4,Pass
S1424,Male,B,62.9,5.4,History,87.0,Pass
S1424,Male,B,62.9,5.4,CS,72.5,Pass
S1425,Male,B,81.7,0.5,Maths,81.4,Pass
S1425,Male,B,81.7,0.5,Science,56.5,Pass
S1425,Male,B,81.7,0.5,English,69.3,Pass
S1425,Male,B,81.7,0.5,History,75.6,Pass
S1425,Male,B,81.7,0.5,CS,69.6,Pass
S1426,Male,D,65.7,4.3,Maths,61.5,Pass
S1426,Male,D,65.7,4.3,Science,49.4,Pass
S1426,Male,D,65.7,4.3,English,88.5,Pass
S1426,Male,D,65.7,4.3,History,75.8,Pass
S1426,Male,D,65.7,4.3,CS,85.0,Pass
S1427,Male,B,73.0,5.8,Maths,87.8,Pass
S1427,Male,B,73.0,5.8,Science,84.5,Pass
S1427,Male,B,73.0,5.8,English,75.3,Pass
S1427,Male,B,73.0,5.8,History,83.4,Pass
S1427,Male,B,73.0,5.8,CS,92.8,Pass
S1428,Male,B,73.9,6.8,Maths,81.6,Pass
S1428,Male,B,73.9,6.8,Science,99.8,Pass
S1428,Male,B,73.9,6.8,English,65.8,Pass
S1428,Male,B,73.9,6.8,History,64.7,Pass
S1428,Male,B,73.9,6.8,CS,90.7,Pass
S1429,Female,D,51.2,5.1,Maths,62.4,Pass
S1429,Female,D,51.2,5.1,Science,91.0,Pass
S1429,Female,D,51.2,5.1,English,83.9,Pass
S1429,Female,D,51.2,5.1,History,86.4,Pass
S1429,Female,D,51.2,5.1,CS,79.4,Pass
S1430,Male,D,97.0,6.5,Maths,78.0,Pass
S1430,Male,D,97.0,6.5,Science,70.6,Pass
S1430,Male,D,97.0,6.5,English,100.0,Pass
S1430,Male,D,97.0,6.5,History,72.2,Pass
S1430,Male,D,97.0,6.5,CS,100.0,Pass
S1431,Female,D,79.7,4.3,Maths,84.1,Pass
S1431,Female,D,79.7,4.3,Science,76.7,Pass
S1431,Female,D,79.7,4.3,English,81.8,Pass
S1431,Female,D,79.7,4.3,History,82.1,Pass
S1431,Female,D,79.7,4.3,CS,75.4,Pass
S1432,Female,A,97.4,4.0,Maths,96.5,Pass
S1432,Female,A,97.4,4.0,Science,96.2,Pass
S1432,Female,A,97.4,4.0,English,83.8,Pass
S1432,Female,A,97.4,4.0,History,76.2,Pass
S1432,Female,A,97.4,4.0,CS,95.3,Pass
S1433,Male,D,84.8,4.8,Maths,59.8,Pass
S1433,Male,D,84.8,4.8,Science,84.5,Pass
S1433,Male,D,84.8,4.8,English,87.4,Pass
S1433,Male,D,84.8,4.8,History,71.7,Pass
S1433,Male,D,84.8,4.8,CS,89.8,Pass
S1434,Male,A,72.6,4.0,Maths,74.5,Pass
S1434,Male,A,72.6,4.0,Science,69.3,Pass
S1434,Male,A,72.6,4.0,English,84.4,Pass
S1434,Male,A,72.6,4.0,History,63.9,Pass
S1434,Male,A,72.6,4.0,CS,83.5,Pass
S1435,Male,C,80.7,2.8,Maths,55.0,Pass
S1435,Male,C,80.7,2.8,Science,77.7,Pass
S1435,Male,C,80.7,2.8,English,75.3,Pass
S1435,Male,C,80.7,2.8,History,69.5,Pass
S1435,Male,C,80.7,2.8,CS,78.8,Pass
S1436,Female,D,67.6,3.2,Maths,70.9,Pass
S1436,Female,D,67.6,3.2,Science,82.3,Pass
S1436,Female,D,67.6,3.2,English,77.3,Pass
S1436,Female,D,67.6,3.2,History,76.3,Pass
S1436,Female,D,67.6,3.2,CS,74.6,Pass
S1437,Male,C,68.6,2.3,Maths,65.5,Pass
S1437,Male,C,68.6,2.3,Science,67.2,Pass
S1437,Male,C,68.6,2.3,English,72.7,Pass
S1437,Male,C,68.6,2.3,History,68.5,Pass
S1437,Male,C,68.6,2.3,CS,81.4,Pass
S1438,Male,D,96.1,4.8,Maths,84.3,Pass
S1438,Male,D,96.1,4.8,Science,87.2,Pass
S1438,Male,D,96.1,4.8,English,69.4,Pass
S1438,Male,D,96.1,4.8,History,92.8,Pass
S1438,Male,D,96.1,4.8,CS,77.6,Pass
S1439,Female,B,84.2,4.0,Maths,67.9,Pass
S1439,Female,B,84.2,4.0,Science,94.7,Pass
S1439,Female,B,84.2,4.0,English,85.3,Pass
S1439,Female,B,84.2,4.0,History,88.1,Pass
S1439,Female,B,84.2,4.0,CS,82.8,Pass
S1440,Female,B,84.7,3.5,Maths,76.4,Pass
S1440,Female,B,84.7,3.5,Science,74.5,Pass
S1440,Female,B,84.7,3.5,English,85.1,Pass
S1440,Female,B,84.7,3.5,History,88.7,Pass
S1440,Female,B,84.7,3.5,CS,76.7,Pass
S1441,Male,B,63.5,3.1,Maths,91.1,Pass
S1441,Male,B,63.5,3.1,Science,68.4,Pass
S1441,Male,B,63.5,3.1,English,56.4,Pass
S1441,Male,B,63.5,3.1,History,53.1,Pass
S1441,Male,B,63.5,3.1,CS,53.5,Pass
S1442,Male,B,83.3,4.8,Maths,75.4,Pass
S1442,Male,B,83.3,4.8,Science,77.2,Pass
S1442,Male,B,83.3,4.8,English,86.3,Pass
S1442,Male,B,83.3,4.8,History,79.2,Pass
S1442,Male,B,83.3,4.8,CS,88.0,Pass
S1443,Male,C,85.0,5.2,Maths,81.3,Pass
S1443,Male,C,85.0,5.2,Science,81.0,Pass
S1443,Male,C,85.0,5.2,English,75.1,Pass
S1443,Male,C,85.0,5.2,History,95.1,Pass
S1443,Male,C,85.0,5.2,CS,65.5,Pass
S1444,Male,B,68.6,2.3,Maths,73.2,Pass
S1444,Male,B,68.6,2.3,Science,68.4,Pass
S1444,Male,B,68.6,2.3,English,78.0,Pass
S1444,Male,B,68.6,2.3,History,70.0,Pass
S1444,Male,B,68.6,2.3,CS,70.3,Pass
S1445,Male,C,90.2,2.1,Maths,73.5,Pass
S1445,Male,C,90.2,2.1,Science,90.1,Pass
S1445,Male,C,90.2,2.1,English,76.2,Pass
S1445,Male,C,90.2,2.1,History,95.9,Pass
S1445,Male,C,90.2,2.1,CS,78.9,Pass
S1446,Female,B,81.7,5.4,Maths,80.6,Pass
S1446,Female,B,81.7,5.4,Science,78.9,Pass
S1446,Female,B,81.7,5.4,English,86.0,Pass
S1446,Female,B,81.7,5.4,History,74.5,Pass
S1446,Female,B,81.7,5.4,CS,81.8,Pass
S1447,Female,B,85.6,1.9,Maths,74.6,Pass
S1447,Female,B,85.6,1.9,Science,77.8,Pass
S1447,Female,B,85.6,1.9,English,78.1,Pass
S1447,Female,B,85.6,1.9,History,78.6,Pass
S1447,Female,B,85.6,1.9,CS,75.5,Pass
S1448,Female,A,88.1,4.8,Maths,96.7,Pass
S1448,Female,A,88.1,4.8,Science,85.3,Pass
S1448,Female,A,88.1,4.8,English,100.0,Pass
S1448,Female,A,88.1,4.8,History,81.6,Pass
S1448,Female,A,88.1,4.8,CS,90.6,Pass
S1449,Female,C,85.5,6.4,Maths,76.2,Pass
S1449,Female,C,85.5,6.4,Science,97.5,Pass
S1449,Female,C,85.5,6.4,English,76.5,Pass
S1449,Female,C,85.5,6.4,History,88.1,Pass
S1449,Female,C,85.5,6.4,CS,80.9,Pass
S1450,Male,D,84.6,6.4,Maths,87.7,Pass
S1450,Male,D,84.6,6.4,Science,80.9,Pass
S1450,Male,D,84.6,6.4,English,75.3,Pass
S1450,Male,D,84.6,6.4,History,80.5,Pass
S1450,Male,D,84.6,6.4,CS,98.6,Pass
S1451,Female,D,96.0,5.1,Maths,88.7,Pass
S1451,Female,D,96.0,5.1,Science,71.1,Pass
S1451,Female,D,96.0,5.1,English,95.0,Pass
S1451,Female,D,96.0,5.1,History,75.1,Pass
S1451,Female,D,96.0,5.1,CS,91.4,Pass
S1452,Female,B,94.1,5.1,Maths,88.9,Pass
S1452,Female,B,94.1,5.1,Science,89.5,Pass
S1452,Female,B,94.1,5.1,English,100.0,Pass
S1452,Female,B,94.1,5.1,History,75.1,Pass
S1452,Female,B,94.1,5.1,CS,89.5,Pass
S1453,Female,B,85.7,7.4,Maths,98.0,Pass
S1453,Female,B,85.7,7.4,Science,79.0,Pass
S1453,Female,B,85.7,7.4,English,78.0,Pass
S1453,Female,B,85.7,7.4,History,82.6,Pass
S1453,Female,B,85.7,7.4,CS,88.7,Pass
S1454,Female,C,73.6,0.5,Maths,54.0,Pass
S1454,Female,C,73.6,0.5,Science,73.6,Pass
S1454,Female,C,73.6,0.5,English,54.0,Pass
S1454,Female,C,73.6,0.5,History,81.0,Pass
S1454,Female,C,73.6,0.5,CS,73.2,Pass
S1455,Male,C,92.4,3.3,Maths,98.5,Pass
S1455,Male,C,92.4,3.3,Science,86.0,Pass
S1455,Male,C,92.4,3.3,English,76.3,Pass
S1455,Male,C,92.4,3.3,History,71.3,Pass
S1455,Male,C,92.4,3.3,CS,81.7,Pass
S1456,Male,A,67.9,5.3,Maths,75.6,Pass
S1456,Male,A,67.9,5.3,Science,87.8,Pass
S1456,Male,A,67.9,5.3,English,66.6,Pass
S1456,Male,A,67.9,5.3,History,96.1,Pass
S1456,Male,A,67.9,5.3,CS,88.6,Pass
S1457,Male,C,83.5,3.5,Maths,75.0,Pass
S1457,Male,C,83.5,3.5,Science,95.0,Pass
S1457,Male,C,83.5,3.5,English,69.2,Pass
S1457,Male,C,83.5,3.5,History,79.1,Pass
S1457,Male,C,83.5,3.5,CS,64.3,Pass
S1458,Male,A,79.4,5.9,Maths,99.0,Pass
S1458,Male,A,79.4,5.9,Science,64.1,Pass
S1458,Male,A,79.4,5.9,English,66.1,Pass
S1458,Male,A,79.4,5.9,History,74.2,Pass
S1458,Male,A,79.4,5.9,CS,93.8,Pass
S1459,Female,A,88.1,3.9,Maths,88.9,Pass
S1459,Female,A,88.1,3.9,Science,80.5,Pass
S1459,Female,A,88.1,3.9,English,89.5,Pass
S1459,Female,A,88.1,3.9,History,78.2,Pass
S1459,Female,A,88.1,3.9,CS,83.5,Pass
S1460,Male,C,86.6,4.2,Maths,95.9,Pass
S1460,Male,C,86.6,4.2,Science,76.9,Pass
S1460,Male,C,86.6,4.2,English,71.7,Pass
S1460,Male,C,86.6,4.2,History,84.1,Pass
S1460,Male,C,86.6,4.2,CS,86.8,Pass
S1461,Female,A,54.6,3.6,Maths,69.7,Pass
S1461,Female,A,54.6,3.6,Science,78.6,Pass
S1461,Female,A,54.6,3.6,English,66.5,Pass
S1461,Female,A,54.6,3.6,History,69.8,Pass
S1461,Female,A,54.6,3.6,CS,72.3,Pass
S1462,Female,B,57.2,3.2,Maths,71.5,Pass
S1462,Female,B,57.2,3.2,Science,84.7,Pass
S1462,Female,B,57.2,3.2,English,72.3,Pass
S1462,Female,B,57.2,3.2,History,65.6,Pass
S1462,Female,B,57.2,3.2,CS,73.9,Pass
S1463,Male,C,78.7,3.2,Maths,85.1,Pass
S1463,Male,C,78.7,3.2,Science,82.7,Pass
S1463,Male,C,78.7,3.2,English,82.2,Pass
S1463,Male,C,78.7,3.2,History,60.0,Pass
S1463,Male,C,78.7,3.2,CS,50.0,Pass
S1464,Male,C,64.2,4.4,Maths,85.8,Pass
S1464,Male,C,64.2,4.4,Science,77.5,Pass
S1464,Male,C,64.2,4.4,English,72.9,Pass
S1464,Male,C,64.2,4.4,History,80.0,Pass
S1464,Male,C,64.2,4.4,CS,92.3,Pass
S1465,Female,B,93.9,2.8,Maths,93.0,Pass
S1465,Female,B,93.9,2.8,Science,88.5,Pass
S1465,Female,B,93.9,2.8,English,70.0,Pass
S1465,Female,B,93.9,2.8,History,71.3,Pass
S1465,Female,B,93.9,2.8,CS,55.0,Pass
S1466,Female,A,89.3,5.4,Maths,89.0,Pass
S1466,Female,A,89.3,5.4,Science,93.7,Pass
S1466,Female,A,89.3,5.4,English,94.6,Pass
S1466,Female,A,89.3,5.4,History,89.4,Pass
S1466,Female,A,89.3,5.4,CS,81.1,Pass
S1467,Male,D,50.5,5.0,Maths,64.5,Pass
S1467,Male,D,50.5,5.0,Science,61.9,Pass
S1467,Male,D,50.5,5.0,English,68.5,Pass
S1467,Male,D,50.5,5.0,History,60.3,Pass
S1467,Male,D,50.5,5.0,CS,87.7,Pass
S1468,Male,D,81.8,5.6,Maths,67.8,Pass
S1468,Male,D,81.8,5.6,Science,78.9,Pass
S1468,Male,D,81.8,5.6,English,61.5,Pass
S1468,Male,D,81.8,5.6,History,83.8,Pass
S1468,Male,D,81.8,5.6,CS,80.8,Pass
S1469,Female,D,52.4,2.3,Maths,61.8,Pass
S1469,Female,D,52.4,2.3,Science,56.0,Pass
S1469,Female,D,52.4,2.3,English,65.4,Pass
S1469,Female,D,52.4,2.3,History,59.9,Pass
S1469,Female,D,52.4,2.3,CS,64.0,Pass
S1470,Male,C,95.7,1.5,Maths,96.2,Pass
S1470,Male,C,95.7,1.5,Science,78.3,Pass
S1470,Male,C,95.7,1.5,English,81.9,Pass
S1470,Male,C,95.7,1.5,History,72.0,Pass
S1470,Male,C,95.7,1.5,CS,68.8,Pass
S1471,Female,B,71.8,4.0,Maths,74.3,Pass
S1471,Female,B,71.8,4.0,Science,99.6,Pass
S1471,Female,B,71.8,4.0,English,71.7,Pass
S1471,Female,B,71.8,4.0,History,78.1,Pass
S1471,Female,B,71.8,4.0,CS,66.2,Pass
S1472,Male,D,87.5,8.3,Maths,60.4,Pass
S1472,Male,D,87.5,8.3,Science,80.0,Pass
S1472,Male,D,87.5,8.3,English,100.0,Pass
S1472,Male,D,87.5,8.3,History,93.9,Pass
S1472,Male,D,87.5,8.3,CS,100.0,Pass
S1473,Male,B,92.9,5.9,Maths,81.2,Pass
S1473,Male,B,92.9,5.9,Science,61.1,Pass
S1473,Male,B,92.9,5.9,English,73.6,Pass
S1473,Male,B,92.9,5.9,History,88.6,Pass
S1473,Male,B,92.9,5.9,CS,87.0,Pass
S1474,Male,A,82.8,3.2,Maths,76.1,Pass
S1474,Male,A,82.8,3.2,Science,70.9,Pass
S1474,Male,A,82.8,3.2,English,85.6,Pass
S1474,Male,A,82.8,3.2,History,71.2,Pass
S1474,Male,A,82.8,3.2,CS,79.3,Pass
S1475,Male,D,89.4,4.6,Maths,83.0,Pass
S1475,Male,D,89.4,4.6,Science,77.4,Pass
S1475,Male,D,89.4,4.6,English,72.3,Pass
S1475,Male,D,89.4,4.6,History,76.8,Pass
S1475,Male,D,89.4,4.6,CS,99.8,Pass
S1476,Male,B,97.4,5.1,Maths,95.5,Pass
S1476,Male,B,97.4,5.1,Science,94.6,Pass
S1476,Male,B,97.4,5.1,English,76.5,Pass
S1476,Male,B,97.4,5.1,History,70.0,Pass
S1476,Male,B,97.4,5.1,CS,95.4,Pass
S1477,Male,D,92.3,1.9,Maths,85.6,Pass
S1477,Male,D,92.3,1.9,Science,77.9,Pass
S1477,Male,D,92.3,1.9,English,72.9,Pass
S1477,Male,D,92.3,1.9,History,61.9,Pass
S1477,Male,D,92.3,1.9,CS,85.2,Pass
S1478,Female,B,91.6,6.1,Maths,96.4,Pass
S1478,Female,B,91.6,6.1,Science,77.8,Pass
S1478,Female,B,91.6,6.1,English,77.0,Pass
S1478,Female,B,91.6,6.1,History,97.0,Pass
S1478,Female,B,91.6,6.1,CS,78.2,Pass
S1479,Male,D,90.1,3.7,Maths,97.3,Pass
S1479,Male,D,90.1,3.7,Science,78.5,Pass
S1479,Male,D,90.1,3.7,English,75.7,Pass
S1479,Male,D,90.1,3.7,History,80.0,Pass
S1479,Male,D,90.1,3.7,CS,75.7,Pass
S1480,Male,C,73.6,3.9,Maths,86.1,Pass
S1480,Male,C,73.6,3.9,Science,83.7,Pass
S1480,Male,C,73.6,3.9,English,85.7,Pass
S1480,Male,C,73.6,3.9,History,76.6,Pass
S1480,Male,C,73.6,3.9,CS,70.2,Pass
S1481,Male,B,92.8,4.0,Maths,80.8,Pass
S1481,Male,B,92.8,4.0,Science,76.7,Pass
S1481,Male,B,92.8,4.0,English,95.6,Pass
S1481,Male,B,92.8,4.0,History,90.9,Pass
S1481,Male,B,92.8,4.0,CS,80.0,Pass
S1482,Male,B,92.0,5.7,Maths,74.8,Pass
S1482,Male,B,92.0,5.7,Science,99.4,Pass
S1482,Male,B,92.0,5.7,English,85.4,Pass
S1482,Male,B,92.0,5.7,History,82.7,Pass
S1482,Male,B,92.0,5.7,CS,99.5,Pass
S1483,Female,D,89.7,2.9,Maths,72.5,Pass
S1483,Female,D,89.7,2.9,Science,74.4,Pass
S1483,Female,D,89.7,2.9,English,75.3,Pass
S1483,Female,D,89.7,2.9,History,64.5,Pass
S1483,Female,D,89.7,2.9,CS,80.8,Pass
S1484,Male,A,75.9,1.4,Maths,63.0,Pass
S1484,Male,A,75.9,1.4,Science,64.9,Pass
S1484,Male,A,75.9,1.4,English,63.6,Pass
S1484,Male,A,75.9,1.4,History,64.8,Pass
S1484,Male,A,75.9,1.4,CS,62.2,Pass
S1485,Female,B,76.8,4.5,Maths,79.5,Pass
S1485,Female,B,76.8,4.5,Science,75.4,Pass
S1485,Female,B,76.8,4.5,English,77.5,Pass
S1485,Female,B,76.8,4.5,History,100.0,Pass
S1485,Female,B,76.8,4.5,CS,75.4,Pass
S1486,Male,B,86.3,0.9,Maths,78.8,Pass
S1486,Male,B,86.3,0.9,Science,79.9,Pass
S1486,Male,B,86.3,0.9,English,72.1,Pass
S1486,Male,B,86.3,0.9,History,75.5,Pass
S1486,Male,B,86.3,0.9,CS,73.0,Pass
S1487,Female,C,69.7,3.5,Maths,75.0,Pass
S1487,Female,C,69.7,3.5,Science,67.2,Pass
S1487,Female,C,69.7,3.5,English,68.1,Pass
S1487,Female,C,69.7,3.5,History,73.2,Pass
S1487,Female,C,69.7,3.5,CS,53.3,Pass
S1488,Male,B,63.8,5.8,Maths,90.7,Pass
S1488,Male,B,63.8,5.8,Science,97.3,Pass
S1488,Male,B,63.8,5.8,English,77.4,Pass
S1488,Male,B,63.8,5.8,History,82.4,Pass
S1488,Male,B,63.8,5.8,CS,86.5,Pass
S1489,Female,C,94.0,4.9,Maths,69.7,Pass
S1489,Female,C,94.0,4.9,Science,92.2,Pass
S1489,Female,C,94.0,4.9,English,78.7,Pass
S1489,Female,C,94.0,4.9,History,100.0,Pass
S1489,Female,C,94.0,4.9,CS,81.1,Pass
S1490,Male,B,88.7,5.6,Maths,91.8,Pass
S1490,Male,B,88.7,5.6,Science,80.9,Pass
S1490,Male,B,88.7,5.6,English,100.0,Pass
S1490,Male,B,88.7,5.6,History,77.6,Pass
S1490,Male,B,88.7,5.6,CS,94.4,Pass
S1491,Male,A,39.1,4.9,Maths,72.9,Pass
S1491,Male,A,39.1,4.9,Science,70.6,Pass
S1491,Male,A,39.1,4.9,English,68.9,Pass
S1491,Male,A,39.1,4.9,History,59.9,Pass
S1491,Male,A,39.1,4.9,CS,40.7,Pass
S1492,Female,A,93.5,7.6,Maths,99.0,Pass
S1492,Female,A,93.5,7.6,Science,83.4,Pass
S1492,Female,A,93.5,7.6,English,100.0,Pass
S1492,Female,A,93.5,7.6,History,91.8,Pass
S1492,Female,A,93.5,7.6,CS,100.0,Pass
S1493,Female,C,79.8,3.1,Maths,83.2,Pass
S1493,Female,C,79.8,3.1,Science,50.5,Pass
S1493,Female,C,79.8,3.1,English,81.3,Pass
S1493,Female,C,79.8,3.1,History,71.7,Pass
S1493,Female,C,79.8,3.1,CS,86.8,Pass
S1494,Female,B,89.6,4.6,Maths,87.0,Pass
S1494,Female,B,89.6,4.6,Science,87.1,Pass
S1494,Female,B,89.6,4.6,English,78.3,Pass
S1494,Female,B,89.6,4.6,History,71.9,Pass
S1494,Female,B,89.6,4.6,CS,76.7,Pass
S1495,Male,B,75.7,3.3,Maths,56.4,Pass
S1495,Male,B,75.7,3.3,Science,68.5,Pass
S1495,Male,B,75.7,3.3,English,59.7,Pass
S1495,Male,B,75.7,3.3,History,60.0,Pass
S1495,Male,B,75.7,3.3,CS,75.6,Pass
S1496,Female,C,83.8,5.4,Maths,86.3,Pass
S1496,Female,C,83.8,5.4,Science,80.7,Pass
S1496,Female,C,83.8,5.4,English,76.0,Pass
S1496,Female,C,83.8,5.4,History,71.5,Pass
S1496,Female,C,83.8,5.4,CS,77.8,Pass
S1497,Female,B,82.2,3.9,Maths,69.2,Pass
S1497,Female,B,82.2,3.9,Science,76.8,Pass
S1497,Female,B,82.2,3.9,English,62.2,Pass
S1497,Female,B,82.2,3.9,History,84.5,Pass
S1497,Female,B,82.2,3.9,CS,71.8,Pass
S1498,Female,B,76.9,6.6,Maths,85.0,Pass
S1498,Female,B,76.9,6.6,Science,90.1,Pass
S1498,Female,B,76.9,6.6,English,84.5,Pass
S1498,Female,B,76.9,6.6,History,89.2,Pass
S1498,Female,B,76.9,6.6,CS,60.6,Pass
S1499,Male,A,84.1,3.2,Maths,71.7,Pass
S1499,Male,A,84.1,3.2,Science,87.7,Pass
S1499,Male,A,84.1,3.2,English,81.7,Pass
S1499,Male,A,84.1,3.2,History,95.1,Pass
S1499,Male,A,84.1,3.2,CS,93.7,Pass
S1500,Female,B,66.5,6.1,Maths,80.2,Pass
S1500,Female,B,66.5,6.1,Science,74.6,Pass
S1500,Female,B,66.5,6.1,English,67.6,Pass
S1500,Female,B,66.5,6.1,History,72.4,Pass
S1500,Female,B,66.5,6.1,CS,73.1,Pass
